load_id,equipment,distance,posted_rate,predicted_rate,absolute_error
TR-043148,Dry Van,2211.8,4001.45,4088.671740146668,87.22174014666825
TR-043149,Dry Van,1244.7,2466.25,2503.093213975205,36.84321397520489
TR-043150,Reefer,1083.9,2526.28,2576.799625360109,50.519625360108876
TR-043151,Reefer,605.5,1518.22,1551.4421788020768,33.22217880207677
TR-043152,Dry Van,1663.3,2999.76,3101.435881501266,101.67588150126585
TR-043153,Dry Van,780.4,1704.26,1726.6943737292456,22.434373729245635
TR-043154,Reefer,216.5,605.83,624.5656031883169,18.735603188316873
TR-043155,Dry Van,520.5,1176.88,1175.8821997649352,0.9978002350649149
TR-043156,Dry Van,987.8,1900.8,1940.7221600906812,39.922160090681245
TR-043157,Dry Van,945.3,1914.59,1910.9718626837807,3.6181373162191903
TR-043158,Reefer,479.1,1223.46,1212.2778128743266,11.182187125673408
TR-043159,Flatbed,857.4,1941.22,2023.1618216827237,81.94182168272368
TR-043160,Reefer,917.8,2156.97,2230.9709161234136,74.00091612341384
TR-043161,Dry Van,2203.9,4262.62,4302.823546523093,40.20354652309288
TR-043162,Dry Van,639.4,1430.05,1467.4942703346458,37.44427033464581
TR-043163,Dry Van,2754.3,4744.55,4879.585455385385,135.03545538538492
TR-043164,Dry Van,931.0,2022.34,2027.8326556344036,5.492655634403718
TR-043165,Flatbed,1373.6,2990.31,3159.0274312669826,168.71743126698266
TR-043166,Reefer,399.8,982.16,1024.3124199797655,42.15241997976557
TR-043167,Reefer,415.8,1023.56,1060.0095780902298,36.44957809022981
TR-043168,Reefer,1278.8,2873.9,2986.577020359639,112.67702035963885
TR-043169,Flatbed,2049.6,4042.16,4359.633512059652,317.4735120596524
TR-043170,Reefer,246.4,712.29,696.3563305280135,15.93366947198649
TR-043171,Dry Van,884.2,1794.49,1819.5425919381655,25.052591938165506
TR-043172,Flatbed,3014.7,5589.34,5944.097706638897,354.7577066388967
TR-043173,Flatbed,998.5,2086.11,2230.390715736076,144.28071573607576
TR-043174,Dry Van,242.5,579.08,582.9047812918061,3.8247812918060617
TR-043175,Dry Van,449.7,974.24,1003.3989515106273,29.158951510627276
TR-043176,Flatbed,282.2,755.24,772.8625737319531,17.62257373195314
TR-043177,Flatbed,884.8,2004.9,2093.368507206961,88.46850720696102
TR-043178,Dry Van,1022.5,2015.6,2020.9483452485058,5.348345248505893
TR-043179,Flatbed,378.6,906.83,965.0509113761517,58.22091137615166
TR-043180,Flatbed,2336.6,4627.89,4966.172937558907,338.28293755890627
TR-043181,Dry Van,777.6,1500.39,1484.4960056930572,15.893994306942886
TR-043182,Dry Van,277.8,628.71,656.7142967572643,28.00429675726423
TR-043183,Reefer,764.2,1789.15,1801.6371378046306,12.487137804630493
TR-043184,Dry Van,589.6,1184.39,1226.3672557375323,41.97725573753223
TR-043185,Reefer,548.4,6477.13,1336.9189081150582,5140.211091884942
TR-043186,Flatbed,684.8,1498.58,1616.3665006532572,117.78650065325724
TR-043187,Reefer,244.7,757.75,713.1683769325247,44.581623067475334
TR-043188,Dry Van,993.2,2022.07,2003.4555546959004,18.61444530409949
TR-043189,Dry Van,650.6,1372.49,1395.551958231045,23.061958231045082
TR-043190,Dry Van,461.0,1000.3,1052.1402421112587,51.8402421112587
TR-043191,Dry Van,562.0,1206.96,1245.7848928468393,38.82489284683925
TR-043192,Dry Van,470.7,1133.3,1121.875218078148,11.424781921851945
TR-043193,Flatbed,2273.8,4333.35,4541.088262946534,207.73826294653372
TR-043194,Dry Van,1273.2,2647.58,2683.0028627044194,35.42286270441946
TR-043195,Dry Van,495.9,1100.57,1111.2316974400055,10.661697440005582
TR-043196,Flatbed,758.8,1733.31,1804.4233451246691,71.1133451246692
TR-043197,Reefer,2051.9,4360.08,4539.252428239454,179.17242823945435
TR-043198,Dry Van,597.4,1310.24,1338.4796860202603,28.23968602026025
TR-043199,Dry Van,3035.7,5448.66,5548.383631101379,99.7236311013794
TR-043200,Dry Van,210.1,572.62,571.2120783469693,1.4079216530307122
TR-043201,Dry Van,1471.5,2839.21,2861.9945830972597,22.784583097259656
TR-043202,Dry Van,463.4,1033.26,1053.1909528443593,19.930952844359354
TR-043203,Dry Van,1010.9,1986.82,2012.1266630392906,25.306663039290697
TR-043204,Reefer,1124.8,2400.85,2531.195017574659,130.34501757465887
TR-043205,Dry Van,951.8,1936.07,2017.2875276382558,81.21752763825589
TR-043206,Dry Van,988.0,1929.23,1992.500686481859,63.270686481859
TR-043207,Reefer,647.7,1483.98,1558.169507926344,74.18950792634405
TR-043208,Dry Van,2216.0,3829.84,4003.336251521431,173.49625152143108
TR-043209,Dry Van,605.9,1217.54,1268.6165443881964,51.07654438819645
TR-043210,Dry Van,1159.0,2360.65,2377.8660444529623,17.21604445296225
TR-043211,Reefer,922.4,2088.6,2193.8870101750886,105.28701017508865
TR-043212,Dry Van,2784.9,4778.86,5072.853294992296,293.9932949922959
TR-043213,Flatbed,803.1,1722.03,1805.1873117151642,83.15731171516427
TR-043214,Flatbed,637.7,1412.16,1479.1538942331154,66.99389423311527
TR-043215,Reefer,2179.4,4500.92,4565.253776064884,64.33377606488375
TR-043216,Dry Van,1553.5,3181.84,3174.149029370022,7.690970629977983
TR-043217,Dry Van,1203.3,2498.9,2564.6485947341125,65.74859473411243
TR-043218,Dry Van,1635.8,3208.55,3331.924416261054,123.37441626105374
TR-043219,Dry Van,2628.8,4900.51,5018.161348394248,117.65134839424809
TR-043220,Dry Van,1507.7,3028.96,3150.3118189327038,121.35181893270374
TR-043221,Dry Van,458.5,1008.48,1053.7461476791098,45.266147679109736
TR-043222,Reefer,451.9,1170.12,1191.0733686475023,20.95336864750243
TR-043223,Reefer,1005.8,2521.43,2481.742491289739,39.68750871026077
TR-043224,Dry Van,358.0,835.03,848.631385042799,13.601385042799052
TR-043225,Flatbed,2633.9,4810.57,5208.768730629187,398.1987306291876
TR-043226,Reefer,562.6,1244.63,1333.1724854156403,88.54248541564016
TR-043227,Dry Van,678.9,1446.38,1415.316964060914,31.06303593908615
TR-043228,Dry Van,244.1,563.96,580.0324171141277,16.07241711412769
TR-043229,Dry Van,447.2,1023.4,1042.9284068928623,19.528406892862336
TR-043230,Flatbed,607.5,1421.17,1464.8494749332501,43.67947493325005
TR-043231,Dry Van,685.5,1397.01,1419.3133735410474,22.30337354104745
TR-043232,Dry Van,1253.7,2477.14,2570.3646411805466,93.22464118054677
TR-043233,Reefer,632.4,1490.25,1500.0213945492574,9.771394549257366
TR-043234,Dry Van,1283.2,2459.43,2550.7081982388527,91.27819823885284
TR-043235,Dry Van,359.6,789.03,828.2477161125862,39.21771611258623
TR-043236,Dry Van,509.2,1164.68,1184.0748505415363,19.394850541536243
TR-043237,Reefer,2731.3,5555.29,5593.613147559019,38.32314755901916
TR-043238,Dry Van,1875.4,3533.64,3561.6117315713577,27.97173157135785
TR-043239,Dry Van,256.8,648.29,629.4935841233407,18.79641587665924
TR-043240,Dry Van,1435.0,2853.94,2933.04849431574,79.10849431573979
TR-043241,Dry Van,1431.7,2817.95,2802.9732851255358,14.97671487446405
TR-043242,Flatbed,412.3,1002.17,1036.066253908807,33.896253908807125
TR-043243,Dry Van,1434.7,2898.42,2982.3735466468174,83.95354664681736
TR-043244,Reefer,862.0,1968.55,2052.7519740809394,84.20197408093941
TR-043245,Dry Van,624.8,1398.29,1427.6863538550558,29.39635385505585
TR-043246,Dry Van,790.4,1614.53,1644.5389890779543,30.00898907795431
TR-043247,Dry Van,833.4,1793.3,1847.7128248156564,54.41282481565645
TR-043248,Dry Van,2442.1,4537.86,4518.926051985729,18.933948014270754
TR-043249,Dry Van,824.1,1641.95,1675.8605253573764,33.9105253573764
TR-043250,Flatbed,1259.6,2505.88,2690.064756983563,184.1847569835627
TR-043251,Dry Van,1519.1,2902.34,2989.3938769423366,87.0538769423365
TR-043252,Reefer,104.7,311.26,309.647142939832,1.6128570601679826
TR-043253,Dry Van,2267.7,4200.14,4171.081864586413,29.05813541358748
TR-043254,Dry Van,176.0,517.66,488.54104171630945,29.118958283690517
TR-043255,Reefer,1837.0,3773.93,4034.759037648574,260.8290376485743
TR-043256,Reefer,933.6,2219.91,2281.8786181555497,61.96861815554985
TR-043257,Dry Van,538.3,1283.16,1260.4098857066401,22.750114293359957
TR-043258,Dry Van,1522.5,2877.77,2926.4907775558354,48.72077755583541
TR-043259,Dry Van,1726.6,3332.2,3488.734925026957,156.53492502695735
TR-043260,Reefer,2615.5,5124.5,5369.908228588098,245.4082285880977
TR-043261,Reefer,2004.8,4070.24,4189.553737354874,119.31373735487432
TR-043262,Reefer,1123.5,2458.0,2513.5728036173664,55.57280361736639
TR-043263,Dry Van,1039.6,2010.76,2077.7708856960817,67.01088569608169
TR-043264,Dry Van,2254.2,4221.49,4251.541263496243,30.051263496243337
TR-043265,Reefer,959.6,2113.04,2191.753688620151,78.71368862015106
TR-043266,Flatbed,2164.4,4464.73,4665.939192981364,201.20919298136414
TR-043267,Dry Van,2291.1,4310.7,4351.559361951509,40.85936195150953
TR-043268,Reefer,2012.0,4298.29,4413.467339969369,115.17733996936931
TR-043269,Dry Van,734.0,1487.21,1541.6464645731196,54.436464573119565
TR-043270,Dry Van,275.2,650.49,659.3232178873363,8.833217887336332
TR-043271,Dry Van,875.0,1730.09,1797.6291820750607,67.53918207506081
TR-043272,Dry Van,371.4,841.42,847.9640314638451,6.544031463845158
TR-043273,Dry Van,2261.5,4384.26,4352.984317090098,31.27568290990257
TR-043274,Dry Van,561.1,1274.28,1289.4500245327324,15.170024532732441
TR-043275,Dry Van,791.9,1749.18,1771.50752064105,22.327520641049887
TR-043276,Dry Van,1577.7,3134.93,3190.846541486856,55.916541486856204
TR-043277,Dry Van,855.9,1791.66,1921.251913296098,129.59191329609803
TR-043278,Reefer,442.4,1098.12,1146.7902980449858,48.670298044985884
TR-043279,Dry Van,445.9,977.98,999.2006086702451,21.220608670245042
TR-043280,Flatbed,583.0,1398.37,1461.515887685841,63.14588768584122
TR-043281,Dry Van,912.2,1927.67,1989.7819086632019,62.1119086632018
TR-043282,Dry Van,1227.5,2331.68,2479.261772585155,147.58177258515525
TR-043283,Dry Van,1396.3,2846.07,2861.5902777993742,15.520277799374071
TR-043284,Reefer,629.3,1458.78,1508.3557664169318,49.575766416931856
TR-043285,Reefer,489.6,1157.74,1212.4975109717104,54.75751097171042
TR-043286,Dry Van,660.7,1443.07,1488.0441244707076,44.97412447070769
TR-043287,Dry Van,70.0,194.26,194.45719596331386,0.1971959633138738
TR-043288,Reefer,2337.0,5076.68,5196.2923246194105,119.61232461941017
TR-043289,Dry Van,565.0,1140.24,1150.1485106078155,9.908510607815515
TR-043290,Reefer,733.9,1645.12,1709.816828737959,64.6968287379591
TR-043291,Dry Van,407.9,921.92,937.2490177721616,15.329017772161592
TR-043292,Dry Van,699.1,1498.47,1511.7558000915685,13.28580009156849
TR-043293,Reefer,594.4,1456.25,1484.093402658998,27.843402658998002
TR-043294,Flatbed,801.6,1717.39,1783.7646539416814,66.37465394168134
TR-043295,Dry Van,1732.8,3374.09,3370.0056298346003,4.084370165399832
TR-043296,Dry Van,735.6,1509.89,1558.6633217158676,48.773321715867496
TR-043297,Dry Van,70.0,203.0,191.6328340292824,11.367165970717593
TR-043298,Dry Van,414.8,1013.72,1010.042110368691,3.6778896313089717
TR-043299,Flatbed,1869.1,3856.36,4098.601430314437,242.24143031443646
TR-043300,Dry Van,320.9,767.51,784.6633345504149,17.15333455041491
TR-043301,Reefer,1056.2,2447.96,2527.9263405913075,79.96634059130747
TR-043302,Reefer,84.4,280.13,256.3144808769191,23.81551912308089
TR-043303,Reefer,2083.1,13894.55,4670.694644677789,9223.85535532221
TR-043304,Dry Van,684.6,1456.68,1491.438620143566,34.75862014356585
TR-043305,Dry Van,1194.6,2368.1,2446.506371273783,78.40637127378295
TR-043306,Dry Van,1212.8,2279.69,2363.403359703238,83.71335970323798
TR-043307,Dry Van,2824.9,4949.49,5035.929628722707,86.43962872270731
TR-043308,Reefer,2801.8,5510.91,5805.830938883348,294.92093888334784
TR-043309,Dry Van,159.3,432.91,435.8314256926459,2.921425692645869
TR-043310,Reefer,914.5,2142.88,2228.179087788073,85.29908778807294
TR-043311,Reefer,444.9,1200.45,1164.0516016223498,36.39839837765021
TR-043312,Dry Van,1468.5,2968.11,3039.4031431082367,71.29314310823656
TR-043313,Dry Van,2027.3,3842.4,3951.635202014411,109.23520201441079
TR-043314,Flatbed,862.8,1843.79,1912.7060237056453,68.91602370564533
TR-043315,Dry Van,2060.5,3792.71,3937.6915194935395,144.9815194935395
TR-043316,Reefer,1622.8,3421.97,3542.469913155508,120.49991315550824
TR-043317,Dry Van,689.3,1467.83,1491.877937277477,24.047937277477104
TR-043318,Dry Van,562.4,1236.69,1280.0302267753411,43.34022677534108
TR-043319,Dry Van,1776.6,3405.12,3532.872227734836,127.7522277348362
TR-043320,Dry Van,507.6,1143.93,1182.3461261900393,38.41612619003922
TR-043321,Dry Van,664.9,1378.93,1416.907386530894,37.97738653089391
TR-043322,Dry Van,2803.5,5012.79,5120.466881383609,107.67688138360882
TR-043323,Reefer,937.3,2169.46,2283.7654331027347,114.3054331027347
TR-043324,Reefer,2554.1,5024.96,5245.185677797119,220.2256777971188
TR-043325,Reefer,1005.7,2467.62,2469.194693860527,1.574693860527077
TR-043326,Dry Van,2738.2,4932.23,4967.594793395571,35.36479339557172
TR-043327,Dry Van,1210.0,2347.61,2480.872268823535,133.26226882353467
TR-043328,Flatbed,2586.0,4970.96,5363.444310051846,392.48431005184557
TR-043329,Dry Van,1440.3,2770.73,2848.913681962234,78.183681962234
TR-043330,Dry Van,1430.6,2802.12,2840.0106378627424,37.89063786274255
TR-043331,Dry Van,1337.8,2727.55,2737.6553783862846,10.105378386284428
TR-043332,Flatbed,1754.5,3588.13,3744.8927668206234,156.76276682062326
TR-043333,Dry Van,1214.9,2414.96,2500.9002797033595,85.94027970335947
TR-043334,Reefer,1487.4,3168.66,3288.7442801589204,120.08428015892059
TR-043335,Reefer,92.6,274.24,270.2366220583887,4.003377941611291
TR-043336,Flatbed,648.8,1429.94,1529.861450245678,99.92145024567799
TR-043337,Dry Van,762.7,1729.78,1708.9635463883415,20.816453611658517
TR-043338,Reefer,281.2,745.43,759.6281291597229,14.198129159722953
TR-043339,Reefer,2831.4,5505.02,5730.593877395278,225.57387739527712
TR-043340,Flatbed,458.5,1142.27,1201.9824237730963,59.71242377309636
TR-043341,Reefer,225.6,624.99,635.9405166643385,10.950516664338465
TR-043342,Flatbed,1114.2,2301.92,2482.081809844887,180.1618098448871
TR-043343,Flatbed,532.7,1175.29,1270.1250218583175,94.83502185831753
TR-043344,Dry Van,1122.3,2214.59,2225.267574853232,10.677574853231818
TR-043345,Dry Van,1213.2,2592.64,2537.6026495466303,55.03735045336953
TR-043346,Dry Van,1152.6,2287.12,2274.842578797699,12.277421202300957
TR-043347,Reefer,2391.8,4754.03,5193.689437042994,439.6594370429939
TR-043348,Dry Van,497.1,1140.26,1149.4095767368347,9.14957673683466
TR-043349,Dry Van,842.1,1672.88,1726.4791717105154,53.59917171051529
TR-043350,Flatbed,1356.3,2718.68,2904.070693071399,185.39069307139926
TR-043351,Dry Van,233.9,611.62,609.8902976116402,1.729702388359783
TR-043352,Flatbed,1391.0,3094.08,3226.492328530941,132.41232853094107
TR-043353,Dry Van,1475.3,2843.33,2910.2534619167727,66.9234619167728
TR-043354,Flatbed,1096.9,2265.33,2464.5216195217104,199.19161952171044
TR-043355,Dry Van,1140.1,2393.81,2356.1188322985668,37.69116770143319
TR-043356,Dry Van,525.3,1174.22,1163.1885830074161,11.0314169925839
TR-043357,Dry Van,1030.0,2169.9,2230.712472996789,60.81247299678898
TR-043358,Dry Van,1039.7,2168.46,2205.227440989808,36.767440989808165
TR-043359,Flatbed,1697.5,3535.11,3760.025711063686,224.91571106368565
TR-043360,Dry Van,1211.5,2482.49,2554.6103061831514,72.12030618315157
TR-043361,Dry Van,1323.2,2530.95,2620.1946433259436,89.2446433259438
TR-043362,Dry Van,732.4,1481.8,1456.7945189864613,25.005481013538656
TR-043363,Reefer,291.3,836.03,816.947310561533,19.082689438467014
TR-043364,Flatbed,721.1,1721.74,1797.1490151267762,75.40901512677624
TR-043365,Dry Van,1329.0,2529.85,2580.3258003273736,50.47580032737369
TR-043366,Dry Van,2414.8,4621.92,4625.215074653956,3.2950746539563625
TR-043367,Reefer,128.1,386.18,387.85552891915887,1.6755289191588645
TR-043368,Flatbed,1750.6,3633.54,3811.525551048727,177.98555104872685
TR-043369,Dry Van,2445.4,4333.71,4500.617074612048,166.90707461204784
TR-043370,Dry Van,1100.8,2038.03,2114.735256064889,76.70525606488923
TR-043371,Dry Van,1509.4,2825.29,2991.2273657898327,165.9373657898327
TR-043372,Flatbed,389.0,974.77,992.7515282957194,17.981528295719386
TR-043373,Reefer,585.9,1557.11,1546.2908390476903,10.81916095230963
TR-043374,Flatbed,769.4,1673.46,1780.9466864865622,107.48668648656212
TR-043375,Flatbed,137.9,378.74,393.972018360298,15.232018360298014
TR-043376,Dry Van,1018.0,2084.23,2128.7669389437146,44.53693894371463
TR-043377,Reefer,354.1,901.41,931.4921512325423,30.082151232542287
TR-043378,Flatbed,1471.9,3087.75,3257.6351349688953,169.88513496889527
TR-043379,Dry Van,605.0,1262.04,1270.7285018128546,8.68850181285461
TR-043380,Reefer,764.0,1740.07,1807.0284832004065,66.95848320040659
TR-043381,Dry Van,2545.4,4425.69,4578.95945381127,153.26945381127007
TR-043382,Dry Van,956.5,1948.49,1960.3219963612164,11.831996361216397
TR-043383,Dry Van,920.3,1985.82,2015.358161337807,29.53816133780697
TR-043384,Dry Van,1735.4,3312.03,3346.2965488367918,34.26654883679157
TR-043385,Dry Van,1187.0,11696.44,2363.1901726064298,9333.24982739357
TR-043386,Dry Van,180.2,487.55,493.06060315147647,5.5106031514764595
TR-043387,Dry Van,119.5,321.82,324.6703687683153,2.8503687683153203
TR-043388,Reefer,307.1,779.12,801.0858556437242,21.96585564372424
TR-043389,Dry Van,423.5,946.74,954.0763003629243,7.3363003629242485
TR-043390,Reefer,293.5,825.3,828.8350268049147,3.5350268049147644
TR-043391,Flatbed,2559.4,4936.62,5281.519906934998,344.8999069349984
TR-043392,Dry Van,1366.8,2706.68,2756.086455358238,49.40645535823796
TR-043393,Flatbed,467.1,1096.8,1145.0973684608323,48.29736846083233
TR-043394,Dry Van,2294.0,4472.5,4411.125149881548,61.37485011845183
TR-043395,Dry Van,2976.3,4946.27,5235.9323584789,289.6623584788995
TR-043396,Dry Van,286.6,667.99,674.0513409313243,6.061340931324253
TR-043397,Dry Van,443.7,1024.78,1044.0348505458842,19.25485054588421
TR-043398,Flatbed,2317.3,4743.82,4931.294561556706,187.47456155670625
TR-043399,Dry Van,1572.5,2930.65,2950.1145996966848,19.464599696684672
TR-043400,Dry Van,2661.4,4983.92,5004.002459969559,20.08245996955884
TR-043401,Dry Van,593.6,1229.98,1294.373241806058,64.39324180605809
TR-043402,Flatbed,396.8,890.15,955.433580540506,65.28358054050602
TR-043403,Dry Van,1170.4,2371.63,2372.8357425658023,1.2057425658022112
TR-043404,Dry Van,943.7,1904.66,1916.705613474833,12.045613474832862
TR-043405,Dry Van,807.2,1706.76,1717.6101909261288,10.85019092612879
TR-043406,Dry Van,1671.0,3242.19,3266.138038906788,23.948038906788042
TR-043407,Reefer,2499.4,5196.65,5313.4561731362055,116.80617313620587
TR-043408,Dry Van,1118.4,2278.96,2314.268042722355,35.30804272235491
TR-043409,Dry Van,735.0,1485.65,1495.997259942611,10.34725994261089
TR-043410,Dry Van,736.5,1545.59,1549.80359778823,4.213597788230118
TR-043411,Flatbed,2148.9,4135.86,4565.297874934136,429.43787493413674
TR-043412,Flatbed,600.3,1399.65,1431.7769317647483,32.12693176474818
TR-043413,Dry Van,2114.8,3762.94,3937.834923898553,174.89492389855286
TR-043414,Reefer,1847.0,3797.45,4116.180799022386,318.73079902238624
TR-043415,Reefer,879.1,1869.49,1975.9209972000667,106.43099720006671
TR-043416,Flatbed,1519.2,3241.54,3494.066790671641,252.5267906716408
TR-043417,Dry Van,366.1,912.12,908.3780607775568,3.741939222443193
TR-043418,Reefer,1016.7,2326.48,2359.9856102133135,33.5056102133135
TR-043419,Flatbed,611.1,1397.82,1472.8978238692014,75.07782386920144
TR-043420,Dry Van,1989.3,3790.2,3878.408028902624,88.20802890262439
TR-043421,Dry Van,590.5,1211.06,1256.2704768109108,45.210476810910905
TR-043422,Dry Van,588.5,1251.72,1265.6061690293056,13.88616902930562
TR-043423,Dry Van,2269.9,4337.3,4348.3511633661,11.0511633660999
TR-043424,Reefer,579.8,1470.73,1505.2588320109628,34.52883201096279
TR-043425,Reefer,592.0,1414.03,1440.8246595172914,26.794659517291393
TR-043426,Dry Van,739.0,1606.91,1629.5529191804198,22.642919180419767
TR-043427,Reefer,906.6,2215.28,2253.620949321752,38.34094932175185
TR-043428,Dry Van,535.1,1135.72,1169.211795763662,33.49179576366191
TR-043429,Flatbed,881.8,2038.06,2071.2497533117476,33.18975331174761
TR-043430,Reefer,1680.4,3407.25,3572.840182383317,165.59018238331691
TR-043431,Reefer,2645.4,5158.13,5448.296546839974,290.1665468399742
TR-043432,Dry Van,808.4,1608.58,1640.3141868011912,31.7341868011913
TR-043433,Dry Van,2147.8,3888.18,3966.8421129475037,78.66211294750383
TR-043434,Flatbed,224.7,614.52,628.0145645136809,13.49456451368087
TR-043435,Dry Van,704.9,574.1,1484.8326926367479,910.7326926367479
TR-043436,Dry Van,843.1,1888.11,1919.0482037043532,30.938203704353327
TR-043437,Reefer,690.9,1595.86,1690.4204210588455,94.56042105884558
TR-043438,Dry Van,1099.9,2339.89,2353.905407316668,14.015407316668188
TR-043439,Reefer,2131.9,4530.09,4799.119685922993,269.02968592299294
TR-043440,Dry Van,341.7,822.57,822.2301395269102,0.3398604730898569
TR-043441,Flatbed,2261.5,4517.4,4627.741716341713,110.34171634171344
TR-043442,Flatbed,930.4,1992.02,2108.74847912292,116.72847912291991
TR-043443,Dry Van,714.0,1401.38,1438.0643354416782,36.68433544167806
TR-043444,Dry Van,1084.2,2099.72,2107.9611791815437,8.241179181543885
TR-043445,Dry Van,645.0,1326.06,1369.3072554676332,43.247255467633295
TR-043446,Dry Van,2969.9,5179.39,5366.64958921649,187.25958921648999
TR-043447,Dry Van,1235.0,2440.48,2537.504261497911,97.02426149791108
TR-043448,Flatbed,2702.1,5393.16,5739.918675125153,346.7586751251529
TR-043449,Dry Van,1434.7,2941.66,2950.8990216067505,9.239021606750612
TR-043450,Dry Van,379.8,907.34,915.2669407514264,7.9269407514264
TR-043451,Dry Van,469.0,1115.99,1117.9299511341944,1.9399511341944162
TR-043452,Reefer,858.8,2066.62,2134.405760645859,67.78576064585923
TR-043453,Reefer,773.0,1850.9,1974.4989046363767,123.59890463637657
TR-043454,Dry Van,204.9,544.03,540.17102278554,3.858977214459969
TR-043455,Reefer,1638.1,3455.38,3666.041005590186,210.66100559018605
TR-043456,Reefer,1503.5,3247.42,3466.535907017503,219.1159070175031
TR-043457,Reefer,853.8,2055.14,2128.780381779848,73.64038177984821
TR-043458,Dry Van,232.6,561.81,567.3611349807508,5.551134980750817
TR-043459,Reefer,645.9,1530.92,1568.0462354627844,37.12623546278428
TR-043460,Reefer,1489.8,3338.08,3440.3953113424604,102.31531134246052
TR-043461,Reefer,1782.6,3912.89,4080.550983307479,167.660983307479
TR-043462,Dry Van,2867.3,5059.84,5250.0321167835245,190.1921167835244
TR-043463,Dry Van,1980.6,3626.2,3778.2146116442073,152.01461164420743
TR-043464,Flatbed,973.8,2208.66,2272.5968614279855,63.936861427985605
TR-043465,Reefer,819.4,1870.73,1929.9852725933247,59.25527259332466
TR-043466,Flatbed,379.9,884.41,920.2712011615723,35.86120116157235
TR-043467,Flatbed,978.6,2283.48,2207.249618206661,76.23038179333889
TR-043468,Flatbed,494.7,1149.7,1201.494589684553,51.794589684552875
TR-043469,Dry Van,1197.0,2383.72,2422.5923322233302,38.87233222333043
TR-043470,Dry Van,2353.8,4527.45,4491.553277946729,35.89672205327042
TR-043471,Flatbed,532.0,1279.64,1285.823313400836,6.183313400835914
TR-043472,Dry Van,563.1,1207.78,1245.7095378441222,37.92953784412225
TR-043473,Dry Van,2360.4,4573.2,4524.759137492753,48.44086250724649
TR-043474,Reefer,1835.9,3926.18,4057.656555436435,131.47655543643532
TR-043475,Reefer,819.9,2107.89,2070.335839784469,37.55416021553083
TR-043476,Dry Van,1015.3,2069.38,2041.6065153096322,27.773484690367923
TR-043477,Flatbed,1635.3,3639.69,3726.828025449458,87.13802544945793
TR-043478,Flatbed,2079.3,4325.53,4395.450373211794,69.92037321179396
TR-043479,Dry Van,199.2,541.62,534.0971508511387,7.522849148861269
TR-043480,Dry Van,381.6,864.05,864.6072001018282,0.5572001018282435
TR-043481,Dry Van,307.7,789.67,767.9273624078907,21.742637592109304
TR-043482,Dry Van,1858.7,3694.25,3642.624525126914,51.625474873086205
TR-043483,Dry Van,1653.9,3102.58,3145.7055112744465,43.12551127444658
TR-043484,Reefer,1200.6,2760.6,2855.295158804467,94.69515880446716
TR-043485,Reefer,568.2,1347.45,1374.6774436334133,27.22744363341326
TR-043486,Dry Van,843.9,1703.91,1689.860618125371,14.049381874629034
TR-043487,Dry Van,636.2,1365.42,1370.09609683767,4.676096837670002
TR-043488,Dry Van,1227.9,2648.98,2600.798296490093,48.18170350990704
TR-043489,Flatbed,955.3,2110.12,2188.6260732056844,78.50607320568452
TR-043490,Reefer,686.8,1536.64,1610.3633526858944,73.72335268589427
TR-043491,Dry Van,494.1,1116.63,1139.0357226982915,22.405722698291356
TR-043492,Dry Van,1880.5,3806.59,3650.3832532226425,156.2067467773577
TR-043493,Dry Van,958.2,2122.53,2086.433117700692,36.09688229930816
TR-043494,Dry Van,717.3,1531.3,1524.5347228221967,6.7652771778032275
TR-043495,Dry Van,1363.9,2744.43,2760.0154111476913,15.585411147691502
TR-043496,Dry Van,2512.7,4490.45,4576.692427753786,86.24242775378661
TR-043497,Flatbed,497.6,1104.16,1182.891823346629,78.73182334662897
TR-043498,Flatbed,608.4,1433.36,1502.2795845749265,68.9195845749266
TR-043499,Dry Van,776.9,1645.35,1638.9313359871187,6.418664012881209
TR-043500,Reefer,1192.5,2662.01,2702.3881049050233,40.378104905023065
TR-043501,Flatbed,1374.7,2864.16,3068.2709517546787,204.1109517546788
TR-043502,Dry Van,352.4,815.37,814.9910273738741,0.37897262612591476
TR-043503,Flatbed,1701.7,3618.39,3632.296375915598,13.906375915598346
TR-043504,Dry Van,853.4,1740.91,1790.7092857254188,49.79928572541871
TR-043505,Reefer,842.0,1969.27,1938.2043327412173,31.065667258782696
TR-043506,Dry Van,1038.6,2147.08,2134.9788384293493,12.101161570650675
TR-043507,Flatbed,1731.6,3819.43,3830.7515756311514,11.321575631151518
TR-043508,Reefer,1910.1,4201.07,4307.6754908783105,106.60549087831077
TR-043509,Reefer,1678.9,3590.52,3674.399374924347,83.87937492434685
TR-043510,Dry Van,1160.4,2398.53,2289.848976670855,108.68102332914532
TR-043511,Reefer,764.2,1711.77,1720.0710191439834,8.301019143983467
TR-043512,Dry Van,305.5,774.59,767.9247660738631,6.665233926136921
TR-043513,Reefer,2766.0,5521.8,5514.924889670984,6.8751103290160245
TR-043514,Reefer,1771.2,3646.15,3761.364620776948,115.21462077694787
TR-043515,Reefer,868.3,2132.15,2104.7779615869485,27.37203841305154
TR-043516,Flatbed,2312.2,4849.98,4909.644176765996,59.66417676599667
TR-043517,Dry Van,240.5,620.43,605.6735939150469,14.756406084953028
TR-043518,Reefer,365.5,1011.24,988.2993056929895,22.940694307010517
TR-043519,Dry Van,808.0,1629.83,1594.2021932946307,35.62780670536927
TR-043520,Dry Van,2505.2,4652.93,4652.976527543667,0.04652754366634326
TR-043521,Dry Van,615.0,1385.93,1349.8684955880174,36.061504411982696
TR-043522,Dry Van,1104.3,2201.44,2157.0583934100973,44.38160658990273
TR-043523,Flatbed,1955.1,4040.38,4239.490865439069,199.11086543906913
TR-043524,Dry Van,507.9,1176.24,1176.5312838282482,0.2912838282481971
TR-043525,Dry Van,111.7,323.69,305.334074712955,18.35592528704501
TR-043526,Dry Van,3147.1,5465.63,5555.279156565961,89.64915656596077
TR-043527,Dry Van,1804.0,3633.88,3598.513921455186,35.36607854481417
TR-043528,Dry Van,2291.5,4131.55,4169.580071356596,38.03007135659573
TR-043529,Dry Van,860.4,1913.02,1903.9928456423772,9.027154357622749
TR-043530,Dry Van,2242.9,4305.39,4297.684407832069,7.705592167931172
TR-043531,Dry Van,1000.5,2020.28,2049.367904124379,29.087904124379065
TR-043532,Dry Van,359.6,920.36,871.1335627314284,49.22643726857166
TR-043533,Reefer,2260.6,4962.26,4981.473462488921,19.213462488920413
TR-043534,Dry Van,2291.3,4484.17,4342.591953147637,141.5780468523635
TR-043535,Dry Van,1085.2,2279.97,2235.340841472478,44.62915852752167
TR-043536,Dry Van,1276.7,2676.0,2592.8822364605558,83.11776353944424
TR-043537,Flatbed,1561.9,3216.36,3337.9037351227903,121.54373512279017
TR-043538,Dry Van,1537.0,2925.73,2925.5007733959415,0.22922660405856732
TR-043539,Reefer,2303.4,5231.69,5011.062965944669,220.62703405533102
TR-043540,Dry Van,1893.0,17514.11,3637.092264307263,13877.017735692738
TR-043541,Dry Van,1066.7,2131.74,2130.6398338640024,1.1001661359973696
TR-043542,Dry Van,676.7,1419.12,1370.9824285661132,48.137571433886706
TR-043543,Dry Van,760.2,1590.91,1578.035900286857,12.874099713143096
TR-043544,Reefer,885.6,2135.05,2166.2589561071786,31.208956107178437
TR-043545,Dry Van,1995.2,3795.8,3799.815501048002,4.015501048001624
TR-043546,Dry Van,325.7,841.39,812.8788808126641,28.511119187335908
TR-043547,Dry Van,863.5,1881.14,1934.177628911871,53.0376289118708
TR-043548,Dry Van,1274.1,2584.5,2534.607498730941,49.89250126905881
TR-043549,Dry Van,2111.2,3867.37,3835.0904687864486,32.27953121355131
TR-043550,Flatbed,868.7,1992.33,2031.2566125552476,38.92661255524763
TR-043551,Dry Van,1510.0,2854.85,2873.6320537265146,18.782053726514732
TR-043552,Dry Van,257.5,634.0,631.0404728511613,2.9595271488386743
TR-043553,Reefer,1985.3,4305.52,4319.842795531752,14.32279553175158
TR-043554,Flatbed,343.0,896.64,912.7786733136888,16.138673313688855
TR-043555,Dry Van,339.5,750.47,777.4367056746645,26.966705674664468
TR-043556,Dry Van,1204.9,2426.3,2374.6103572353204,51.689642764679775
TR-043557,Dry Van,2173.9,3888.25,3925.3443638257954,37.094363825795426
TR-043558,Dry Van,922.6,2007.17,1930.7911017199776,76.37889828002244
TR-043559,Dry Van,1992.9,3858.38,3791.047151627771,67.33284837222891
TR-043560,Dry Van,218.0,620.2,571.6994451094345,48.50055489056558
TR-043561,Dry Van,3296.4,5909.05,5946.354762864504,37.30476286450357
TR-043562,Dry Van,2736.2,4774.43,4929.119921870212,154.68992187021195
TR-043563,Reefer,686.0,1693.26,1662.5803882806456,30.679611719354398
TR-043564,Dry Van,1019.9,2056.32,2055.6549822216375,0.6650177783626532
TR-043565,Dry Van,228.3,602.77,580.0849302986467,22.685069701353314
TR-043566,Dry Van,267.3,649.32,660.7085772616053,11.388577261605292
TR-043567,Flatbed,2253.6,4603.49,4696.385788429412,92.89578842941228
TR-043568,Dry Van,970.5,2092.92,2113.84347376141,20.92347376141015
TR-043569,Reefer,622.8,1619.31,1586.9792129124,32.3307870875999
TR-043570,Reefer,813.8,1988.15,1990.9650704358235,2.8150704358233725
TR-043571,Dry Van,638.3,1403.26,1428.9072162269867,25.647216226986757
TR-043572,Dry Van,864.1,1748.97,1714.8987954849172,34.071204515082854
TR-043573,Flatbed,542.4,1277.48,1321.5215341970409,44.041534197040846
TR-043574,Dry Van,274.3,678.25,678.52340498005,0.27340498005003155
TR-043575,Dry Van,835.5,1704.81,1758.6043367538898,53.794336753889866
TR-043576,Flatbed,644.1,1501.24,1542.477315650544,41.237315650543906
TR-043577,Flatbed,1497.0,3245.38,3384.765067808738,139.38506780873786
TR-043578,Flatbed,1783.4,3858.97,3907.676100201894,48.70610020189406
TR-043579,Dry Van,1675.9,3163.93,3205.6347610988405,41.70476109884066
TR-043580,Reefer,1815.5,4077.19,4125.503291368655,48.31329136865452
TR-043581,Reefer,907.8,2037.82,2110.6861855966436,72.86618559664362
TR-043582,Reefer,1604.3,3653.22,3681.7053431583713,28.485343158371506
TR-043583,Reefer,2013.9,4179.42,4281.575154878617,102.15515487861649
TR-043584,Dry Van,2118.1,4155.33,4108.562934477464,46.76706552253563
TR-043585,Reefer,484.7,1141.76,1172.0436550230547,30.283655023054735
TR-043586,Dry Van,313.5,729.41,748.667529728195,19.25752972819498
TR-043587,Dry Van,1010.5,2059.41,2082.9973233777782,23.587323377778375
TR-043588,Dry Van,757.1,1550.98,1585.608805815525,34.628805815525084
TR-043589,Reefer,314.3,846.72,837.8354650957167,8.884534904283328
TR-043590,Dry Van,2231.9,4391.59,4320.7144799530115,70.87552004698864
TR-043591,Reefer,2900.8,6011.56,6138.323959613518,126.76395961351773
TR-043592,Dry Van,127.8,360.5,355.5688390111375,4.931160988862473
TR-043593,Dry Van,1952.6,3719.42,3732.7604570682174,13.340457068217347
TR-043594,Dry Van,533.1,1138.44,1128.6215097591785,9.818490240821575
TR-043595,Dry Van,826.3,1815.62,1845.69936027137,30.079360271370206
TR-043596,Dry Van,1714.7,3392.57,3432.3371943141174,39.767194314117205
TR-043597,Flatbed,814.1,2040.58,1988.7568053017426,51.82319469825734
TR-043598,Dry Van,1129.1,2373.1,2318.569370968554,54.5306290314461
TR-043599,Dry Van,2040.6,3871.02,3864.8975994961925,6.122400503807512
TR-043600,Reefer,740.1,1782.45,1823.254097809999,40.80409780999889
TR-043601,Dry Van,2025.3,4020.29,3916.5240146898686,103.76598531013133
TR-043602,Flatbed,592.0,1312.03,1392.0889890941176,80.05898909411758
TR-043603,Dry Van,1105.1,2342.27,2342.4042601774813,0.13426017748133745
TR-043604,Dry Van,1565.9,3220.84,3172.9979909034696,47.842009096530546
TR-043605,Flatbed,1213.8,2734.86,2784.0689430269567,49.208943026956604
TR-043606,Dry Van,2292.4,4300.69,4293.315860576286,7.374139423714041
TR-043607,Reefer,1921.8,4309.19,4363.767713383993,54.577713383993796
TR-043608,Reefer,1176.4,2768.84,2784.6244095582165,15.784409558216339
TR-043609,Dry Van,3096.5,5421.97,5477.94178398962,55.971783989619325
TR-043610,Dry Van,2071.7,4008.9,4006.911167584734,1.988832415266188
TR-043611,Dry Van,534.0,1170.72,1163.0453757035227,7.674624296477305
TR-043612,Flatbed,2696.2,5165.38,5471.819976835933,306.4399768359326
TR-043613,Reefer,321.3,903.02,877.2347747906822,25.785225209317787
TR-043614,Dry Van,784.4,1652.81,1684.105357275699,31.29535727569896
TR-043615,Dry Van,439.7,953.94,961.2700427617601,7.330042761760069
TR-043616,Flatbed,826.0,1842.01,1899.864829751641,57.85482975164109
TR-043617,Dry Van,448.4,1055.81,1050.5643837602188,5.245616239781157
TR-043618,Dry Van,1234.9,2471.27,2425.6604470679213,45.609552932078714
TR-043619,Reefer,1123.5,2713.34,2593.3134817746854,120.0265182253147
TR-043620,Dry Van,728.8,1681.52,1641.2203453618592,40.29965463814074
TR-043621,Dry Van,1562.4,3102.36,3099.813216041212,2.5467839587881826
TR-043622,Dry Van,953.6,1954.35,1970.276553105903,15.926553105903167
TR-043623,Dry Van,988.9,2099.59,2015.2800968953186,84.30990310468155
TR-043624,Reefer,2866.1,6260.64,6228.490266054719,32.149733945281696
TR-043625,Dry Van,1306.6,2574.34,2587.9118804852274,13.571880485227211
TR-043626,Dry Van,1047.1,2164.69,2155.844219514356,8.8457804856439
TR-043627,Flatbed,355.5,920.52,918.1279874314401,2.392012568559835
TR-043628,Reefer,855.6,1923.65,1930.7669136491409,7.11691364914077
TR-043629,Flatbed,872.7,1990.73,2036.0257183043448,45.295718304344746
TR-043630,Flatbed,709.9,1664.69,1644.3414452969082,20.34855470309185
TR-043631,Dry Van,488.3,1137.99,1136.2007913109826,1.7892086890174141
TR-043632,Flatbed,645.1,1504.21,1555.9833360697107,51.773336069710695
TR-043633,Dry Van,656.0,1469.29,1496.0992013818147,26.809201381814773
TR-043634,Dry Van,505.5,1151.86,1166.558252532408,14.698252532408105
TR-043635,Dry Van,629.3,1411.05,1428.5000791708226,17.45007917082262
TR-043636,Dry Van,1424.8,2798.24,2785.9502074457314,12.289792554268388
TR-043637,Dry Van,2232.1,4336.33,4247.406257577806,88.92374242219375
TR-043638,Dry Van,2653.0,4743.68,4784.749482648063,41.06948264806306
TR-043639,Dry Van,2114.2,3959.56,3966.7161590089995,7.156159008999566
TR-043640,Reefer,509.0,1369.01,1340.9394103895168,28.07058961048324
TR-043641,Dry Van,1629.0,3116.04,3102.854976505715,13.185023494284906
TR-043642,Reefer,2173.0,4712.14,4754.939931885915,42.7999318859147
TR-043643,Dry Van,985.2,8236.26,1890.9714364651695,6345.28856353483
TR-043644,Flatbed,937.3,2107.24,2183.7352429383786,76.49524293837885
TR-043645,Reefer,723.3,1636.11,1716.0783643064296,79.96836430642975
TR-043646,Reefer,2077.2,4496.97,4588.086623977363,91.1166239773629
TR-043647,Dry Van,829.0,1760.84,1769.6056115529618,8.7656115529619
TR-043648,Dry Van,283.1,714.11,716.6102292920766,2.5002292920765967
TR-043649,Reefer,1705.1,3624.75,3820.6350457614426,195.8850457614426
TR-043650,Reefer,2303.3,4847.61,4911.115908736195,63.505908736195124
TR-043651,Dry Van,351.9,820.92,824.9766810872503,4.056681087250354
TR-043652,Flatbed,428.0,993.82,1032.1747667153363,38.35476671533627
TR-043653,Dry Van,2008.5,3708.06,3745.672232242622,37.61223224262221
TR-043654,Dry Van,1140.5,2419.17,2325.5417249944358,93.62827500556432
TR-043655,Flatbed,2044.1,4046.09,4160.40723855903,114.31723855902965
TR-043656,Dry Van,2883.7,4938.57,5042.294291213322,103.72429121332243
TR-043657,Flatbed,2037.8,4076.29,4285.596646176221,209.30664617622097
TR-043658,Reefer,1248.7,2792.04,2888.2901155109157,96.25011551091575
TR-043659,Dry Van,2073.0,4024.07,4015.6549973311394,8.41500266886078
TR-043660,Dry Van,1669.4,3412.66,3324.764869306468,87.89513069353188
TR-043661,Dry Van,684.3,1506.16,1445.9131528234038,60.24684717659625
TR-043662,Dry Van,1397.7,2798.93,2780.7733037330895,18.15669626691033
TR-043663,Flatbed,1993.5,4036.53,4152.068681080522,115.53868108052166
TR-043664,Dry Van,940.6,1861.61,1818.1196581189454,43.49034188105452
TR-043665,Dry Van,662.7,1419.09,1364.4776641286082,54.61233587139168
TR-043666,Flatbed,560.8,1329.77,1345.1136826477066,15.3436826477066
TR-043667,Dry Van,886.2,1776.12,1760.6840988926808,15.435901107319069
TR-043668,Flatbed,694.1,1577.96,1643.815928693225,65.855928693225
TR-043669,Reefer,2046.0,4340.8,4488.734174128467,147.93417412846702
TR-043670,Reefer,1686.4,3787.11,3746.6509155770873,40.45908442291284
TR-043671,Dry Van,1708.9,3276.76,3257.3400102917744,19.419989708225785
TR-043672,Dry Van,1789.5,3482.73,3481.44230747014,1.2876925298601236
TR-043673,Flatbed,1061.1,2257.75,2336.036848823214,78.28684882321386
TR-043674,Flatbed,2071.4,1274.95,4448.008903063415,3173.0589030634155
TR-043675,Flatbed,936.6,2050.65,2135.5940822507405,84.9440822507404
TR-043676,Dry Van,122.1,328.91,329.44008501866523,0.5300850186652042
TR-043677,Flatbed,2712.1,5235.99,5352.380454368181,116.39045436818105
TR-043678,Dry Van,890.2,1666.27,1680.4664773090512,14.19647730905126
TR-043679,Dry Van,269.9,620.95,652.0565329273883,31.10653292738823
TR-043680,Reefer,893.4,2192.5,2224.687350957359,32.18735095735883
TR-043681,Reefer,468.7,1227.83,1182.8494974882915,44.98050251170844
TR-043682,Flatbed,807.3,1880.52,1925.7540586917612,45.23405869176122
TR-043683,Dry Van,1624.9,3260.47,3277.8824777174514,17.412477717451566
TR-043684,Dry Van,596.5,1327.19,1348.423248102166,21.233248102166044
TR-043685,Reefer,1445.5,3302.07,3323.771721316264,21.701721316263956
TR-043686,Reefer,290.1,823.97,807.6613695229613,16.30863047703872
TR-043687,Dry Van,1491.4,3109.53,3063.467756590199,46.06224340980134
TR-043688,Flatbed,153.4,459.09,453.5143583110587,5.575641688941289
TR-043689,Dry Van,1515.7,2945.56,2890.6239731540036,54.936026845996366
TR-043690,Flatbed,507.9,1314.59,1327.9822092021423,13.39220920214234
TR-043691,Flatbed,693.1,548.16,1551.3701571340496,1003.2101571340496
TR-043692,Flatbed,114.4,367.01,350.8028705946676,16.20712940533241
TR-043693,Reefer,1108.6,2476.11,2590.5870151766994,114.4770151766993
TR-043694,Dry Van,587.1,1283.4,1306.1867597027597,22.786759702759582
TR-043695,Flatbed,2123.6,4203.77,4351.737462320825,147.96746232082478
TR-043696,Dry Van,665.6,1475.54,1484.0096084686998,8.46960846869979
TR-043697,Reefer,397.0,1033.03,1011.3965898541603,21.63341014583966
TR-043698,Dry Van,748.7,1697.51,1662.6137471061702,34.8962528938298
TR-043699,Dry Van,585.1,1321.52,1292.646208329205,28.87379167079507
TR-043700,Reefer,650.5,1474.42,1522.9745785309833,48.554578530983235
TR-043701,Dry Van,889.0,1832.33,1794.7584628570826,37.57153714291735
TR-043702,Reefer,661.2,1604.25,1602.4871110524755,1.762888947524516
TR-043703,Dry Van,519.4,1206.42,1194.0174482328725,12.402551767127534
TR-043704,Flatbed,70.0,236.92,214.35948270549935,22.56051729450064
TR-043705,Reefer,1943.2,785.33,4324.7069198335075,3539.3769198335076
TR-043706,Dry Van,436.6,1021.77,1037.9001152287865,16.130115228786508
TR-043707,Dry Van,1398.2,2768.1,2754.024434852946,14.075565147054022
TR-043708,Flatbed,496.5,1208.93,1215.1320006120272,6.202000612027177
TR-043709,Flatbed,2641.3,5280.63,5389.581307848035,108.95130784803496
TR-043710,Dry Van,985.1,2130.66,2122.901116758892,7.758883241107924
TR-043711,Dry Van,599.7,1231.13,1230.5805904601657,0.5494095398344143
TR-043712,Reefer,1650.6,3788.94,3796.2022222564738,7.262222256473706
TR-043713,Flatbed,661.9,1530.87,1573.7109081664591,42.84090816645926
TR-043714,Flatbed,1202.8,2663.29,2738.9771700810697,75.68717008106978
TR-043715,Dry Van,1354.6,2579.7,2619.4283096405693,39.72830964056948
TR-043716,Reefer,540.1,1324.87,1338.8959518106071,14.02595181060724
TR-043717,Reefer,1540.0,3270.72,3383.3903622727767,112.67036227277686
TR-043718,Reefer,3143.8,6619.87,6765.193831407784,145.32383140778438
TR-043719,Dry Van,264.1,659.64,653.2604660952483,6.3795339047517245
TR-043720,Reefer,2425.1,5192.29,5281.730448836484,89.44044883648439
TR-043721,Reefer,1231.7,2769.33,2855.437842305198,86.10784230519812
TR-043722,Dry Van,1052.4,2299.67,2278.2599109833363,21.410089016663733
TR-043723,Dry Van,254.3,628.7,637.4425408057112,8.7425408057112
TR-043724,Dry Van,529.6,1229.26,1227.754722710052,1.505277289948026
TR-043725,Reefer,2578.6,5479.97,5522.29263004147,42.32263004146989
TR-043726,Dry Van,2031.1,3853.49,3787.043620084872,66.44637991512764
TR-043727,Dry Van,2117.6,8592.93,3732.1419557882605,4860.78804421174
TR-043728,Flatbed,516.9,1252.52,1252.374185844716,0.14581415528391517
TR-043729,Flatbed,298.9,878.24,837.3134251242998,40.926574875700226
TR-043730,Dry Van,385.6,1000.57,956.3919656603496,44.17803433965048
TR-043731,Dry Van,525.2,1173.39,1173.411962225643,0.021962225642937483
TR-043732,Dry Van,3228.2,5555.83,5694.438834934286,138.60883493428628
TR-043733,Dry Van,935.5,1938.54,1924.3099284961847,14.230071503815225
TR-043734,Dry Van,296.7,729.62,702.2776602915656,27.34233970843445
TR-043735,Dry Van,1977.2,3909.68,3878.68353295975,30.996467040249627
TR-043736,Flatbed,189.0,544.04,552.9006569983289,8.860656998328977
TR-043737,Dry Van,111.0,311.38,310.49398912201985,0.8860108779801408
TR-043738,Dry Van,1306.2,2523.73,2489.9462704052503,33.78372959474973
TR-043739,Reefer,2899.8,5601.89,5775.869271187899,173.97927118789903
TR-043740,Dry Van,245.7,584.56,593.0255329220522,8.465532922052262
TR-043741,Reefer,826.0,1977.98,1958.4864177538461,19.493582246153892
TR-043742,Dry Van,815.0,1708.09,1737.7699544448412,29.679954444841314
TR-043743,Reefer,1166.9,2682.14,2733.4859417938965,51.3459417938966
TR-043744,Dry Van,332.8,850.3,834.7996125982322,15.500387401767739
TR-043745,Dry Van,559.0,1297.39,1234.6465374371378,62.743462562862305
TR-043746,Dry Van,2748.5,4845.69,4802.373073983609,43.316926016390426
TR-043747,Reefer,1603.8,3598.91,3646.650719407269,47.74071940726935
TR-043748,Dry Van,2405.0,4429.13,4355.095726903048,74.03427309695235
TR-043749,Dry Van,201.0,533.64,536.3401566991826,2.700156699182571
TR-043750,Reefer,1800.5,3891.84,3893.8030845968733,1.9630845968731592
TR-043751,Reefer,1026.7,2290.3,2340.2289696602497,49.92896966024955
TR-043752,Flatbed,166.0,475.85,484.2845584905441,8.434558490544077
TR-043753,Dry Van,1970.2,3865.88,3833.7707414522006,32.10925854779953
TR-043754,Flatbed,956.6,2070.69,2194.246801035901,123.55680103590112
TR-043755,Dry Van,803.2,1756.9,1700.532399634569,56.367600365431144
TR-043756,Dry Van,2317.4,4610.23,4411.472620124837,198.75737987516277
TR-043757,Dry Van,1749.8,3297.05,3309.448863221928,12.398863221927968
TR-043758,Dry Van,1932.5,3828.19,3699.532882085815,128.65711791418516
TR-043759,Reefer,114.5,382.8,349.49581934243656,33.30418065756345
TR-043760,Dry Van,2108.4,3873.89,3908.3659950678566,34.47599506785673
TR-043761,Reefer,393.7,966.85,1008.2535659197299,41.403565919729886
TR-043762,Dry Van,660.5,1479.39,1441.7201868835887,37.66981311641143
TR-043763,Dry Van,612.3,1312.59,1303.4340945660774,9.155905433922499
TR-043764,Reefer,418.6,1058.82,1080.2900150174978,21.47001501749787
TR-043765,Flatbed,2256.1,4554.3,4682.4586252065565,128.15862520655628
TR-043766,Dry Van,2090.0,3893.45,3876.47373222918,16.97626777081996
TR-043767,Reefer,1260.3,2911.9,2875.8086972654082,36.091302734591864
TR-043768,Flatbed,238.1,666.14,671.325620108524,5.185620108524063
TR-043769,Dry Van,1296.3,2671.78,2643.1359722886855,28.64402771131472
TR-043770,Flatbed,1416.4,3207.15,3264.998670947995,57.84867094799483
TR-043771,Reefer,1511.2,3377.25,3449.080565093361,71.8305650933612
TR-043772,Reefer,1746.9,3892.47,3889.871685204618,2.5983147953816115
TR-043773,Dry Van,2757.0,5122.83,5064.649202507591,58.1807974924086
TR-043774,Dry Van,769.2,1527.39,1503.9467540049623,23.44324599503784
TR-043775,Dry Van,865.0,1810.92,1785.541267853715,25.378732146285074
TR-043776,Dry Van,603.7,1358.72,1335.7622767365292,22.957723263470825
TR-043777,Dry Van,670.1,1445.2,1471.2108940499518,26.01089404995173
TR-043778,Dry Van,1428.4,2882.24,2863.3294614416445,18.910538558355256
TR-043779,Reefer,2514.7,5443.87,5449.398081263115,5.528081263115382
TR-043780,Dry Van,880.6,1859.45,1865.6195118995258,6.169511899525787
TR-043781,Flatbed,906.1,2008.07,2074.6336837061012,66.5636837061013
TR-043782,Dry Van,2568.1,4695.78,4615.46826939663,80.31173060337005
TR-043783,Dry Van,2499.3,4291.14,4387.468424394622,96.32842439462183
TR-043784,Dry Van,596.0,1321.48,1322.7587992387446,1.2787992387445684
TR-043785,Flatbed,806.7,1832.78,1868.9359214704,36.15592147040002
TR-043786,Reefer,1307.4,2841.05,3010.3198280351844,169.26982803518422
TR-043787,Dry Van,517.0,1171.18,1153.970402389494,17.20959761050608
TR-043788,Flatbed,1822.1,3781.63,4023.9633643693483,242.33336436934815
TR-043789,Flatbed,202.7,589.08,580.1315443260646,8.948455673935428
TR-043790,Dry Van,1168.8,2476.4,2465.7762042582663,10.62379574173383
TR-043791,Dry Van,169.3,454.21,449.8655456347919,4.344454365208094
TR-043792,Dry Van,231.2,608.66,597.2583597556768,11.401640244323175
TR-043793,Dry Van,704.5,1589.78,1573.4245826098934,16.355417390106595
TR-043794,Dry Van,137.7,362.84,377.193657312836,14.353657312836049
TR-043795,Reefer,886.5,2190.49,2176.8864746612185,13.60352533878131
TR-043796,Dry Van,1490.2,2930.08,2978.889466485762,48.80946648576219
TR-043797,Reefer,2278.4,4821.17,4870.296842344558,49.1268423445581
TR-043798,Dry Van,2513.2,4297.75,4463.309995224314,165.55999522431375
TR-043799,Dry Van,1137.7,2227.95,2214.9787049688985,12.971295031101363
TR-043800,Flatbed,957.8,2175.85,2263.5531169734722,87.70311697347233
TR-043801,Flatbed,1933.0,3724.48,3956.9486153682533,232.46861536825327
TR-043802,Flatbed,886.1,2032.14,2103.273445004969,71.13344500496873
TR-043803,Dry Van,781.8,1539.19,1549.5403087620118,10.350308762011764
TR-043804,Reefer,1887.5,4145.69,4254.9197465417155,109.22974654171594
TR-043805,Reefer,1329.6,3099.4,3090.034150074717,9.365849925282873
TR-043806,Flatbed,1143.4,2437.21,2501.020071698424,63.81007169842405
TR-043807,Reefer,2703.5,5540.6,5804.223636568198,263.623636568198
TR-043808,Reefer,1513.4,3262.76,3290.2291258340247,27.469125834024453
TR-043809,Flatbed,459.1,1125.42,1156.2974397262153,30.877439726215243
TR-043810,Reefer,1858.0,3858.91,3908.0116517946435,49.10165179464366
TR-043811,Flatbed,159.5,439.04,449.47552273524417,10.435522735244149
TR-043812,Dry Van,2077.1,4057.63,3987.665824775407,69.96417522459296
TR-043813,Dry Van,1142.1,2331.03,2272.3397537029114,58.690246297088834
TR-043814,Dry Van,1167.6,2384.15,2349.4184849323456,34.73151506765453
TR-043815,Reefer,455.2,1122.82,1149.643606714842,26.82360671484207
TR-043816,Dry Van,883.1,1729.91,1670.4448292325808,59.465170767419295
TR-043817,Reefer,479.2,1118.16,1154.5858333288286,36.4258333288285
TR-043818,Reefer,314.3,868.53,856.4780199481689,12.051980051831038
TR-043819,Flatbed,80.8,263.56,245.61074348287116,17.949256517128845
TR-043820,Dry Van,751.0,1633.97,1646.9514631991328,12.981463199132804
TR-043821,Flatbed,2093.1,4178.31,4450.927427825013,272.6174278250128
TR-043822,Reefer,816.3,2094.64,2033.0662295921666,61.57377040783331
TR-043823,Dry Van,2363.0,4177.17,4211.511458522668,34.34145852266829
TR-043824,Flatbed,225.0,646.74,628.5238170170156,18.216182982984378
TR-043825,Flatbed,230.3,632.92,623.6706830328739,9.249316967126106
TR-043826,Reefer,703.2,1652.34,1705.9942010131713,53.65420101317136
TR-043827,Dry Van,2922.8,5079.21,5141.075040507052,61.86504050705207
TR-043828,Flatbed,3310.6,6152.73,6498.935705331952,346.20570533195223
TR-043829,Dry Van,1389.2,2785.51,2758.4111591716837,27.098840828316497
TR-043830,Flatbed,2275.0,4402.88,4632.944891842615,230.064891842615
TR-043831,Flatbed,2794.3,5433.87,5826.046928646199,392.1769286461995
TR-043832,Dry Van,663.6,1429.58,1415.4188068914132,14.161193108586758
TR-043833,Dry Van,1734.3,3352.17,3302.9956304751126,49.174369524887425
TR-043834,Dry Van,1572.4,3063.16,3020.4680050084157,42.691994991584124
TR-043835,Dry Van,822.5,1606.06,1637.3601707285125,31.300170728512512
TR-043836,Dry Van,209.4,584.99,567.2467411580518,17.743258841948204
TR-043837,Dry Van,265.0,651.87,655.4696045723329,3.5996045723328507
TR-043838,Flatbed,574.2,1355.11,1416.8714953455067,61.76149534550677
TR-043839,Dry Van,1849.4,3490.4,3518.969241867946,28.569241867945948
TR-043840,Dry Van,624.3,1243.66,1258.0085381114666,14.348538111466496
TR-043841,Flatbed,767.8,1688.78,1679.4595975960901,9.320402403909839
TR-043842,Reefer,610.4,1502.59,1527.7119332744503,25.121933274450384
TR-043843,Dry Van,1065.9,2109.69,2150.3832789600056,40.6932789600055
TR-043844,Dry Van,411.8,955.05,970.7854274860691,15.73542748606917
TR-043845,Dry Van,749.7,1574.04,1573.8141444359549,0.22585556404510498
TR-043846,Dry Van,788.2,1652.68,1618.5897022126392,34.090297787360896
TR-043847,Dry Van,143.6,409.03,396.3350933338808,12.694906666119152
TR-043848,Dry Van,980.8,2029.81,2028.8304463110035,0.9795536889964751
TR-043849,Dry Van,573.7,1291.36,1301.3304463257248,9.970446325724879
TR-043850,Dry Van,173.7,462.62,454.9141504924297,7.705849507570292
TR-043851,Reefer,1005.4,2438.43,2422.7873614787677,15.64263852123213
TR-043852,Dry Van,461.1,1094.31,1089.561330313356,4.748669686644007
TR-043853,Dry Van,285.5,688.95,683.3611577139885,5.588842286011527
TR-043854,Reefer,385.3,1055.69,1033.4086313760579,22.28136862394217
TR-043855,Reefer,1554.5,3402.93,3545.89423824832,142.96423824832027
TR-043856,Reefer,1849.6,3850.45,3935.833589488715,85.38358948871519
TR-043857,Dry Van,1986.9,3761.16,3705.2563916533213,55.90360834667854
TR-043858,Dry Van,2046.2,4124.94,4030.27105550378,94.66894449621941
TR-043859,Flatbed,576.4,1464.25,1422.3262012309365,41.923798769063524
TR-043860,Dry Van,1282.2,2569.74,2609.8140311703655,40.07403117036574
TR-043861,Dry Van,2475.6,4474.48,4476.3973518268,1.9173518268007683
TR-043862,Flatbed,250.4,679.73,686.4027572776713,6.6727572776712805
TR-043863,Dry Van,786.8,1641.35,1683.1914962752558,41.84149627525585
TR-043864,Flatbed,3053.3,5800.91,6191.062381443669,390.1523814436696
TR-043865,Flatbed,275.8,766.17,754.170326622733,11.999673377266959
TR-043866,Flatbed,462.5,1232.04,1218.5744340296471,13.465565970352827
TR-043867,Dry Van,2447.7,4487.22,4452.279288564647,34.94071143535348
TR-043868,Reefer,2099.1,4287.3,4413.041026642713,125.74102664271322
TR-043869,Dry Van,2616.3,4614.15,4634.132081717004,19.982081717004803
TR-043870,Reefer,1516.7,3454.75,3521.743697296265,66.99369729626505
TR-043871,Dry Van,2004.8,3896.22,3821.8173139973865,74.40268600261334
TR-043872,Reefer,288.1,737.2,766.0950105371601,28.895010537160033
TR-043873,Reefer,540.3,1295.99,1312.9889778571128,16.998977857112777
TR-043874,Dry Van,725.1,1462.8,1562.8363630398792,100.03636303987923
TR-043875,Dry Van,1806.8,3359.38,3394.2847354902547,34.90473549025455
TR-043876,Flatbed,2098.5,4200.54,4379.373769355051,178.83376935505112
TR-043877,Reefer,765.8,1814.57,1864.435647347342,49.86564734734202
TR-043878,Dry Van,243.1,593.84,601.3060466962285,7.466046696228432
TR-043879,Dry Van,855.4,1804.12,1824.376413071162,20.256413071162115
TR-043880,Dry Van,1477.3,2935.08,2974.689642582666,39.609642582665856
TR-043881,Reefer,606.6,1530.9,1519.8572496592046,11.042750340795465
TR-043882,Dry Van,2366.1,4209.75,4180.098652179771,29.651347820228693
TR-043883,Dry Van,388.2,957.06,945.4829606703537,11.577039329646254
TR-043884,Dry Van,1559.8,2958.24,3012.243234902532,54.00323490253231
TR-043885,Reefer,1057.5,2491.41,2490.4871387257585,0.9228612742413134
TR-043886,Reefer,680.7,1643.22,1654.571259623607,11.351259623606893
TR-043887,Reefer,1348.4,11052.72,2988.0120194036413,8064.7079805963585
TR-043888,Reefer,1851.9,3737.91,3884.465368136412,146.5553681364122
TR-043889,Flatbed,766.8,1765.8,1795.0822890899965,29.28228908999654
TR-043890,Dry Van,931.4,1911.29,1839.701235050444,71.58876494955598
TR-043891,Dry Van,324.4,779.31,789.3994485679204,10.089448567920499
TR-043892,Reefer,2023.7,4284.86,4386.056817218397,101.19681721839697
TR-043893,Reefer,1517.0,3396.71,3504.869838579843,108.15983857984293
TR-043894,Reefer,82.9,279.76,252.72991602998863,27.03008397001136
TR-043895,Dry Van,532.9,1160.12,1172.0187168674186,11.89871686741867
TR-043896,Reefer,1294.8,2848.75,2934.1400452384387,85.39004523843869
TR-043897,Dry Van,556.0,1167.81,1151.400588220873,16.409411779126913
TR-043898,Dry Van,203.2,507.62,525.0533930357566,17.43339303575658
TR-043899,Reefer,625.4,1472.72,1508.2915365300714,35.5715365300714
TR-043900,Flatbed,592.6,1393.73,1467.6155319976356,73.88553199763555
TR-043901,Flatbed,713.0,1607.33,1667.8338557319225,60.50385573192261
TR-043902,Dry Van,1654.9,3247.32,3258.726196964328,11.406196964328046
TR-043903,Flatbed,720.5,1689.73,1716.9818034633597,27.251803463359693
TR-043904,Dry Van,731.4,1531.51,1537.1005641966997,5.590564196699688
TR-043905,Flatbed,823.0,1830.18,1910.5070888554283,80.3270888554282
TR-043906,Dry Van,1547.6,3017.98,2959.5200221621067,58.45997783789335
TR-043907,Dry Van,345.5,809.89,796.8208260999536,13.069173900046394
TR-043908,Dry Van,762.3,1697.73,1709.134441868026,11.40444186802597
TR-043909,Dry Van,1649.8,3194.09,3296.1065088566997,102.0165088566996
TR-043910,Dry Van,374.8,875.46,848.9288651369329,26.53113486306711
TR-043911,Flatbed,595.1,1330.8,1394.8718808594479,64.0718808594479
TR-043912,Dry Van,2781.5,4904.69,4925.15286741479,20.462867414790708
TR-043913,Reefer,283.6,811.04,779.3599130678018,31.68008693219815
TR-043914,Reefer,805.2,1843.84,1914.26402340131,70.42402340131002
TR-043915,Reefer,358.9,953.32,954.3991350562814,1.0791350562813022
TR-043916,Dry Van,335.3,808.69,811.6122619155107,2.922261915510603
TR-043917,Dry Van,424.2,4646.65,944.3294599902,3702.3205400097995
TR-043918,Dry Van,293.0,698.11,722.1709794645006,24.060979464500633
TR-043919,Dry Van,492.7,1017.32,1052.7047740103249,35.384774010324804
TR-043920,Dry Van,1989.6,3621.78,3651.5293176184,29.7493176183998
TR-043921,Flatbed,1798.7,3572.79,3746.581192464293,173.7911924642931
TR-043922,Flatbed,2127.4,4471.7,4507.504210641736,35.80421064173606
TR-043923,Dry Van,421.3,960.58,931.8969161408935,28.683083859106546
TR-043924,Dry Van,305.9,742.04,763.5715166055351,21.531516605535103
TR-043925,Dry Van,1122.7,2256.96,2206.65696508719,50.303034912809835
TR-043926,Dry Van,176.1,442.63,444.11873925237876,1.488739252378764
TR-043927,Flatbed,1073.6,2343.92,2383.3075210027764,39.38752100277634
TR-043928,Dry Van,446.7,963.41,988.6357262050894,25.225726205089472
TR-043929,Dry Van,586.9,1354.82,1358.8758038564345,4.0558038564345225
TR-043930,Dry Van,891.6,1881.9,1874.3762268119947,7.523773188005407
TR-043931,Flatbed,919.6,2080.68,2155.8356569521106,75.1556569521108
TR-043932,Dry Van,685.1,1426.28,1451.6947669720935,25.414766972093503
TR-043933,Dry Van,1214.4,2509.73,2507.0215431325664,2.708456867433597
TR-043934,Reefer,206.3,579.38,581.6506134236538,2.270613423653799
TR-043935,Flatbed,293.4,829.88,823.1146631513329,6.7653368486670615
TR-043936,Reefer,2279.4,4697.97,4673.414973961355,24.555026038645337
TR-043937,Dry Van,1444.5,2865.78,2860.504263724782,5.275736275218151
TR-043938,Dry Van,1028.1,2220.22,2220.9046568308663,0.6846568308665155
TR-043939,Reefer,763.2,1922.64,1900.5975590587686,22.04244094123146
TR-043940,Flatbed,1738.9,3299.32,3592.4446114947773,293.1246114947771
TR-043941,Reefer,2201.7,4468.77,4647.626467488883,178.85646748888212
TR-043942,Dry Van,1023.1,2034.14,2055.8763281152037,21.736328115203605
TR-043943,Dry Van,1657.9,3118.92,3131.325685152838,12.405685152838032
TR-043944,Dry Van,452.9,1020.65,1023.1017303420041,2.4517303420041117
TR-043945,Dry Van,2087.0,4138.77,4098.5970377023805,40.17296229761996
TR-043946,Dry Van,2091.5,4043.62,4039.068516180561,4.5514838194389995
TR-043947,Dry Van,729.3,1573.69,1628.7795556938997,55.08955569389968
TR-043948,Dry Van,1298.2,2537.6,2628.294836835541,90.69483683554108
TR-043949,Reefer,507.0,1354.69,1333.737034020797,20.9529659792031
TR-043950,Flatbed,775.6,1810.66,1797.927942012345,12.732057987655025
TR-043951,Reefer,2555.8,5246.48,5227.94159248281,18.538407517189626
TR-043952,Dry Van,2231.8,3971.46,4128.2974202921505,156.83742029215045
TR-043953,Dry Van,741.8,1552.77,1554.737032111907,1.967032111906974
TR-043954,Dry Van,235.9,624.15,611.0630563752086,13.086943624791388
TR-043955,Dry Van,337.7,858.03,834.4833810563957,23.546618943604244
TR-043956,Reefer,639.6,1486.69,1539.7693261962536,53.07932619625353
TR-043957,Reefer,1273.2,2718.63,2824.388628684613,105.75862868461309
TR-043958,Dry Van,1310.6,2460.16,2524.2203493589327,64.06034935893285
TR-043959,Dry Van,410.2,947.3,955.2906236743022,7.990623674302242
TR-043960,Dry Van,260.4,618.64,626.7282280039694,8.088228003969448
TR-043961,Reefer,3183.4,6161.01,6256.509713768793,95.49971376879239
TR-043962,Flatbed,376.7,946.19,966.2686522785381,20.078652278538016
TR-043963,Reefer,2423.6,4912.37,5078.059129406747,165.68912940674727
TR-043964,Reefer,273.2,747.96,750.906720652532,2.946720652532008
TR-043965,Dry Van,2012.4,3624.9,3698.8460965111585,73.94609651115843
TR-043966,Reefer,901.0,2061.34,2085.5880439663742,24.248043966374098
TR-043967,Dry Van,830.5,1761.62,1799.3218096716064,37.7018096716065
TR-043968,Flatbed,554.1,1293.64,1306.9285882462962,13.288588246296058
TR-043969,Reefer,517.6,1318.59,1299.3108521381118,19.279147861888077
TR-043970,Dry Van,1658.3,3182.58,3166.7178858556986,15.862114144301358
TR-043971,Reefer,588.9,1408.96,1427.6835484688618,18.723548468861736
TR-043972,Dry Van,1304.0,2653.8,2693.7975083605725,39.99750836057228
TR-043973,Dry Van,2554.5,4564.71,4549.271373581739,15.438626418261265
TR-043974,Dry Van,1673.7,3230.92,3187.0328138066866,43.88718619331348
TR-043975,Dry Van,935.1,1890.03,1873.227814230112,16.802185769887956
TR-043976,Dry Van,373.7,903.04,899.5307002192059,3.5092997807940947
TR-043977,Reefer,1525.8,3330.57,3448.757043275107,118.18704327510704
TR-043978,Flatbed,606.9,1290.78,1366.6518106396743,75.87181063967432
TR-043979,Flatbed,463.2,1136.45,1168.616903179915,32.166903179914925
TR-043980,Reefer,331.3,863.94,865.936289229899,1.9962892298989345
TR-043981,Dry Van,1251.2,2609.34,2608.6717695649486,0.6682304350515551
TR-043982,Dry Van,494.1,1061.3,1089.3608304067855,28.0608304067855
TR-043983,Reefer,968.7,2172.14,2243.8701075590525,71.73010755905261
TR-043984,Dry Van,130.2,363.74,362.79949769134123,0.9405023086587789
TR-043985,Reefer,1479.7,3195.86,3237.0344261891937,41.17442618919358
TR-043986,Reefer,898.3,1974.12,2071.694077729496,97.57407772949591
TR-043987,Reefer,1454.0,3107.72,3257.7780361238706,150.0580361238708
TR-043988,Flatbed,134.5,363.14,386.5015471446579,23.36154714465789
TR-043989,Reefer,1103.6,2586.91,2558.5997050794626,28.310294920537217
TR-043990,Dry Van,1103.3,2332.39,2240.3714274215004,92.01857257849952
TR-043991,Reefer,721.1,1795.1,1801.3509035892382,6.250903589238305
TR-043992,Dry Van,737.8,1546.97,1561.4159055705934,14.445905570593368
TR-043993,Reefer,806.3,1796.04,1863.1315953845967,67.09159538459676
TR-043994,Reefer,427.0,1058.89,1071.1878545494312,12.297854549431122
TR-043995,Reefer,1472.1,3165.13,3223.2590639867276,58.12906398672749
TR-043996,Dry Van,457.3,1067.6,1037.9863462438734,29.613653756126496
TR-043997,Flatbed,2187.0,4472.27,4613.939100735959,141.66910073595864
TR-043998,Reefer,1604.2,3579.44,3660.5858147862414,81.14581478624132
TR-043999,Dry Van,834.0,1662.93,1645.951945679838,16.978054320162073
TR-044000,Dry Van,3059.4,5836.48,5692.560006860213,143.91999313978613
TR-044001,Reefer,1515.1,3215.63,3280.3001204931,64.67012049310006
TR-044002,Dry Van,2234.6,4373.47,4311.139906604358,62.33009339564251
TR-044003,Dry Van,642.8,1363.25,1368.2253557552285,4.97535575522852
TR-044004,Dry Van,2097.2,3980.77,3977.2169016305656,3.5530983694343377
TR-044005,Dry Van,1023.5,2030.02,2075.406881108793,45.386881108793204
TR-044006,Flatbed,2009.4,3811.81,4068.5354383069184,256.7254383069185
TR-044007,Dry Van,345.5,807.11,816.8645907242036,9.754590724203581
TR-044008,Dry Van,360.6,905.93,891.869778465428,14.060221534571951
TR-044009,Reefer,1155.1,2506.97,2627.4799845114467,120.50998451144687
TR-044010,Reefer,92.7,291.93,273.51736153289414,18.412638467105864
TR-044011,Flatbed,1890.8,3918.02,4135.521901976411,217.50190197641086
TR-044012,Reefer,2796.2,5501.66,5896.320116490582,394.66011649058237
TR-044013,Reefer,318.3,875.47,885.8126800475086,10.342680047508566
TR-044014,Flatbed,1052.9,2275.74,2395.8956122908116,120.15561229081186
TR-044015,Dry Van,663.0,337.89,1365.8109710388862,1027.9209710388864
TR-044016,Reefer,374.0,956.77,981.5154986895014,24.74549868950146
TR-044017,Dry Van,1592.3,3218.43,3193.5775565102713,24.852443489728557
TR-044018,Dry Van,872.5,1879.08,1904.2393308282844,25.15933082828451
TR-044019,Dry Van,1711.4,3286.71,3332.144424813432,45.43442481343209
TR-044020,Dry Van,786.3,1656.21,1647.1304154055833,9.079584594416701
TR-044021,Flatbed,1429.1,2929.0,3090.4061947302494,161.40619473024935
TR-044022,Flatbed,1961.5,4098.02,4358.049246054626,260.0292460546252
TR-044023,Flatbed,767.0,1687.81,1748.3610575500443,60.551057550044334
TR-044024,Dry Van,559.7,1235.98,1234.1720340942904,1.8079659057095796
TR-044025,Dry Van,703.8,1504.38,1505.6415405374946,1.2615405374945112
TR-044026,Dry Van,537.4,1204.0,1213.148308206912,9.148308206911906
TR-044027,Flatbed,412.3,1044.13,1041.0599261392958,3.0700738607042695
TR-044028,Dry Van,819.4,1759.53,1781.5892027134864,22.059202713486457
TR-044029,Flatbed,1212.8,2734.73,2812.83532789039,78.10532789039007
TR-044030,Reefer,984.1,2246.92,2260.2067206163397,13.286720616339608
TR-044031,Flatbed,518.2,1171.5,1242.9319165200334,71.43191652003338
TR-044032,Dry Van,940.5,1942.68,1934.509754889256,8.170245110743963
TR-044033,Dry Van,318.6,811.41,790.494838940326,20.915161059674006
TR-044034,Dry Van,920.7,1954.55,1901.670440073559,52.87955992644106
TR-044035,Dry Van,333.9,848.67,824.6241944883611,24.045805511638832
TR-044036,Reefer,3028.4,5870.7,5978.877979242781,108.17797924278148
TR-044037,Dry Van,1255.0,2574.17,2592.5634571425708,18.393457142570696
TR-044038,Dry Van,1113.4,2346.53,2353.9282096240677,7.398209624067476
TR-044039,Reefer,1102.7,2491.67,2523.5729406025284,31.90294060252836
TR-044040,Dry Van,1992.9,3773.44,3781.5268771219485,8.086877121948419
TR-044041,Dry Van,893.1,1856.42,1836.8192947124162,19.600705287583878
TR-044042,Dry Van,768.7,1532.18,1485.3077966032683,46.87220339673172
TR-044043,Reefer,114.4,350.78,338.8991224141097,11.880877585890289
TR-044044,Reefer,1584.8,3533.81,3590.2197231956816,56.409723195681636
TR-044045,Dry Van,2047.2,3900.6,3844.038221465772,56.56177853422787
TR-044046,Reefer,1030.7,2340.45,2395.269776211115,54.81977621111537
TR-044047,Dry Van,172.1,474.64,471.17717397283445,3.4628260271655336
TR-044048,Dry Van,2960.9,5573.55,5509.4743227879635,64.07567721203668
TR-044049,Dry Van,360.6,864.11,832.7561461862797,31.35385381372032
TR-044050,Dry Van,1144.7,2352.33,2333.566440331864,18.763559668135713
TR-044051,Dry Van,744.4,1676.58,1622.4794305426726,54.10056945732731
TR-044052,Dry Van,324.7,784.02,800.679622033873,16.659622033873006
TR-044053,Reefer,318.2,891.23,879.2854031877911,11.944596812208943
TR-044054,Flatbed,249.5,610.58,637.5540931498807,26.974093149880673
TR-044055,Flatbed,2107.1,4116.8,4300.932369056956,184.13236905695612
TR-044056,Reefer,530.7,1320.52,1349.7114027636858,29.1914027636858
TR-044057,Reefer,824.7,1877.91,1931.4760976131297,53.566097613129614
TR-044058,Dry Van,1372.5,2863.58,2773.0381286627667,90.54187133723326
TR-044059,Flatbed,1009.0,2169.35,2288.626158344633,119.27615834463313
TR-044060,Dry Van,953.5,1929.48,1922.1499371154603,7.330062884539757
TR-044061,Dry Van,591.0,1203.53,1252.2887561642742,48.758756164274246
TR-044062,Dry Van,1361.8,2541.47,2606.674203032229,65.20420303222909
TR-044063,Dry Van,233.1,626.22,622.6915036948141,3.5284963051859677
TR-044064,Flatbed,827.8,1779.27,1840.0947896039113,60.82478960391131
TR-044065,Flatbed,360.7,882.45,919.9841797452447,37.534179745244614
TR-044066,Reefer,1230.0,2885.04,2882.4852404886874,2.554759511312568
TR-044067,Dry Van,779.4,1687.5,1690.2643474101517,2.764347410151686
TR-044068,Dry Van,1561.0,3118.32,3100.6973520243832,17.62264797561693
TR-044069,Dry Van,1211.0,2401.07,2379.1209688180447,21.949031181955434
TR-044070,Dry Van,429.3,969.91,988.9631617409931,19.05316174099312
TR-044071,Flatbed,1675.0,3518.03,3764.570901937621,246.54090193762067
TR-044072,Flatbed,673.3,1636.43,1650.5720540712628,14.142054071262692
TR-044073,Dry Van,2631.3,4831.89,4695.548594302462,136.341405697538
TR-044074,Dry Van,2148.6,4100.88,4107.05872188689,6.178721886890344
TR-044075,Dry Van,2276.9,4337.77,4296.99514753473,40.77485246527067
TR-044076,Dry Van,995.4,1872.82,1909.4100701571854,36.59007015718544
TR-044077,Reefer,1131.3,2474.26,2594.729832890768,120.46983289076798
TR-044078,Dry Van,369.0,867.2,875.505001397075,8.305001397074989
TR-044079,Dry Van,217.4,561.58,568.0653335208799,6.485333520879863
TR-044080,Dry Van,363.9,880.74,876.535773639619,4.2042263603809715
TR-044081,Flatbed,712.2,1607.56,1699.7570889969925,92.19708899699253
TR-044082,Flatbed,202.9,568.52,561.1542803162522,7.365719683747784
TR-044083,Dry Van,236.3,595.93,591.590520637177,4.339479362822999
TR-044084,Reefer,692.0,1612.8,1617.2704964033128,4.470496403312836
TR-044085,Dry Van,117.1,309.64,309.2270067269665,0.41299327303346445
TR-044086,Reefer,1465.9,3379.8,3361.0747489822843,18.72525101771589
TR-044087,Flatbed,1778.3,3604.59,3768.622712089167,164.03271208916703
TR-044088,Dry Van,1922.2,3621.3,3635.149332651796,13.849332651795976
TR-044089,Dry Van,1862.5,3520.84,3507.8464902859873,12.993509714012816
TR-044090,Flatbed,910.8,1865.44,1945.1745465619142,79.73454656191416
TR-044091,Dry Van,2087.3,3796.72,3818.923415109029,22.203415109029265
TR-044092,Dry Van,1780.3,3400.27,3464.276167649277,64.0061676492769
TR-044093,Dry Van,242.1,641.14,621.0617942803864,20.078205719613607
TR-044094,Dry Van,1898.8,3521.79,3544.932893199476,23.14289319947602
TR-044095,Dry Van,481.3,1081.64,1062.0414864248064,19.598513575193692
TR-044096,Dry Van,2019.8,4002.03,3935.0868598159414,66.94314018405885
TR-044097,Reefer,1691.0,3613.18,3545.906653096565,67.27334690343469
TR-044098,Reefer,406.6,1129.78,1107.195942903326,22.58405709667386
TR-044099,Dry Van,195.7,543.25,522.8643088425795,20.385691157420524
TR-044100,Dry Van,512.9,1191.94,1208.9963709763194,17.056370976319386
TR-044101,Flatbed,528.9,1221.71,1277.6131071180916,55.90310711809161
TR-044102,Dry Van,379.6,941.96,927.7473027016549,14.21269729834512
TR-044103,Dry Van,310.3,810.34,796.780341884646,13.559658115354068
TR-044104,Dry Van,3185.8,5766.93,5622.150683407042,144.7793165929579
TR-044105,Reefer,1913.4,4281.85,4335.143910367019,53.293910367018725
TR-044106,Dry Van,164.7,417.09,420.88247096095233,3.7924709609523575
TR-044107,Dry Van,556.5,1254.51,1258.8300138724728,4.320013872472828
TR-044108,Dry Van,135.8,347.21,348.8598568124501,1.649856812450139
TR-044109,Reefer,1093.9,2628.55,2619.6170983065876,8.932901693412532
TR-044110,Dry Van,2202.0,4005.12,4064.119980510588,58.9999805105881
TR-044111,Reefer,2021.5,4566.62,4521.619199996405,45.00080000359503
TR-044112,Dry Van,137.8,378.59,362.48963024305607,16.100369756943905
TR-044113,Reefer,970.7,2202.48,2267.7723900918604,65.2923900918604
TR-044114,Dry Van,180.7,467.61,463.53706081790466,4.072939182095354
TR-044115,Reefer,525.1,1276.25,1289.8398283656288,13.589828365628819
TR-044116,Dry Van,721.4,1459.87,1458.6277495327968,1.242250467203121
TR-044117,Flatbed,2267.3,4654.5,4706.422974701083,51.92297470108315
TR-044118,Dry Van,755.2,1495.33,1464.5485396387544,30.781460361245536
TR-044119,Flatbed,1149.8,2550.13,2644.242235038753,94.11223503875271
TR-044120,Dry Van,3162.1,5368.81,5425.436210930333,56.62621093033249
TR-044121,Flatbed,309.7,764.04,774.7379312905133,10.697931290513338
TR-044122,Reefer,2221.3,4560.49,4663.93623992094,103.44623992094057
TR-044123,Reefer,1003.3,2492.07,2429.578190164491,62.49180983550923
TR-044124,Dry Van,1927.0,3882.76,3856.2055301595938,26.554469840406455
TR-044125,Dry Van,609.2,1329.78,1318.1514652369335,11.628534763066455
TR-044126,Reefer,1780.3,3987.15,3971.738817842881,15.411182157119129
TR-044127,Dry Van,1031.1,2199.94,2205.2770025660657,5.337002566065621
TR-044128,Flatbed,2803.0,5209.11,5584.260785343011,375.1507853430112
TR-044129,Reefer,1429.7,3013.41,3098.5899128889346,85.17991288893472
TR-044130,Dry Van,2148.6,3930.32,3889.0509259477644,41.26907405223574
TR-044131,Dry Van,466.3,1076.93,1060.5560276760891,16.373972323910948
TR-044132,Dry Van,1206.8,2481.63,2467.2596647674122,14.370335232587877
TR-044133,Dry Van,1197.8,2596.05,2497.649766058182,98.40023394181799
TR-044134,Reefer,483.1,1188.47,1225.5003440944358,37.030344094435804
TR-044135,Reefer,334.0,872.03,882.7016314723977,10.671631472397735
TR-044136,Flatbed,909.8,2120.59,2189.0751420048564,68.48514200485624
TR-044137,Dry Van,1838.4,3521.73,3519.4389147092897,2.291085290710271
TR-044138,Dry Van,1221.6,2442.27,2363.046691008126,79.22330899187409
TR-044139,Dry Van,1990.5,3713.4,3714.321543967373,0.9215439673730543
TR-044140,Dry Van,143.8,383.5,373.68710676078456,9.812893239215441
TR-044141,Dry Van,1601.8,3098.51,3088.1800648089006,10.329935191099594
TR-044142,Flatbed,925.0,1996.97,2070.016617667971,73.04661766797085
TR-044143,Dry Van,1764.6,3494.0,3466.807642420391,27.19235757960905
TR-044144,Flatbed,395.6,950.43,980.765731355756,30.335731355756025
TR-044145,Dry Van,1290.6,2486.75,2557.3267012478373,70.57670124783726
TR-044146,Flatbed,2526.2,4845.95,5012.84914558961,166.89914558961027
TR-044147,Reefer,2336.4,5058.57,5089.349392281748,30.779392281748187
TR-044148,Dry Van,2943.1,5346.93,5397.132632863253,50.2026328632528
TR-044149,Reefer,1562.1,3549.06,3576.660974757165,27.600974757165204
TR-044150,Dry Van,1072.7,2303.95,2282.3472983263405,21.60270167365934
TR-044151,Reefer,1231.0,2964.61,2903.7263099600327,60.883690039967405
TR-044152,Dry Van,1778.0,3303.47,3280.8900668242636,22.579933175736187
TR-044153,Dry Van,380.5,910.55,887.1665024901274,23.38349750987254
TR-044154,Dry Van,796.6,1743.43,1745.6424576861184,2.2124576861183414
TR-044155,Dry Van,485.3,1101.55,1110.8587817770324,9.308781777032436
TR-044156,Dry Van,650.3,1525.43,1466.319442319587,59.11055768041297
TR-044157,Flatbed,711.8,1554.33,1574.757122036069,20.427122036069022
TR-044158,Dry Van,1189.0,2448.67,2451.4353413136555,2.7653413136554263
TR-044159,Dry Van,2010.4,3635.27,3628.6931812280063,6.576818771993658
TR-044160,Flatbed,1363.3,3181.62,3157.6953235569285,23.92467644307135
TR-044161,Dry Van,806.2,1778.31,1779.0333021470792,0.7233021470792664
TR-044162,Flatbed,1189.2,8425.34,2671.0923856998743,5754.247614300126
TR-044163,Dry Van,1461.7,2928.06,3035.7778718879686,107.71787188796861
TR-044164,Dry Van,3071.7,5768.57,5717.420488071039,51.14951192896115
TR-044165,Dry Van,1674.0,3282.71,3248.2735889728556,34.43641102714446
TR-044166,Dry Van,1858.7,3603.1,3643.7590398340058,40.65903983400585
TR-044167,Dry Van,1576.8,3028.7,3026.150059961909,2.549940038090881
TR-044168,Reefer,2002.6,4204.74,4253.0924912634855,48.35249126348572
TR-044169,Reefer,1864.5,4287.51,4235.143090360068,52.3669096399326
TR-044170,Reefer,829.8,2085.87,2063.7667701908667,22.103229809133154
TR-044171,Dry Van,969.1,2005.58,1944.190013815714,61.38998618428582
TR-044172,Flatbed,1032.3,2142.38,2252.549404989883,110.16940498988288
TR-044173,Reefer,507.7,1277.52,1286.9152611900297,9.395261190029714
TR-044174,Dry Van,841.7,1734.56,1767.0159573067206,32.45595730672062
TR-044175,Reefer,2362.6,4817.58,4923.4787293183135,105.8987293183136
TR-044176,Flatbed,796.6,463.05,1851.0101064924834,1387.9601064924834
TR-044177,Reefer,925.2,2293.83,2283.6854858736283,10.144514126371632
TR-044178,Flatbed,2101.9,4489.14,4454.334341773989,34.805658226011474
TR-044179,Dry Van,285.5,713.84,692.0522553175622,21.787744682437847
TR-044180,Reefer,647.2,1671.84,1663.731071665567,8.108928334432903
TR-044181,Dry Van,1160.7,2193.1,2281.821759302872,88.72175930287221
TR-044182,Reefer,1072.1,2518.87,2530.360994298758,11.490994298758324
TR-044183,Reefer,467.6,1147.73,1175.366301396531,27.636301396531053
TR-044184,Flatbed,1030.0,2193.67,2349.658674848079,155.98867484807897
TR-044185,Dry Van,312.4,777.68,790.1431894847597,12.46318948475971
TR-044186,Dry Van,1510.6,2903.55,2894.9828060532027,8.567193946797488
TR-044187,Dry Van,468.8,1013.2,1015.3398918680223,2.1398918680222323
TR-044188,Flatbed,696.1,1561.6,1602.526757745363,40.92675774536315
TR-044189,Reefer,2278.1,4752.22,4819.252051042721,67.03205104272092
TR-044190,Flatbed,530.4,1234.37,1266.565042347074,32.19504234707415
TR-044191,Dry Van,742.6,1460.12,1437.4101619584824,22.709838041517514
TR-044192,Dry Van,986.1,2074.22,2061.0125565681597,13.207443431840147
TR-044193,Dry Van,1910.9,3829.1,3802.741984754102,26.35801524589806
TR-044194,Dry Van,296.0,760.31,753.2565563981684,7.053443601831532
TR-044195,Dry Van,644.8,1451.78,1450.839595903778,0.9404040962219824
TR-044196,Dry Van,490.9,1086.79,1063.738996606471,23.051003393529072
TR-044197,Reefer,1621.3,3527.99,3592.7141320895307,64.72413208953094
TR-044198,Flatbed,439.4,1109.09,1111.120936127703,2.0309361277031712
TR-044199,Dry Van,217.4,600.81,590.7365610664122,10.073438933587795
TR-044200,Dry Van,1128.4,2342.36,2367.2621784436096,24.9021784436095
TR-044201,Reefer,2452.9,5264.82,5387.909169025751,123.08916902575129
TR-044202,Dry Van,388.5,934.61,926.2072932456258,8.402706754374208
TR-044203,Dry Van,1812.5,3669.51,3557.749407873434,111.76059212656628
TR-044204,Dry Van,730.7,1561.47,1524.1128312136905,37.35716878630956
TR-044205,Reefer,107.4,343.65,327.59918211837913,16.050817881620844
TR-044206,Dry Van,422.7,1050.79,1030.8696591179753,19.920340882024675
TR-044207,Reefer,764.8,1843.82,1827.8925649286853,15.927435071314676
TR-044208,Dry Van,254.9,646.5,661.4022893323848,14.90228933238484
TR-044209,Flatbed,2819.1,5552.48,5829.444790231879,276.9647902318793
TR-044210,Reefer,772.2,1769.05,1846.0097844486174,76.95978444861748
TR-044211,Reefer,946.5,2209.39,2229.1615739854237,19.771573985423856
TR-044212,Flatbed,545.6,1246.09,1262.0394629651973,15.949462965197426
TR-044213,Dry Van,488.3,1148.19,1154.4301414890351,6.240141489035068
TR-044214,Flatbed,1199.2,2411.14,2579.710457763744,168.57045776374434
TR-044215,Dry Van,1770.0,725.75,3394.472765067545,2668.722765067545
TR-044216,Dry Van,780.2,1548.72,1539.3560974188235,9.36390258117649
TR-044217,Dry Van,1263.9,2462.56,2418.8048121597762,43.7551878402237
TR-044218,Flatbed,502.8,1145.57,1212.623552016143,67.05355201614316
TR-044219,Dry Van,444.6,1054.4,1050.1479201074767,4.252079892523398
TR-044220,Dry Van,1659.3,3137.27,3162.6538358223634,25.38383582236338
TR-044221,Flatbed,1383.6,2978.41,3021.3570681624087,42.94706816240887
TR-044222,Reefer,1414.1,3087.54,3232.421504685543,144.88150468554295
TR-044223,Flatbed,2036.2,4294.78,4404.357710502513,109.57771050251358
TR-044224,Dry Van,2032.0,3853.42,3825.780957408634,27.63904259136598
TR-044225,Dry Van,564.5,1195.74,1214.7075232888778,18.96752328887783
TR-044226,Dry Van,1046.8,2100.06,2122.7274077525067,22.667407752506733
TR-044227,Reefer,1063.1,2338.11,2435.7465703446337,97.63657034463358
TR-044228,Flatbed,412.4,981.78,1005.3332415523331,23.553241552333134
TR-044229,Reefer,377.7,979.31,971.9717876988308,7.338212301169165
TR-044230,Dry Van,804.4,1628.75,1649.0100678266817,20.260067826681734
TR-044231,Reefer,1109.9,2527.69,2606.6633705396325,78.97337053963247
TR-044232,Dry Van,1542.6,2997.84,2902.8922577990215,94.94774220097861
TR-044233,Reefer,1456.7,2996.55,3100.47563403518,103.92563403517988
TR-044234,Flatbed,810.3,1751.13,1814.277512346319,63.14751234631899
TR-044235,Dry Van,806.6,1697.88,1722.9407526559635,25.06075265596337
TR-044236,Reefer,850.4,2134.87,2139.400739176442,4.530739176442239
TR-044237,Dry Van,1466.4,2838.8,2837.9369974975175,0.8630025024826864
TR-044238,Dry Van,655.9,1458.81,1450.7807873399431,8.029212660056828
TR-044239,Dry Van,294.4,798.7,763.0697654515463,35.6302345484537
TR-044240,Reefer,1320.6,2936.32,2910.6684304097503,25.651569590249892
TR-044241,Dry Van,387.5,896.02,878.7528175219059,17.267182478094128
TR-044242,Flatbed,801.2,1807.79,1841.642758103389,33.85275810338908
TR-044243,Dry Van,911.5,1912.19,1887.2612540686441,24.928745931355934
TR-044244,Reefer,2259.0,4914.48,4887.773610463633,26.70638953636626
TR-044245,Flatbed,530.4,1341.93,1325.8174675324435,16.112532467556548
TR-044246,Dry Van,2427.0,4578.11,4492.433565885244,85.67643411475547
TR-044247,Flatbed,894.7,1934.91,1997.7310850220856,62.821085022085526
TR-044248,Flatbed,2058.0,4255.76,4323.826282359991,68.06628235999051
TR-044249,Dry Van,2896.8,5055.75,5113.157186754291,57.407186754290706
TR-044250,Dry Van,1706.7,3200.14,3184.907376562949,15.232623437050734
TR-044251,Reefer,1231.4,2812.67,2888.1500946959045,75.48009469590443
TR-044252,Dry Van,469.9,1139.45,1109.2870061433323,30.162993856667754
TR-044253,Dry Van,2754.5,4886.24,4838.788129329646,47.451870670353856
TR-044254,Dry Van,651.9,1369.5,1330.4342499779723,39.065750022027714
TR-044255,Dry Van,1197.9,2443.14,2420.9435186630267,22.196481336973193
TR-044256,Dry Van,1761.5,3332.67,3411.7756793790004,79.10567937900032
TR-044257,Reefer,1578.1,3461.27,3387.4167697695552,73.85323023044475
TR-044258,Dry Van,1504.1,3016.26,3097.2952721395664,81.03527213956613
TR-044259,Dry Van,1300.1,2714.39,2627.527433606185,86.86256639381509
TR-044260,Reefer,2558.4,5189.95,5288.433767443135,98.48376744313555
TR-044261,Reefer,3008.3,6037.04,6119.331375367387,82.29137536738745
TR-044262,Reefer,1484.5,3142.74,3220.5090728910764,77.76907289107658
TR-044263,Reefer,297.7,855.24,821.098990262126,34.141009737874015
TR-044264,Dry Van,406.1,950.68,966.3278990984361,15.647899098436142
TR-044265,Dry Van,429.3,1071.43,1059.9203574798385,11.509642520161606
TR-044266,Dry Van,741.1,1578.75,1567.7485041556092,11.001495844390774
TR-044267,Dry Van,686.6,1441.53,1462.2036216576819,20.673621657681906
TR-044268,Dry Van,2492.6,14425.42,4442.766031381614,9982.653968618386
TR-044269,Dry Van,651.6,1423.7,1392.3208973542032,31.37910264579682
TR-044270,Reefer,1263.1,3015.04,3012.9941555552364,2.0458444447635884
TR-044271,Reefer,652.1,313.15,1622.742088751618,1309.5920887516181
TR-044272,Reefer,1293.6,3157.99,3096.002295412239,61.98770458776062
TR-044273,Dry Van,2470.5,4227.08,4350.096112477217,123.01611247721667
TR-044274,Dry Van,74.7,222.72,203.37576406964055,19.344235930359446
TR-044275,Dry Van,531.5,1222.99,1204.0363878546245,18.953612145375473
TR-044276,Dry Van,1119.0,2211.67,2184.4690124380195,27.200987561980583
TR-044277,Reefer,345.2,895.44,914.8539684159167,19.413968415916656
TR-044278,Flatbed,127.0,372.9,379.1986026797019,6.298602679701901
TR-044279,Flatbed,359.1,882.73,925.2711203769181,42.541120376918116
TR-044280,Flatbed,1837.1,3785.69,3931.8643540308663,146.1743540308662
TR-044281,Dry Van,1723.3,3332.32,3295.003151150343,37.31684884965716
TR-044282,Flatbed,492.3,1186.99,1206.3438289120254,19.353828912025392
TR-044283,Dry Van,647.8,1331.38,1336.1978579379004,4.817857937900271
TR-044284,Reefer,2310.5,5018.12,5003.39200396822,14.727996031780094
TR-044285,Dry Van,2142.2,3965.18,3965.874658957448,0.694658957448155
TR-044286,Dry Van,363.8,820.16,815.6167561780298,4.5432438219701226
TR-044287,Dry Van,944.9,4729.66,2010.6196777825844,2719.0403222174155
TR-044288,Flatbed,1251.6,2571.46,2684.7067282193575,113.24672821935746
TR-044289,Dry Van,646.7,1318.04,1355.2114209760532,37.17142097605324
TR-044290,Dry Van,878.1,1802.45,1789.3162700477703,13.133729952229714
TR-044291,Flatbed,701.8,1551.27,1653.7909450390853,102.52094503908529
TR-044292,Reefer,2002.2,4277.65,4402.222773636038,124.57277363603862
TR-044293,Reefer,730.2,1950.32,1867.3634747087754,82.95652529122458
TR-044294,Reefer,328.7,917.6,907.0069702597093,10.593029740290717
TR-044295,Dry Van,108.8,302.65,304.0070365294011,1.357036529401114
TR-044296,Flatbed,683.0,1548.61,1563.9247992880005,15.314799288000586
TR-044297,Reefer,3148.3,6263.27,6339.156026780133,75.88602678013285
TR-044298,Reefer,292.9,837.86,801.2137862664865,36.64621373351349
TR-044299,Dry Van,357.1,906.63,899.7953233685919,6.834676631408115
TR-044300,Flatbed,1351.5,2996.39,3070.6544992328268,74.26449923282689
TR-044301,Flatbed,310.5,825.14,843.3758281772908,18.23582817729084
TR-044302,Dry Van,557.1,1315.64,1284.3032686378494,31.33673136215066
TR-044303,Dry Van,459.2,1103.62,1088.5957173384718,15.024282661528105
TR-044304,Dry Van,1995.2,3801.19,3829.2205136605485,28.030513660548422
TR-044305,Dry Van,435.3,981.87,974.783590675584,7.086409324415968
TR-044306,Reefer,736.2,1659.84,1712.1308182222785,52.29081822227863
TR-044307,Dry Van,328.0,812.96,799.6555850120359,13.304414987964151
TR-044308,Reefer,716.6,1719.38,1745.5099289051502,26.12992890515011
TR-044309,Flatbed,2108.9,4330.69,4332.726938758088,2.0369387580885814
TR-044310,Dry Van,1665.9,3208.13,3190.1534278053814,17.97657219461871
TR-044311,Dry Van,3166.1,5697.12,5784.736162563563,87.6161625635632
TR-044312,Dry Van,478.4,411.17,1108.34892826142,697.17892826142
TR-044313,Dry Van,1580.7,3197.76,3277.304780435537,79.54478043553672
TR-044314,Dry Van,618.7,1387.71,1403.003430271499,15.293430271498892
TR-044315,Dry Van,945.8,2051.57,2074.196644256206,22.626644256205964
TR-044316,Dry Van,434.0,1066.71,1048.1521643303079,18.557835669692167
TR-044317,Reefer,1085.5,2517.8,2563.8271998381665,46.027199838166325
TR-044318,Dry Van,1034.4,2121.19,2117.095362872377,4.094637127623173
TR-044319,Dry Van,1826.8,3384.59,3392.704533063651,8.114533063650924
TR-044320,Dry Van,427.9,988.67,968.54385222087,20.12614777912995
TR-044321,Dry Van,261.7,626.31,620.3156251430892,5.994374856910781
TR-044322,Reefer,1896.7,3896.37,4082.714377116791,186.3443771167913
TR-044323,Flatbed,366.1,923.77,959.2637462654682,35.49374626546819
TR-044324,Flatbed,417.8,1025.83,1042.882016560854,17.0520165608541
TR-044325,Reefer,1315.9,2880.8,2937.854283004277,57.05428300427684
TR-044326,Dry Van,1182.0,2475.13,2508.94310792734,33.81310792733984
TR-044327,Dry Van,339.6,779.8,782.5761687939236,2.7761687939236026
TR-044328,Flatbed,339.8,919.26,925.6416188032986,6.381618803298579
TR-044329,Flatbed,1593.0,3104.79,3434.361538105268,329.57153810526825
TR-044330,Flatbed,391.6,977.05,983.1002989958897,6.0502989958897615
TR-044331,Dry Van,236.0,578.45,585.3201262050977,6.870126205097677
TR-044332,Reefer,1045.9,2499.24,2464.641666517104,34.59833348289567
TR-044333,Dry Van,565.0,1188.73,1184.4152520811756,4.314747918824423
TR-044334,Dry Van,844.2,1778.52,1736.8029719336091,41.71702806639087
TR-044335,Dry Van,3288.9,5920.59,5964.332013836079,43.74201383607851
TR-044336,Reefer,927.0,2154.76,2228.1563502579534,73.39635025795315
TR-044337,Dry Van,398.6,895.22,885.3287624343709,9.891237565629126
TR-044338,Dry Van,1591.5,3124.21,3118.898347924059,5.311652075940856
TR-044339,Dry Van,1344.8,2842.65,2778.3407041792716,64.3092958207285
TR-044340,Flatbed,523.1,1249.95,1290.9797817411666,41.029781741166516
TR-044341,Flatbed,3155.7,6512.76,6557.376181720746,44.61618172074577
TR-044342,Flatbed,1902.4,3955.44,4184.313155018493,228.87315501849253
TR-044343,Dry Van,533.1,1216.74,1190.6321425170393,26.107857482960753
TR-044344,Dry Van,1014.6,2089.49,2056.6455941927293,32.844405807270505
TR-044345,Dry Van,1040.0,10566.25,2096.3331134308046,8469.916886569195
TR-044346,Dry Van,2480.9,4668.25,4657.333479244435,10.916520755565216
TR-044347,Reefer,547.5,1334.51,1342.822525180197,8.312525180197099
TR-044348,Reefer,339.8,972.88,917.6917082073359,55.18829179266413
TR-044349,Dry Van,1528.0,3174.36,3169.9309793580637,4.429020641936404
TR-044350,Dry Van,1448.0,3098.28,2993.494723561908,104.7852764380923
TR-044351,Flatbed,3189.5,6080.94,6496.56759005841,415.62759005841053
TR-044352,Reefer,2512.9,5136.23,5156.236279518171,20.00627951817114
TR-044353,Dry Van,972.4,1984.99,1996.494983256662,11.504983256661944
TR-044354,Reefer,740.7,1763.19,1722.5450074397654,40.64499256023464
TR-044355,Flatbed,936.9,2070.12,2147.1444119225994,77.02441192259948
TR-044356,Dry Van,763.7,1645.67,1602.3251393715555,43.34486062844462
TR-044357,Reefer,2451.3,5333.52,5400.192653357866,66.67265335786578
TR-044358,Reefer,201.4,585.34,574.5151316799188,10.824868320081237
TR-044359,Flatbed,894.7,2056.8,2162.249183122872,105.449183122872
TR-044360,Flatbed,2189.8,4397.12,4513.655098986793,116.53509898679295
TR-044361,Dry Van,1008.3,2071.17,2053.8396548924457,17.33034510755442
TR-044362,Flatbed,1047.0,2242.32,2402.3059551156443,159.98595511564417
TR-044363,Dry Van,431.2,1085.63,1056.6721289615436,28.95787103845646
TR-044364,Dry Van,1667.9,3277.97,3371.1070534207847,93.13705342078492
TR-044365,Dry Van,805.1,1712.04,1722.7235311272882,10.683531127288234
TR-044366,Reefer,934.1,2247.82,2264.0944742591055,16.274474259105318
TR-044367,Reefer,1824.4,4165.0,4198.7879477778915,33.78794777789153
TR-044368,Flatbed,527.8,1396.12,1370.9066399381002,25.21336006189972
TR-044369,Dry Van,215.5,501.69,517.9760819090889,16.286081909088864
TR-044370,Dry Van,529.9,1152.09,1154.3421813995142,2.2521813995142566
TR-044371,Reefer,559.4,1461.55,1459.4227354604873,2.12726453951268
TR-044372,Dry Van,2320.8,4493.05,4445.664034456201,47.3859655437991
TR-044373,Dry Van,1824.8,3534.58,3449.061636906578,85.51836309342207
TR-044374,Flatbed,1237.0,2917.59,2894.6740016853096,22.91599831469057
TR-044375,Dry Van,1971.0,3657.67,3612.525642517406,45.14435748259393
TR-044376,Dry Van,921.4,1838.07,1833.7523284925976,4.317671507402338
TR-044377,Reefer,1246.1,3042.93,2982.1301436259228,60.79985637407708
TR-044378,Dry Van,1044.5,2100.15,2165.702913649194,65.55291364919412
TR-044379,Dry Van,86.8,257.52,247.56326360713055,9.95673639286943
TR-044380,Dry Van,285.1,741.71,734.6825970252186,7.027402974781467
TR-044381,Dry Van,2006.4,3741.48,3654.8148370511835,86.66516294881649
TR-044382,Dry Van,1047.3,1996.66,2124.958073152873,128.29807315287303
TR-044383,Dry Van,215.9,621.68,585.6394894116972,36.04051058830271
TR-044384,Reefer,664.8,1700.19,1681.4891697768528,18.70083022314725
TR-044385,Reefer,618.4,1500.99,1506.0706872091318,5.080687209131838
TR-044386,Dry Van,1325.9,2666.75,2624.5107585295013,42.239241470498655
TR-044387,Reefer,821.8,1875.44,1886.8050384941532,11.365038494153168
TR-044388,Flatbed,1090.4,2445.03,2535.5968045866143,90.56680458661413
TR-044389,Dry Van,3006.7,5670.75,5618.123195903568,52.62680409643235
TR-044390,Dry Van,1897.3,3544.19,3524.1631916210818,20.026808378918304
TR-044391,Dry Van,659.3,1308.91,1328.7413983124334,19.831398312433294
TR-044392,Flatbed,1366.0,2945.22,2934.6222953266215,10.597704673378303
TR-044393,Flatbed,2439.9,5009.84,5173.849072865956,164.0090728659561
TR-044394,Dry Van,869.6,1847.58,1808.6949980922257,38.88500190777427
TR-044395,Flatbed,2265.0,4694.66,4803.783800090693,109.1238000906933
TR-044396,Flatbed,1223.4,2735.4,2823.0865265252155,87.68652652521541
TR-044397,Dry Van,2334.3,4225.88,4296.223439748178,70.34343974817784
TR-044398,Dry Van,1492.0,3194.31,3117.6325748107597,76.67742518924024
TR-044399,Reefer,1441.3,3375.73,3382.1712721635167,6.4412721635167145
TR-044400,Reefer,558.5,1438.13,1445.8940741819229,7.7640741819227514
TR-044401,Dry Van,796.9,1719.59,1708.883254598004,10.706745401995931
TR-044402,Flatbed,1205.4,2735.62,2830.539661534578,94.91966153457815
TR-044403,Flatbed,1751.3,3817.37,3823.9119652887807,6.54196528878083
TR-044404,Dry Van,1703.6,3441.81,3358.2417766228677,83.5682233771322
TR-044405,Dry Van,424.1,1053.16,1019.904493694395,33.25550630560508
TR-044406,Dry Van,1234.9,2584.59,2545.7436552688264,38.84634473117376
TR-044407,Dry Van,2156.1,3962.36,3949.637807781889,12.722192218111104
TR-044408,Dry Van,1736.7,3502.63,3383.3314516057426,119.29854839425752
TR-044409,Reefer,439.3,1196.54,1185.8161414442982,10.723858555701781
TR-044410,Reefer,1097.7,2670.34,2625.6315247754114,44.70847522458871
TR-044411,Reefer,1145.9,2641.96,2680.954827271391,38.99482727139093
TR-044412,Reefer,182.1,515.65,517.2393905205485,1.589390520548477
TR-044413,Reefer,837.5,2047.8,2034.8698262284245,12.930173771575483
TR-044414,Dry Van,242.4,2281.75,627.2254954553389,1654.524504544661
TR-044415,Flatbed,549.4,1264.02,1303.2015391106347,39.18153911063473
TR-044416,Dry Van,2434.8,4584.93,4554.474803362189,30.45519663781124
TR-044417,Dry Van,1473.1,3093.95,3009.871071611733,84.07892838826683
TR-044418,Flatbed,894.5,1945.36,2030.988734205183,85.62873420518304
TR-044419,Dry Van,598.6,1324.61,1357.2491471277756,32.639147127775686
TR-044420,Dry Van,127.3,350.21,359.0433771195787,8.8333771195787
TR-044421,Dry Van,911.6,1777.07,1778.770605739399,1.7006057393989522
TR-044422,Dry Van,248.1,596.8,612.3785743792437,15.578574379243719
TR-044423,Dry Van,679.7,4747.88,1488.1330471465267,3259.7469528534734
TR-044424,Reefer,1078.9,2664.93,2614.9437827318156,49.98621726818419
TR-044425,Dry Van,876.7,1880.05,1850.451066252786,29.598933747214005
TR-044426,Dry Van,1252.3,2542.03,2573.1133826728637,31.083382672863536
TR-044427,Dry Van,2678.9,5016.11,4947.914403818517,68.19559618148287
TR-044428,Dry Van,238.3,599.05,574.4427156046023,24.60728439539764
TR-044429,Reefer,1967.7,4113.37,4106.263897552041,7.1061024479586195
TR-044430,Flatbed,942.2,2121.88,2161.8605435319223,39.980543531922194
TR-044431,Reefer,1126.9,2658.76,2662.6450321491984,3.885032149198196
TR-044432,Flatbed,555.2,1313.69,1316.6391610416897,2.949161041689649
TR-044433,Dry Van,825.7,1849.4,1769.3250793740667,80.07492062593337
TR-044434,Dry Van,447.1,1021.86,997.2414696984866,24.618530301513374
TR-044435,Reefer,324.2,961.45,915.0634190960521,46.3865809039479
TR-044436,Dry Van,1022.9,2090.03,2053.6669217393896,36.363078260610564
TR-044437,Dry Van,1114.9,2211.15,2160.5850621844775,50.564937815522626
TR-044438,Flatbed,363.6,911.78,933.4041040291368,21.624104029136788
TR-044439,Flatbed,1722.2,3852.58,3884.3341776679904,31.75417766799046
TR-044440,Dry Van,2902.6,5332.05,5432.367103414284,100.31710341428425
TR-044441,Reefer,662.6,1585.9,1659.1473456385668,73.24734563856669
TR-044442,Flatbed,3087.5,5938.75,6174.847984178227,236.0979841782273
TR-044443,Dry Van,444.9,995.1,1010.0784318970061,14.97843189700609
TR-044444,Dry Van,2326.7,4275.91,4276.613240903975,0.7032409039748018
TR-044445,Reefer,2295.4,4782.28,4798.199837508211,15.919837508211458
TR-044446,Dry Van,564.5,1266.91,1237.975433241407,28.934566758593064
TR-044447,Flatbed,2166.4,4404.31,4588.966881470522,184.6568814705215
TR-044448,Dry Van,2458.0,4516.71,4529.066315166421,12.356315166421155
TR-044449,Dry Van,436.1,1119.61,1065.6766852980902,53.933314701909694
TR-044450,Flatbed,1240.4,2617.72,2753.52067450555,135.80067450554998
TR-044451,Dry Van,977.5,1954.43,1879.5416072478392,74.88839275216083
TR-044452,Dry Van,189.7,506.9,508.17628793932687,1.2762879393268918
TR-044453,Dry Van,350.9,920.64,868.6527195022442,51.98728049775582
TR-044454,Reefer,1715.8,3737.47,3699.088810981319,38.38118901868074
TR-044455,Dry Van,2177.2,4327.96,4270.294871369746,57.665128630254
TR-044456,Reefer,977.7,2254.47,2303.4473526941865,48.97735269418672
TR-044457,Dry Van,826.6,1795.99,1785.65455591915,10.335444080850039
TR-044458,Dry Van,853.7,1922.84,1917.5293674531042,5.310632546895704
TR-044459,Reefer,1835.5,4049.21,4100.420574829537,51.21057482953711
TR-044460,Reefer,530.0,1371.17,1340.117543269611,31.052456730389167
TR-044461,Dry Van,3033.0,5791.84,5687.614969176478,104.2250308235225
TR-044462,Dry Van,467.8,1058.31,1039.8017754713087,18.508224528691244
TR-044463,Dry Van,997.8,2054.89,1992.258564913676,62.63143508632379
TR-044464,Reefer,1343.5,3037.14,3127.9508137223684,90.8108137223685
TR-044465,Dry Van,358.4,816.77,807.68876949837,9.081230501629989
TR-044466,Reefer,654.4,1573.0,1574.9299325293182,1.9299325293181937
TR-044467,Dry Van,614.4,1260.89,1240.5298954190484,20.360104580951656
TR-044468,Dry Van,1405.6,2916.35,2828.8477034240223,87.50229657597765
TR-044469,Dry Van,77.5,223.86,210.2012119676223,13.658788032377714
TR-044470,Flatbed,759.6,1777.76,1768.2906276334681,9.469372366531843
TR-044471,Dry Van,2534.4,4774.04,4642.797101245574,131.24289875442628
TR-044472,Dry Van,1716.1,3423.01,3425.1812948908364,2.1712948908361795
TR-044473,Reefer,1004.8,2413.73,2362.7574091186034,50.97259088139663
TR-044474,Dry Van,1797.4,3383.17,3367.5313552591997,15.638644740800373
TR-044475,Reefer,348.9,1029.53,978.7309566418634,50.7990433581366
TR-044476,Reefer,664.9,1550.3,1567.7645235314938,17.464523531493796
TR-044477,Dry Van,696.8,1544.43,1500.64284484757,43.78715515243016
TR-044478,Dry Van,2079.5,4135.5,4006.7035579956178,128.79644200438224
TR-044479,Dry Van,278.4,707.53,681.3759018369146,26.154098163085337
TR-044480,Flatbed,2059.1,4078.06,4312.128488366127,234.06848836612744
TR-044481,Dry Van,875.4,1955.55,1951.4620150649203,4.087984935079703
TR-044482,Dry Van,1416.3,2973.63,2925.085914832554,48.544085167446156
TR-044483,Dry Van,872.6,1956.4,1888.5173562757827,67.88264372421736
TR-044484,Reefer,716.8,1643.75,1687.5561767016893,43.80617670168931
TR-044485,Flatbed,282.8,811.54,791.0961694575553,20.44383054244463
TR-044486,Dry Van,355.2,802.51,820.923778945536,18.413778945536023
TR-044487,Dry Van,1074.1,2089.95,2079.050866392785,10.899133607214935
TR-044488,Reefer,781.4,1834.67,1873.9884962559356,39.31849625593554
TR-044489,Dry Van,386.0,841.52,866.0928133079511,24.57281330795115
TR-044490,Dry Van,2012.5,3969.29,3881.011898660498,88.27810133950197
TR-044491,Dry Van,705.5,1521.83,1479.1582089476346,42.67179105236528
TR-044492,Dry Van,186.7,464.23,466.1667755717815,1.9367755717814816
TR-044493,Dry Van,1059.5,2195.41,2153.539454753919,41.87054524608084
TR-044494,Dry Van,954.8,1962.57,1957.098277438612,5.471722561387878
TR-044495,Flatbed,359.8,905.33,915.5559195531882,10.225919553188191
TR-044496,Reefer,441.7,1125.21,1135.698344015458,10.48834401545787
TR-044497,Reefer,3061.6,6610.87,6687.647752916521,76.77775291652142
TR-044498,Dry Van,1427.1,2958.24,2947.391166460169,10.848833539830594
TR-044499,Reefer,2652.5,5686.14,5628.6172423959015,57.52275760409884
TR-044500,Reefer,1494.7,3519.69,3535.0104077329115,15.320407732911463
TR-044501,Dry Van,2059.8,3828.39,3794.2205829556046,34.16941704439523
TR-044502,Dry Van,2162.5,4282.29,4191.950681396795,90.33931860320536
TR-044503,Dry Van,650.2,5511.27,1397.4810712180042,4113.788928781996
TR-044504,Reefer,235.9,656.59,659.9840488667745,3.394048866774483
TR-044505,Dry Van,467.8,1044.29,1043.2918309292793,0.9981690707206781
TR-044506,Flatbed,1190.1,2611.99,2694.3956659201167,82.40566592011692
TR-044507,Reefer,1680.5,3806.22,3909.6935441050264,103.47354410502658
TR-044508,Reefer,581.0,1457.28,1462.2533236978093,4.973323697809292
TR-044509,Flatbed,368.1,973.83,968.616737530042,5.213262469958067
TR-044510,Reefer,831.4,1926.36,1931.6256583117843,5.265658311784364
TR-044511,Reefer,548.2,1431.35,1412.1130846671947,19.23691533280521
TR-044512,Flatbed,869.2,2149.17,2111.3550247819167,37.81497521808342
TR-044513,Dry Van,546.0,1241.75,1229.373797771589,12.376202228411103
TR-044514,Dry Van,2763.2,5053.13,5033.897291945392,19.232708054608338
TR-044515,Flatbed,383.6,958.28,945.1177770794309,13.162222920569093
TR-044516,Dry Van,512.3,1203.76,1188.3325090645928,15.42749093540715
TR-044517,Dry Van,1147.3,2237.63,2242.8996816797876,5.269681679787482
TR-044518,Dry Van,512.4,1117.48,1124.737379346121,7.25737934612107
TR-044519,Flatbed,1696.1,3466.55,3641.4390140045084,174.88901400450823
TR-044520,Reefer,611.0,1571.77,1584.2457477884655,12.475747788465469
TR-044521,Reefer,778.6,1901.84,1893.9290264027493,7.910973597250631
TR-044522,Reefer,1135.0,2504.88,2590.796013428423,85.91601342842296
TR-044523,Flatbed,223.0,611.91,613.0315046309432,1.1215046309432637
TR-044524,Dry Van,310.0,2940.49,743.029772010816,2197.4602279891837
TR-044525,Dry Van,2016.7,3704.53,3664.4432493726345,40.086750627365745
TR-044526,Dry Van,476.7,1095.83,1074.6989110017903,21.131088998209634
TR-044527,Dry Van,2073.2,4016.71,4017.6606836111428,0.9506836111427219
TR-044528,Dry Van,792.5,1701.51,1672.2721757132308,29.237824286769182
TR-044529,Reefer,2673.7,5687.25,5809.537138099778,122.28713809977762
TR-044530,Reefer,2471.1,4901.87,5106.257206916702,204.38720691670187
TR-044531,Flatbed,2254.9,4501.42,4598.731063418788,97.31106341878785
TR-044532,Reefer,2194.2,4628.73,4742.016820826785,113.28682082678552
TR-044533,Reefer,2205.7,5069.63,4884.198496050261,185.43150394973873
TR-044534,Flatbed,1730.1,3540.21,3663.4472455669325,123.23724556693242
TR-044535,Dry Van,2012.3,3957.89,3938.92138785084,18.96861214915998
TR-044536,Dry Van,2082.8,3939.62,3879.3032801249137,60.316719875086164
TR-044537,Dry Van,820.8,1639.77,1661.2497523485179,21.479752348517877
TR-044538,Dry Van,285.2,665.88,660.2971943630413,5.58280563695871
TR-044539,Dry Van,407.1,942.96,927.4903265012989,15.469673498701127
TR-044540,Dry Van,1270.4,2603.65,2600.5840103791825,3.065989620817618
TR-044541,Reefer,896.3,2071.76,2138.446682413123,66.68668241312298
TR-044542,Dry Van,746.9,1691.61,1676.3427880968152,15.267211903184716
TR-044543,Dry Van,2308.3,4241.74,4360.85253320376,119.11253320376
TR-044544,Dry Van,1982.6,3757.74,3694.4234053483005,63.31659465169923
TR-044545,Dry Van,525.2,1152.84,1169.5521243561047,16.712124356104823
TR-044546,Dry Van,775.1,1789.11,1753.1599127485194,35.950087251480454
TR-044547,Dry Van,285.1,742.74,727.1491497149128,15.590850285087186
TR-044548,Dry Van,314.6,794.34,767.7458049733266,26.594195026673447
TR-044549,Dry Van,776.3,1612.45,1605.3533169260006,7.096683073999429
TR-044550,Flatbed,2025.9,4242.66,4409.391652330633,166.73165233063355
TR-044551,Dry Van,880.1,1769.34,1731.8312474992438,37.508752500756145
TR-044552,Dry Van,641.8,1423.71,1397.0127348337708,26.697265166229272
TR-044553,Dry Van,711.4,1653.45,1611.6907490126098,41.75925098739026
TR-044554,Dry Van,988.9,2008.89,1996.002232688006,12.88776731199414
TR-044555,Dry Van,439.5,1077.79,1068.6046006228999,9.185399377100111
TR-044556,Dry Van,455.6,367.67,1016.1802347599174,648.5102347599175
TR-044557,Flatbed,322.1,874.67,867.7577166519189,6.912283348081019
TR-044558,Reefer,312.9,856.91,834.6849404328459,22.225059567154062
TR-044559,Flatbed,2724.0,5584.9,5700.458406310036,115.55840631003593
TR-044560,Dry Van,431.3,1059.7,1027.1609209656788,32.539079034321276
TR-044561,Reefer,1189.9,2781.77,2844.7697128302834,62.99971283028344
TR-044562,Dry Van,836.5,1776.94,1698.218476580514,78.72152341948595
TR-044563,Dry Van,791.4,1556.42,1554.696821903828,1.7231780961719778
TR-044564,Flatbed,1021.1,2283.31,2330.6449823902867,47.33498239028677
TR-044565,Reefer,560.4,1484.72,1449.6069127387475,35.11308726125253
TR-044566,Flatbed,519.5,1264.57,1278.4270050334978,13.857005033497899
TR-044567,Dry Van,1154.0,2415.68,2338.5652476521655,77.11475234783438
TR-044568,Dry Van,82.8,231.71,221.97650564773207,9.73349435226794
TR-044569,Dry Van,1751.0,3521.35,3453.267124161428,68.08287583857191
TR-044570,Dry Van,1156.8,2405.13,2363.1802002670156,41.9497997329845
TR-044571,Reefer,83.1,282.04,253.8527734839304,28.187226516069614
TR-044572,Dry Van,581.0,1163.86,1167.4154552474738,3.555455247473901
TR-044573,Dry Van,626.7,1445.85,1402.8624772238131,42.98752277618678
TR-044574,Dry Van,1689.3,3348.58,3335.9961038714705,12.583896128529432
TR-044575,Dry Van,140.5,396.7,390.8775348780359,5.822465121964115
TR-044576,Flatbed,2060.7,4226.48,4315.492224327757,89.0122243277574
TR-044577,Dry Van,611.8,1415.91,1395.2709596517948,20.6390403482053
TR-044578,Reefer,2821.2,5360.52,5546.953054897969,186.43305489796876
TR-044579,Flatbed,1061.4,2275.93,2363.706922477337,87.77692247733694
TR-044580,Dry Van,793.1,1853.27,1781.2924942751772,71.97750572482278
TR-044581,Reefer,436.0,1128.32,1125.1098125941353,3.2101874058646445
TR-044582,Dry Van,925.9,1898.58,1911.238764610529,12.658764610529033
TR-044583,Dry Van,1794.9,3378.19,3321.7889415139102,56.40105848608982
TR-044584,Dry Van,451.0,1028.21,1023.4940292628345,4.715970737165549
TR-044585,Reefer,450.8,1244.46,1219.4725917862972,24.987408213702793
TR-044586,Reefer,975.1,2302.46,2263.5596473675705,38.90035263242953
TR-044587,Flatbed,1694.8,3759.04,3777.979892475978,18.939892475978013
TR-044588,Dry Van,1126.9,2435.89,2363.5041881136167,72.38581188638318
TR-044589,Dry Van,1160.7,2421.18,2296.5017514510155,124.67824854898436
TR-044590,Reefer,1889.9,4254.93,4209.2657461283825,45.6642538716178
TR-044591,Dry Van,956.9,2033.38,1992.515983028331,40.864016971669116
TR-044592,Dry Van,476.1,993.54,1030.2431847620906,36.703184762090586
TR-044593,Dry Van,368.8,789.41,806.493064399001,17.083064399001046
TR-044594,Reefer,939.1,2242.33,2208.576041315079,33.753958684921145
TR-044595,Flatbed,2164.4,4589.65,4654.813863246494,65.16386324649466
TR-044596,Reefer,1475.2,3217.79,3322.6436230810136,104.85362308101367
TR-044597,Dry Van,1403.3,2864.16,2829.0482333678774,35.11176663212245
TR-044598,Reefer,951.6,2174.63,2148.9926193921633,25.637380607836803
TR-044599,Dry Van,1136.1,2343.86,2338.82524570363,5.034754296370011
TR-044600,Dry Van,2294.4,4335.83,4319.2026277887635,16.627372211236434
TR-044601,Reefer,1737.0,3522.2,3628.2017907519885,106.00179075198866
TR-044602,Dry Van,388.0,915.66,893.9067782574031,21.753221742596907
TR-044603,Reefer,1134.6,2507.38,2553.1649293511077,45.78492935110762
TR-044604,Flatbed,1791.8,3614.88,3786.7306209533263,171.85062095332614
TR-044605,Flatbed,941.5,2154.79,2181.693691447333,26.90369144733313
TR-044606,Flatbed,2752.5,5539.54,5727.022006388581,187.48200638858088
TR-044607,Dry Van,1985.6,3574.14,3540.1647919415677,33.975208058432145
TR-044608,Dry Van,1031.6,1984.11,2021.321380600202,37.21138060020212
TR-044609,Reefer,1787.3,4085.99,3943.892161833749,142.09783816625077
TR-044610,Dry Van,1650.0,3224.7,3199.3206614218684,25.37933857813141
TR-044611,Dry Van,1979.1,3692.86,3694.058021926085,1.198021926084948
TR-044612,Reefer,1625.9,3564.26,3613.4782232345924,49.21822323459219
TR-044613,Dry Van,1295.1,2527.85,2460.332053614399,67.51794638560114
TR-044614,Reefer,307.6,2094.59,857.6885963578007,1236.9014036421995
TR-044615,Dry Van,540.2,1264.94,1257.776995127886,7.163004872114016
TR-044616,Dry Van,1060.8,2194.61,2139.7894520319046,54.820547968095525
TR-044617,Dry Van,2161.9,4045.17,3979.089706927555,66.08029307244487
TR-044618,Reefer,1829.1,3893.83,3901.8501425428117,8.020142542811755
TR-044619,Flatbed,689.3,1653.38,1690.808027859678,37.42802785967797
TR-044620,Flatbed,2026.0,4118.68,4251.461351799083,132.78135179908259
TR-044621,Flatbed,2051.9,4176.34,4245.330482227054,68.99048222705369
TR-044622,Dry Van,1074.6,2062.28,2080.7356738529097,18.455673852909513
TR-044623,Reefer,730.3,1806.72,1784.779486311999,21.94051368800092
TR-044624,Dry Van,2708.6,4782.29,4754.570068868018,27.719931131981866
TR-044625,Dry Van,681.8,1473.33,1482.1448241407365,8.814824140736619
TR-044626,Reefer,611.3,1562.83,1532.2641280017388,30.565871998261173
TR-044627,Reefer,919.7,2032.95,2063.60602832965,30.6560283296501
TR-044628,Reefer,1820.1,3836.59,3796.6164832789964,39.97351672100376
TR-044629,Flatbed,2011.1,4088.24,4230.38647358238,142.14647358238017
TR-044630,Dry Van,1702.5,3500.41,3411.4389672815746,88.97103271842525
TR-044631,Dry Van,823.1,1738.92,1749.3880635173189,10.468063517318797
TR-044632,Flatbed,2797.9,5899.4,5852.490727170245,46.90927282975463
TR-044633,Flatbed,1980.2,4160.02,4138.725862736485,21.29413726351504
TR-044634,Reefer,2106.5,4594.27,4586.492781894736,7.777218105264183
TR-044635,Flatbed,431.3,960.78,1024.676121659075,63.896121659075106
TR-044636,Dry Van,1401.6,2855.05,2833.0632114160544,21.98678858394578
TR-044637,Dry Van,153.4,379.54,381.2932084842232,1.7532084842231939
TR-044638,Flatbed,457.6,1199.69,1152.6241555781965,47.065844421803604
TR-044639,Dry Van,968.9,2093.43,2074.6755048676714,18.75449513232843
TR-044640,Reefer,2692.2,5694.27,5625.771191788247,68.49880821175338
TR-044641,Flatbed,1887.2,3828.99,3963.6454593400745,134.65545934007469
TR-044642,Reefer,1829.7,3758.85,3831.4872247657213,72.63722476572138
TR-044643,Flatbed,2821.0,5681.14,5821.242393020599,140.10239302059836
TR-044644,Dry Van,347.8,803.07,786.6615661018091,16.408433898190992
TR-044645,Dry Van,769.4,1590.39,1571.2463873186812,19.143612681318928
TR-044646,Dry Van,1708.9,3398.84,3447.346582866046,48.50658286604585
TR-044647,Dry Van,2672.2,4761.97,4642.577312096662,119.3926879033379
TR-044648,Flatbed,1316.7,2890.9,2884.5751319757205,6.324868024279567
TR-044649,Reefer,324.1,866.98,858.0184906299352,8.961509370064846
TR-044650,Dry Van,1265.9,2545.24,2492.3629513082774,52.87704869172239
TR-044651,Reefer,1042.9,2601.44,2515.364310293934,86.07568970606599
TR-044652,Dry Van,517.5,1283.49,1214.8048296957688,68.68517030423118
TR-044653,Dry Van,615.0,1327.27,1331.9607268060863,4.690726806086332
TR-044654,Flatbed,952.6,2213.71,2300.3203747649623,86.61037476496222
TR-044655,Dry Van,1177.0,2460.2,2477.264363811258,17.064363811258318
TR-044656,Reefer,272.9,798.7,767.9445093317838,30.755490668216225
TR-044657,Dry Van,383.0,906.37,897.9950738073245,8.374926192675503
TR-044658,Dry Van,1376.4,2636.13,2664.996153861271,28.86615386127096
TR-044659,Dry Van,500.7,1146.59,1160.4169937558809,13.826993755880949
TR-044660,Dry Van,672.6,1430.83,1376.7978904690472,54.032109530952766
TR-044661,Dry Van,1189.8,2381.74,2365.6895946918526,16.05040530814722
TR-044662,Flatbed,821.5,1862.97,1875.3153136948076,12.3453136948076
TR-044663,Dry Van,246.4,634.08,626.2508351189867,7.829164881013298
TR-044664,Dry Van,333.1,877.06,835.6083393759712,41.451660624028705
TR-044665,Flatbed,1094.2,2343.09,2483.8010985985597,140.7110985985596
TR-044666,Dry Van,292.3,770.02,750.7554518567322,19.264548143267803
TR-044667,Dry Van,514.2,1180.98,1182.725668638793,1.7456686387929494
TR-044668,Dry Van,1140.1,2260.68,2255.746970129318,4.933029870681821
TR-044669,Reefer,1627.4,3613.73,3733.327788758136,119.59778875813618
TR-044670,Dry Van,656.4,1431.42,1389.3942259929424,42.025774007057635
TR-044671,Dry Van,444.7,200.31,1008.6434132593131,808.3334132593131
TR-044672,Dry Van,1475.4,2740.91,2804.3513001856586,63.44130018565875
TR-044673,Dry Van,1540.1,3052.02,3063.2363400021145,11.21634000211452
TR-044674,Dry Van,1781.8,3638.92,3550.21489396824,88.7051060317599
TR-044675,Dry Van,1709.6,3223.52,3213.6475039261404,9.872496073859566
TR-044676,Reefer,2440.1,5148.13,5248.4007909830325,100.27079098303238
TR-044677,Reefer,3094.1,6336.16,6320.0174523827645,16.142547617235323
TR-044678,Dry Van,692.6,1505.85,1458.5124666182749,47.33753338172505
TR-044679,Dry Van,1237.2,2540.67,2470.614871243325,70.055128756675
TR-044680,Dry Van,627.3,1331.84,1295.407369402213,36.43263059778701
TR-044681,Dry Van,750.3,1633.71,1559.2561557244198,74.4538442755802
TR-044682,Flatbed,1978.5,4065.44,4070.769588276106,5.329588276105824
TR-044683,Reefer,1177.8,2737.93,2792.622551121654,54.692551121654105
TR-044684,Dry Van,540.8,1092.65,1132.6338022975904,39.98380229759027
TR-044685,Dry Van,2496.8,4871.12,4727.996365158981,143.12363484101934
TR-044686,Dry Van,545.7,1190.14,1163.8441912241908,26.29580877580929
TR-044687,Dry Van,389.5,905.9,866.7231477947632,39.17685220523674
TR-044688,Dry Van,384.7,875.41,887.5309849292499,12.120984929249971
TR-044689,Flatbed,899.3,2080.96,2177.0689623538033,96.10896235380324
TR-044690,Flatbed,1501.1,3355.91,3396.3799003800805,40.46990038008062
TR-044691,Flatbed,1064.8,2357.78,2373.5057857612055,15.725785761205316
TR-044692,Reefer,1672.5,3711.34,3818.2209988937084,106.88099889370824
TR-044693,Dry Van,914.1,362.69,1743.1617095653535,1380.4717095653534
TR-044694,Flatbed,1827.8,3873.54,3852.13539614065,21.404603859350118
TR-044695,Dry Van,371.2,833.33,822.620652099501,10.709347900499097
TR-044696,Dry Van,1316.1,2599.36,2548.7643321743535,50.595667825646615
TR-044697,Dry Van,1011.5,2073.63,2054.9576434317655,18.67235656823459
TR-044698,Dry Van,329.2,838.28,822.8950455783788,15.38495442162116
TR-044699,Dry Van,418.7,961.44,970.4916024339245,9.051602433924472
TR-044700,Reefer,712.6,1654.14,1686.042860395718,31.90286039571788
TR-044701,Dry Van,877.8,1747.88,1814.287206010811,66.4072060108108
TR-044702,Flatbed,250.7,710.97,704.1834881565418,6.786511843458243
TR-044703,Reefer,201.7,610.44,579.0740217420463,31.36597825795377
TR-044704,Dry Van,548.2,1258.79,1236.5264469670753,22.26355303292462
TR-044705,Dry Van,836.9,1787.06,1753.3318033168603,33.728196683139686
TR-044706,Dry Van,238.2,637.89,621.7643960306051,16.125603969394888
TR-044707,Reefer,976.1,2339.21,2340.3058633705655,1.0958633705654393
TR-044708,Dry Van,773.3,1608.79,1520.1406719386246,88.6493280613754
TR-044709,Dry Van,2027.2,3775.5,3712.9804568072022,62.519543192797755
TR-044710,Dry Van,461.2,1003.34,1000.4501521447289,2.889847855271114
TR-044711,Dry Van,525.4,1226.9,1228.9918075994256,2.091807599425465
TR-044712,Dry Van,1952.7,3849.77,3722.4502888824795,127.31971111752046
TR-044713,Dry Van,579.4,1328.5,1294.6104593625444,33.88954063745564
TR-044714,Dry Van,1122.4,2169.55,2130.6485243253314,38.901475674668745
TR-044715,Flatbed,956.0,2089.85,2147.8510885106116,58.00108851061168
TR-044716,Dry Van,940.7,1909.37,1878.975253119825,30.394746880174807
TR-044717,Dry Van,1838.9,3714.5,3631.9081847875655,82.59181521243454
TR-044718,Dry Van,749.8,1525.78,1499.0974393953466,26.682560604653418
TR-044719,Dry Van,1536.8,3046.89,3011.6248279746433,35.265172025356605
TR-044720,Reefer,973.7,2290.09,2273.91350310155,16.176496898450296
TR-044721,Dry Van,1663.5,3221.15,3181.2399895922413,39.91001040775882
TR-044722,Dry Van,586.5,1288.83,1263.3714132099979,25.458586790002073
TR-044723,Dry Van,1234.4,2573.69,2568.1074594260976,5.582540573902406
TR-044724,Reefer,722.3,1717.37,1727.700091533073,10.330091533073073
TR-044725,Flatbed,863.0,1955.02,1984.7309280530533,29.710928053053294
TR-044726,Dry Van,861.2,1835.97,1864.4048617156116,28.434861715611532
TR-044727,Dry Van,2061.9,3745.12,3816.77524014795,71.65524014795028
TR-044728,Dry Van,315.7,750.33,727.2638442467372,23.06615575326282
TR-044729,Dry Van,1689.5,3518.45,3404.335081897984,114.11491810201596
TR-044730,Flatbed,1659.7,3543.04,3565.5049730328715,22.464973032871512
TR-044731,Flatbed,2134.7,4130.04,4301.553472642883,171.51347264288324
TR-044732,Dry Van,952.7,2066.18,2022.5434457015613,43.63655429843857
TR-044733,Reefer,1877.8,3996.28,4086.2902366280928,90.01023662809257
TR-044734,Reefer,922.3,2143.64,2157.7508497839367,14.110849783936828
TR-044735,Dry Van,1218.3,2526.69,2523.5317835031506,3.158216496849491
TR-044736,Dry Van,655.2,1451.28,1439.2759725784151,12.004027421584851
TR-044737,Dry Van,246.2,624.8,627.8231319115401,3.0231319115401902
TR-044738,Reefer,1939.9,4266.12,4271.089517358394,4.969517358394114
TR-044739,Dry Van,627.8,1446.63,1413.0457113545772,33.58428864542293
TR-044740,Dry Van,781.7,1659.78,1639.484996558786,20.29500344121402
TR-044741,Flatbed,212.2,592.16,596.8753647716425,4.7153647716424985
TR-044742,Dry Van,1995.0,3718.09,3730.849746914362,12.75974691436204
TR-044743,Flatbed,1182.9,2569.64,2680.144592848187,110.50459284818726
TR-044744,Reefer,1731.4,3529.82,3642.1382701087305,112.3182701087303
TR-044745,Flatbed,398.9,995.91,1001.0685812428554,5.158581242855462
TR-044746,Dry Van,1220.0,2469.04,2504.045146331351,35.00514633135117
TR-044747,Dry Van,533.4,1185.3,1181.2118859558832,4.0881140441167645
TR-044748,Dry Van,586.5,1222.96,1266.5833684975423,43.62336849754229
TR-044749,Flatbed,332.3,830.84,839.0351378516234,8.195137851623372
TR-044750,Reefer,817.3,1833.98,1913.5301547192541,79.55015471925412
TR-044751,Reefer,2241.6,4593.62,4661.421095090137,67.8010950901371
TR-044752,Dry Van,253.3,576.81,600.9020476215376,24.09204762153763
TR-044753,Flatbed,1247.9,2696.69,2800.8603234260177,104.1703234260176
TR-044754,Dry Van,1499.4,2900.53,2999.999911031562,99.46991103156188
TR-044755,Dry Van,582.0,1409.03,1330.8216616008601,78.20833839913985
TR-044756,Flatbed,114.6,330.59,330.71375277412676,0.12375277412678543
TR-044757,Dry Van,1249.6,2634.45,2543.8897501434785,90.5602498565213
TR-044758,Dry Van,1591.9,3226.88,3122.2795850686543,104.60041493134577
TR-044759,Dry Van,710.5,1539.47,1479.8664400563482,59.60355994365182
TR-044760,Flatbed,524.0,1278.47,1296.8595460649492,18.389546064949172
TR-044761,Flatbed,468.3,1171.99,1187.8448555189725,15.8548555189725
TR-044762,Reefer,220.4,652.79,636.4162814947636,16.37371850523641
TR-044763,Reefer,1054.5,2435.68,2470.3363925914346,34.656392591434724
TR-044764,Dry Van,464.4,1097.91,1076.9244500557938,20.98554994420624
TR-044765,Reefer,1131.8,2539.48,2557.8459423201075,18.36594232010748
TR-044766,Dry Van,446.3,1029.56,1026.1676851720936,3.3923148279063753
TR-044767,Dry Van,1172.6,2369.47,2367.48050392988,1.9894960701199125
TR-044768,Dry Van,995.6,2008.85,2006.288011628022,2.5619883719778045
TR-044769,Flatbed,768.6,1774.03,1804.1502672319002,30.120267231900243
TR-044770,Reefer,1620.0,3453.25,3606.2844517551325,153.03445175513252
TR-044771,Dry Van,590.0,1450.86,1375.8844724523824,74.9755275476175
TR-044772,Flatbed,2089.2,4264.86,4442.810996501277,177.9509965012776
TR-044773,Dry Van,997.0,1850.81,1925.6354089717586,74.82540897175863
TR-044774,Dry Van,1623.4,3135.88,3072.7311439500927,63.14885604990741
TR-044775,Dry Van,313.8,765.24,759.3434031460997,5.8965968539002915
TR-044776,Dry Van,1877.7,3622.4,3572.815408293638,49.58459170636206
TR-044777,Dry Van,1008.7,2038.84,2034.1554590899063,4.684540910093574
TR-044778,Flatbed,2035.8,3969.34,4221.434948370437,252.09494837043712
TR-044779,Dry Van,3031.5,5512.17,5464.1400233200375,48.0299766799626
TR-044780,Dry Van,1101.4,2181.21,2120.387857007755,60.82214299224506
TR-044781,Dry Van,1035.2,2154.25,2102.160519979561,52.08948002043917
TR-044782,Dry Van,1293.8,2695.97,2607.384910187491,88.58508981250861
TR-044783,Dry Van,2638.6,4912.78,4906.261753952395,6.518246047604407
TR-044784,Flatbed,674.2,1551.1,1582.6707589717837,31.57075897178379
TR-044785,Dry Van,1981.9,3763.44,3724.061159020369,39.37884097963115
TR-044786,Dry Van,2721.3,4836.65,4841.719902675347,5.0699026753472936
TR-044787,Dry Van,1415.2,2770.88,2834.444135220465,63.56413522046478
TR-044788,Dry Van,609.9,1366.29,1359.8273717942702,6.462628205729743
TR-044789,Dry Van,2181.5,4022.24,3935.529914459893,86.71008554010677
TR-044790,Dry Van,1641.8,3331.13,3278.8908443231353,52.23915567686481
TR-044791,Dry Van,539.8,1225.76,1175.0942553427496,50.66574465725034
TR-044792,Dry Van,374.2,913.55,885.0274953982941,28.522504601705805
TR-044793,Dry Van,2074.4,4235.01,4113.981476763024,121.02852323697607
TR-044794,Reefer,304.8,815.47,808.2465048254728,7.223495174527216
TR-044795,Reefer,1237.2,2868.54,2886.349536060624,17.80953606062394
TR-044796,Reefer,308.5,843.59,841.7786188526475,1.811381147352563
TR-044797,Reefer,957.4,2296.11,2280.0138865332574,16.096113466742736
TR-044798,Dry Van,1447.6,2811.96,2799.785918998764,12.174081001236118
TR-044799,Dry Van,1179.2,2415.75,2357.3834323324622,58.366567667537765
TR-044800,Dry Van,1426.2,2823.06,2821.445987446319,1.6140125536808227
TR-044801,Dry Van,310.9,745.09,771.4241444191204,26.33414441912032
TR-044802,Dry Van,1012.6,2086.52,2050.9189635742773,35.60103642572267
TR-044803,Dry Van,136.3,374.65,379.1324099825833,4.482409982583306
TR-044804,Flatbed,1012.8,2215.66,2236.86308671527,21.203086715270274
TR-044805,Reefer,1131.2,2603.08,2625.2487186342523,22.1687186342524
TR-044806,Flatbed,750.1,1687.27,1683.1707158878803,4.099284112119676
TR-044807,Dry Van,1076.8,2232.09,2230.9633150913,1.1266849087000992
TR-044808,Reefer,2594.3,5298.97,5421.472043809374,122.50204380937339
TR-044809,Reefer,1261.1,2749.99,2869.147462005491,119.1574620054912
TR-044810,Dry Van,402.3,954.62,948.2596087285257,6.360391271474327
TR-044811,Flatbed,1454.8,2995.69,3115.8014455952857,120.11144559528566
TR-044812,Dry Van,1071.3,2266.03,2225.8006123019195,40.2293876980807
TR-044813,Dry Van,547.0,1260.72,1253.5881388137013,7.131861186298693
TR-044814,Dry Van,760.0,1530.36,1489.2847836221565,41.07521637784339
TR-044815,Flatbed,1331.7,2836.3,2859.7768662745852,23.476866274585063
TR-044816,Reefer,2136.4,4245.61,4477.248132377623,231.63813237762315
TR-044817,Dry Van,683.3,1560.25,1501.4052527653305,58.84474723466951
TR-044818,Dry Van,502.5,1092.72,1116.503343522716,23.783343522715995
TR-044819,Reefer,791.3,1765.53,1772.0339219784642,6.503921978464177
TR-044820,Dry Van,1080.2,2297.87,2221.535392932548,76.334607067452
TR-044821,Dry Van,371.9,845.88,852.2758882744281,6.395888274428103
TR-044822,Dry Van,730.1,1429.24,1419.3122163120531,9.927783687946885
TR-044823,Dry Van,1193.6,2375.68,2402.2521259982773,26.572125998277443
TR-044824,Flatbed,730.2,1693.39,1698.6004257170525,5.210425717052431
TR-044825,Dry Van,329.2,850.11,825.9071216717681,24.202878328231918
TR-044826,Flatbed,1190.0,2482.78,2534.5605981646822,51.78059816468203
TR-044827,Dry Van,2204.7,4042.27,4094.3140102644115,52.044010264411554
TR-044828,Dry Van,749.7,1656.01,1654.8096406980915,1.2003593019085201
TR-044829,Dry Van,323.6,743.88,744.9865989982485,1.1065989982485007
TR-044830,Dry Van,2734.6,4972.57,4930.907799160672,41.66220083932785
TR-044831,Reefer,1055.3,2476.8,2474.9185403149436,1.8814596850565977
TR-044832,Flatbed,1056.0,2236.15,2322.052543856262,85.90254385626213
TR-044833,Dry Van,200.6,574.74,548.2733848217244,26.46661517827556
TR-044834,Flatbed,802.3,1861.31,1924.4417123487842,63.131712348784276
TR-044835,Reefer,694.5,1599.63,1640.5490402612782,40.91904026127804
TR-044836,Dry Van,2296.4,4403.49,4403.4929242232765,0.0029242232767501264
TR-044837,Dry Van,1430.1,2854.96,2933.489462311702,78.52946231170199
TR-044838,Flatbed,355.4,931.92,941.7547837672894,9.834783767289423
TR-044839,Dry Van,1008.9,2033.84,1978.4995050282837,55.340494971716225
TR-044840,Dry Van,181.3,502.51,485.04867636479577,17.461323635204224
TR-044841,Dry Van,978.0,1954.46,2009.7311427462748,55.27114274627479
TR-044842,Dry Van,603.2,1326.6,1335.7129421608504,9.11294216085048
TR-044843,Dry Van,428.0,1007.0,991.8396390835538,15.160360916446166
TR-044844,Flatbed,239.2,692.79,676.7631351454199,16.026864854580026
TR-044845,Flatbed,718.0,1611.87,1648.9349365700036,37.06493657000374
TR-044846,Dry Van,549.8,1215.94,1194.4268909791008,21.513109020899265
TR-044847,Reefer,2374.8,5148.98,5148.066324473543,0.9136755264562453
TR-044848,Dry Van,1000.7,2077.18,2032.719352997028,44.46064700297188
TR-044849,Dry Van,816.1,1808.89,1795.7011630494899,13.188836950510222
TR-044850,Dry Van,1994.0,4011.46,3796.185269669096,215.27473033090382
TR-044851,Dry Van,315.9,749.86,733.6143775708013,16.24562242919876
TR-044852,Flatbed,431.3,1039.91,1042.3948254447712,2.4848254447711042
TR-044853,Dry Van,559.0,1146.55,1117.4452726858633,29.104727314136653
TR-044854,Dry Van,135.0,355.43,366.3599114402321,10.929911440232104
TR-044855,Dry Van,1563.3,3116.69,3056.187204628764,60.50279537123606
TR-044856,Dry Van,457.5,1097.0,1092.4271971162286,4.572802883771374
TR-044857,Reefer,1598.5,3693.98,3695.080859929613,1.1008599296128523
TR-044858,Reefer,1353.2,3019.09,3067.813519308968,48.72351930896775
TR-044859,Flatbed,603.9,1376.4,1416.0107231015925,39.610723101592384
TR-044860,Flatbed,369.8,938.27,958.6439067785192,20.3739067785192
TR-044861,Dry Van,1407.7,2823.1,2793.9721764164965,29.127823583503414
TR-044862,Dry Van,2209.0,3892.95,3928.038542169222,35.088542169222364
TR-044863,Reefer,1176.7,2514.31,2626.2408744115223,111.93087441152238
TR-044864,Dry Van,856.5,1722.2,1706.5209731159684,15.6790268840316
TR-044865,Flatbed,1646.5,3391.39,3462.7038283546576,71.31382835465774
TR-044866,Reefer,429.0,1201.66,1143.0989867199808,58.561013280019324
TR-044867,Dry Van,2798.8,4879.73,4930.819467764419,51.08946776441917
TR-044868,Dry Van,619.8,1401.87,1387.9622905693411,13.90770943065877
TR-044869,Dry Van,750.3,1541.11,1514.188534727156,26.92146527284399
TR-044870,Dry Van,1230.6,2345.48,2320.3540267846515,25.125973215348495
TR-044871,Reefer,1453.1,3189.26,3215.5733556070827,26.313355607082485
TR-044872,Dry Van,751.3,1523.39,1496.9536509798627,26.436349020137413
TR-044873,Reefer,983.5,2187.08,2244.2825582811824,57.20255828118252
TR-044874,Flatbed,1409.1,2896.66,3130.987334660968,234.32733466096806
TR-044875,Flatbed,706.9,1585.01,1655.0299492810402,70.01994928104023
TR-044876,Dry Van,506.5,1180.75,1188.692351305367,7.942351305367083
TR-044877,Dry Van,803.1,1651.48,1668.5925829820228,17.112582982022786
TR-044878,Dry Van,1366.6,2915.51,2818.7986994486264,96.71130055137382
TR-044879,Dry Van,2146.4,4106.96,4094.8932330828793,12.06676691712073
TR-044880,Reefer,369.3,972.47,955.3795113948322,17.09048860516782
TR-044881,Dry Van,951.7,1839.31,1829.8865410796168,9.423458920383155
TR-044882,Reefer,1833.2,3962.35,3966.0808032736013,3.7308032736013956
TR-044883,Flatbed,1195.8,2680.49,2742.452399166062,61.96239916606237
TR-044884,Dry Van,819.2,1681.22,1731.5264973868293,50.30649738682928
TR-044885,Dry Van,610.2,1312.85,1319.0811899451207,6.231189945120832
TR-044886,Reefer,352.7,958.68,953.789640511958,4.890359488041895
TR-044887,Dry Van,2144.2,3864.18,3872.8721911694233,8.692191169423495
TR-044888,Reefer,1854.4,3843.11,3918.937674384539,75.82767438453902
TR-044889,Dry Van,2755.5,4837.8,4801.189455900349,36.610544099651634
TR-044890,Dry Van,1415.1,2799.64,2828.9011747574455,29.261174757445588
TR-044891,Dry Van,546.7,432.52,1264.712089982126,832.1920899821259
TR-044892,Reefer,961.7,2329.16,2322.1784828590626,6.981517140937285
TR-044893,Dry Van,1578.1,3231.04,3203.237342998694,27.80265700130576
TR-044894,Flatbed,621.0,1505.96,1520.5424368797824,14.582436879782335
TR-044895,Reefer,505.3,1172.21,1208.0937991611322,35.883799161132174
TR-044896,Flatbed,1907.0,3753.51,3932.630088500548,179.1200885005478
TR-044897,Dry Van,638.6,1449.56,1445.5621350203728,3.9978649796271384
TR-044898,Reefer,571.6,1316.22,1327.030643670702,10.810643670701893
TR-044899,Reefer,684.5,1556.89,1603.7907511693272,46.90075116932712
TR-044900,Reefer,1329.5,3117.01,3116.185501609802,0.8244983901981868
TR-044901,Dry Van,852.8,1732.05,1749.2028013546076,17.152801354607618
TR-044902,Dry Van,1130.2,2452.86,2364.4004212405894,88.45957875941076
TR-044903,Flatbed,544.6,1167.24,1241.0317665309283,73.79176653092827
TR-044904,Dry Van,339.2,796.65,803.7818374474467,7.131837447446742
TR-044905,Dry Van,1806.9,3608.45,3527.2543827730674,81.19561722693243
TR-044906,Flatbed,769.1,1577.46,1641.8043924669923,64.3443924669923
TR-044907,Reefer,989.7,2122.59,2206.328749109008,83.73874910900804
TR-044908,Reefer,631.5,1620.62,1596.4356341990283,24.18436580097159
TR-044909,Dry Van,467.4,974.16,981.491631429385,7.331631429385084
TR-044910,Reefer,2327.0,4812.85,4856.264105792302,43.4141057923016
TR-044911,Dry Van,2398.8,4265.2,4408.9971107968595,143.79711079685967
TR-044912,Dry Van,315.5,746.79,746.1492746633677,0.640725336632272
TR-044913,Reefer,1132.3,2585.31,2602.006606381616,16.69660638161622
TR-044914,Reefer,803.8,1979.4,1957.928696790022,21.471303209978032
TR-044915,Dry Van,329.1,792.03,793.4742304693627,1.4442304693627648
TR-044916,Reefer,1721.1,3526.26,3617.0797097965733,90.81970979657308
TR-044917,Flatbed,439.2,1101.8,1115.156414292244,13.356414292244153
TR-044918,Reefer,1977.2,4145.89,4255.284767057704,109.39476705770358
TR-044919,Flatbed,1032.9,2252.88,2352.1994444794627,99.31944447946262
TR-044920,Dry Van,583.3,1295.02,1275.8494300819543,19.170569918045658
TR-044921,Reefer,214.0,629.25,623.6827423058619,5.567257694138107
TR-044922,Dry Van,346.6,766.12,787.1709275156259,21.050927515625858
TR-044923,Dry Van,1884.8,3712.11,3623.8995944468643,88.21040555313584
TR-044924,Reefer,2012.6,4374.85,4378.804608084915,3.9546080849149803
TR-044925,Dry Van,2007.3,3853.08,3837.44822831547,15.631771684530122
TR-044926,Reefer,1111.3,2593.74,2579.439406985952,14.30059301404799
TR-044927,Reefer,774.5,1755.06,1756.3259880957287,1.2659880957287442
TR-044928,Dry Van,786.3,1604.81,1536.9200394880415,67.8899605119584
TR-044929,Reefer,873.7,2067.28,2049.059257794306,18.220742205694023
TR-044930,Dry Van,1296.3,2429.12,2495.179382227841,66.05938222784107
TR-044931,Dry Van,1491.6,2897.41,2926.8641117657603,29.454111765760445
TR-044932,Dry Van,963.2,2020.05,2044.0589014726693,24.008901472669322
TR-044933,Dry Van,580.2,1222.18,1198.5625059763638,23.617494023636254
TR-044934,Flatbed,850.2,2026.79,2059.4815856135465,32.69158561354652
TR-044935,Flatbed,874.3,1802.29,1883.8480509329415,81.55805093294157
TR-044936,Dry Van,70.0,223.8,200.22363931736257,23.576360682637443
TR-044937,Reefer,1168.4,2480.64,2491.9510412113686,11.311041211368774
TR-044938,Dry Van,325.1,775.68,785.9439284605251,10.263928460525108
TR-044939,Reefer,1196.6,2807.38,2791.2754537713486,16.104546228651543
TR-044940,Dry Van,935.2,1904.64,1856.051502070367,48.58849792963315
TR-044941,Dry Van,1245.4,2344.65,2390.541287097757,45.89128709775696
TR-044942,Dry Van,1240.3,2284.16,2294.662312598986,10.502312598986009
TR-044943,Dry Van,1546.2,2859.94,2910.0953430212553,50.15534302125525
TR-044944,Dry Van,2366.7,4523.92,4478.533242690407,45.38675730959312
TR-044945,Dry Van,1880.4,3498.59,3541.050088083007,42.46008808300667
TR-044946,Flatbed,2516.0,4783.76,4960.20574931573,176.4457493157297
TR-044947,Reefer,1555.5,3322.62,3469.633216898897,147.0132168988971
TR-044948,Reefer,1011.9,2199.27,2242.5309082660888,43.26090826608879
TR-044949,Reefer,938.8,2202.28,2212.2039644935176,9.92396449351736
TR-044950,Dry Van,2057.2,3819.25,3783.3998091435683,35.85019085643171
TR-044951,Dry Van,2411.9,4442.15,4368.822444466033,73.32755553396692
TR-044952,Reefer,644.1,1592.63,1579.8792432308142,12.750756769185955
TR-044953,Reefer,557.5,1353.73,1360.4660876490898,6.736087649089768
TR-044954,Flatbed,1344.7,3049.31,3033.0894000327685,16.220599967231465
TR-044955,Dry Van,970.6,2060.7,2021.0660723776757,39.63392762232411
TR-044956,Dry Van,501.8,1090.6,1099.0079887564877,8.407988756487839
TR-044957,Dry Van,779.1,1665.24,1621.5193465210946,43.72065347890543
TR-044958,Dry Van,2634.3,4609.39,4707.460223283467,98.07022328346648
TR-044959,Dry Van,700.4,1524.44,1508.2350433582483,16.204956641751778
TR-044960,Flatbed,647.5,1626.35,1615.2335923759083,11.116407624091607
TR-044961,Flatbed,861.6,1981.41,1997.312810154848,15.902810154847884
TR-044962,Flatbed,179.4,502.61,493.9424300600802,8.667569939919815
TR-044963,Dry Van,445.0,1050.72,1014.2107393456653,36.50926065433475
TR-044964,Dry Van,2347.0,4121.83,4169.261311419863,47.43131141986305
TR-044965,Dry Van,859.5,1868.9,1808.3886471601904,60.51135283980966
TR-044966,Dry Van,1576.7,3120.57,3026.378079021521,94.19192097847917
TR-044967,Reefer,326.2,818.7,848.8489900687576,30.1489900687576
TR-044968,Flatbed,668.0,1487.88,1533.1633093299383,45.28330932993822
TR-044969,Flatbed,311.9,849.59,848.811056587561,0.7789434124390482
TR-044970,Reefer,1608.0,3464.77,3535.347711172841,70.57771117284119
TR-044971,Dry Van,1357.4,2384.04,2539.071347653894,155.03134765389404
TR-044972,Dry Van,2666.9,4665.83,4677.352919933875,11.522919933874618
TR-044973,Dry Van,2269.7,4210.88,4213.79271115528,2.912711155279794
TR-044974,Flatbed,208.3,593.57,590.5898103989149,2.980189601085158
TR-044975,Dry Van,2291.8,4123.49,4275.653485617451,152.16348561745144
TR-044976,Dry Van,322.1,786.08,788.9102902465528,2.8302902465527495
TR-044977,Dry Van,525.9,1089.89,1111.9128560726608,22.022856072660716
TR-044978,Dry Van,2052.3,3945.78,3982.9488155667045,37.168815566704325
TR-044979,Reefer,1598.2,3500.91,3485.467010829681,15.442989170318924
TR-044980,Dry Van,1019.8,2147.73,2091.6371753513235,56.09282464867647
TR-044981,Dry Van,489.0,983.62,1013.2869424169667,29.666942416966663
TR-044982,Reefer,948.6,2081.43,2174.787849926077,93.35784992607705
TR-044983,Reefer,612.5,313.05,1481.5786083538828,1168.5286083538829
TR-044984,Reefer,560.4,1381.56,1387.7166401167715,6.156640116771541
TR-044985,Dry Van,128.4,352.69,358.1430699091892,5.453069909189196
TR-044986,Dry Van,921.1,1775.61,1792.3945340543994,16.7845340543995
TR-044987,Dry Van,1385.1,2815.42,2777.4683265772446,37.95167342275545
TR-044988,Dry Van,1184.3,2413.61,2302.3556044049956,111.25439559500455
TR-044989,Dry Van,809.7,1658.07,1645.9199892618662,12.150010738133687
TR-044990,Flatbed,850.6,1805.16,1907.6812032913367,102.52120329133663
TR-044991,Reefer,1044.0,2588.9,2499.295010824592,89.60498917540826
TR-044992,Dry Van,1272.4,2366.64,2403.6708471793604,37.030847179360535
TR-044993,Dry Van,686.5,1431.36,1430.6767746459734,0.6832253540264901
TR-044994,Reefer,350.6,864.2,896.2461627177631,32.04616271776308
TR-044995,Dry Van,523.5,1150.82,1157.890570237866,7.07057023786615
TR-044996,Flatbed,2571.0,4984.52,5128.742812450102,144.22281245010163
TR-044997,Reefer,1497.1,3322.65,3303.412584414842,19.237415585158033
TR-044998,Dry Van,456.0,1079.12,1077.2597112917938,1.8602887082060988
TR-044999,Reefer,1812.2,3867.4,4028.153698733979,160.75369873397904
TR-045000,Reefer,334.0,945.35,910.1496787741398,35.20032122586019
TR-045001,Flatbed,2879.7,5730.73,5852.6442966033865,121.9142966033869
TR-045002,Reefer,1041.5,2294.83,2386.422523621438,91.59252362143798
TR-045003,Dry Van,648.8,1383.94,1352.7883813396172,31.151618660382837
TR-045004,Dry Van,1620.9,3086.31,3105.2562246288885,18.946224628888558
TR-045005,Reefer,1103.4,2404.85,2444.1564750046887,39.306475004688764
TR-045006,Dry Van,423.7,986.83,975.6467043432812,11.183295656718883
TR-045007,Reefer,2015.4,4289.52,4438.9737692234985,149.45376922349806
TR-045008,Reefer,295.8,841.8,823.2841437868827,18.515856213117218
TR-045009,Dry Van,766.3,1618.21,1619.5695455416785,1.3595455416784716
TR-045010,Dry Van,315.4,754.57,763.0815809118939,8.511580911893816
TR-045011,Dry Van,2007.3,3683.59,3782.8727445101313,99.28274451013112
TR-045012,Dry Van,471.7,1055.09,1063.3213906063477,8.231390606347759
TR-045013,Dry Van,1547.1,2762.18,2798.55603138865,36.37603138865006
TR-045014,Reefer,863.8,2187.12,2140.240909837317,46.87909016268304
TR-045015,Dry Van,1230.9,2335.28,2367.691723945384,32.41172394538398
TR-045016,Dry Van,1244.3,2617.89,2595.746964579411,22.143035420589058
TR-045017,Flatbed,839.3,1872.51,1927.985464961536,55.47546496153609
TR-045018,Dry Van,1172.6,2281.0,2315.2622960216836,34.262296021683596
TR-045019,Dry Van,1553.7,3022.71,2948.187192488872,74.52280751112812
TR-045020,Reefer,1091.3,2392.62,2489.804712903468,97.18471290346815
TR-045021,Dry Van,828.4,1658.02,1714.7060528499176,56.68605284991759
TR-045022,Flatbed,2304.8,1384.9,4666.815296560695,3281.915296560695
TR-045023,Flatbed,1670.1,3319.48,3488.6945862441635,169.21458624416346
TR-045024,Reefer,433.4,3362.18,1150.95469853299,2211.2253014670096
TR-045025,Dry Van,492.9,1067.05,1067.7562204603462,0.7062204603462305
TR-045026,Reefer,1675.4,3341.53,3469.344201721164,127.81420172116395
TR-045027,Reefer,1246.6,2778.71,2810.868720999145,32.15872099914486
TR-045028,Dry Van,763.0,1565.85,1514.7931728833842,51.05682711661575
TR-045029,Dry Van,1349.9,2688.28,2613.5216739088864,74.75832609111376
TR-045030,Flatbed,563.3,1216.24,1248.9565336934004,32.71653369340038
TR-045031,Dry Van,1221.9,2555.23,2527.45967376052,27.7703262394798
TR-045032,Dry Van,3062.2,5345.38,5385.086562195883,39.706562195882725
TR-045033,Reefer,1029.6,2284.89,2340.417522383238,55.52752238323819
TR-045034,Dry Van,204.2,514.9,514.5774935332606,0.32250646673935535
TR-045035,Dry Van,1312.8,2543.97,2540.6809047815777,3.2890952184220623
TR-045036,Flatbed,633.1,1451.04,1459.4927984936012,8.452798493601222
TR-045037,Reefer,556.7,1369.27,1358.63043734554,10.63956265445995
TR-045038,Dry Van,1367.9,2571.86,2628.3149031851426,56.454903185142484
TR-045039,Dry Van,2180.1,3988.55,3969.1577031106895,19.392296889310728
TR-045040,Dry Van,268.3,638.18,634.9553480979257,3.2246519020742426
TR-045041,Dry Van,1765.1,3640.18,3463.7461189286737,176.43388107132614
TR-045042,Flatbed,534.2,1355.62,1336.001221368137,19.618778631862824
TR-045043,Flatbed,1878.1,3927.57,4007.0236867021467,79.45368670214657
TR-045044,Dry Van,2311.7,4503.52,4412.704697366796,90.81530263320474
TR-045045,Flatbed,826.2,1849.17,1892.589923929511,43.419923929511015
TR-045046,Flatbed,2471.3,4879.94,5004.569986606213,124.6299866062136
TR-045047,Dry Van,1299.7,2605.57,2644.3598621707133,38.78986217071315
TR-045048,Reefer,1119.3,2474.28,2504.3746647660982,30.09466476609805
TR-045049,Dry Van,1401.3,2777.82,2676.002696300079,101.81730369992101
TR-045050,Dry Van,2086.2,3819.0,3810.0523037932885,8.947696206711498
TR-045051,Reefer,1828.1,3824.2,4020.929328581541,196.72932858154127
TR-045052,Reefer,2442.4,4974.03,5087.015741621924,112.98574162192381
TR-045053,Reefer,229.4,700.87,666.8104874804573,34.05951251954275
TR-045054,Dry Van,1214.7,2315.28,2322.8129909254435,7.5329909254433005
TR-045055,Dry Van,898.1,1829.25,1754.2024509088262,75.04754909117378
TR-045056,Dry Van,1602.4,3162.14,3076.455023278497,85.68497672150306
TR-045057,Dry Van,496.9,1143.08,1121.1394041129436,21.94059588705636
TR-045058,Dry Van,199.9,519.54,529.7104144517464,10.17041445174641
TR-045059,Dry Van,1450.0,3007.71,2980.7669168616258,26.943083138374277
TR-045060,Reefer,420.9,183.77,1074.0249860006575,890.2549860006575
TR-045061,Reefer,220.1,627.77,632.3309694253288,4.560969425328835
TR-045062,Dry Van,741.5,1637.63,1601.6152520149592,36.01474798504091
TR-045063,Reefer,214.6,614.9,621.6566173951691,6.756617395169087
TR-045064,Dry Van,317.0,742.08,765.3234421353802,23.243442135380178
TR-045065,Dry Van,1932.6,3874.45,3804.288786528029,70.16121347197077
TR-045066,Dry Van,2869.2,5162.77,5156.924259745286,5.845740254714656
TR-045067,Dry Van,751.7,1471.76,1473.1878525088664,1.4278525088664082
TR-045068,Dry Van,168.4,477.88,464.6948332377889,13.18516676221111
TR-045069,Flatbed,431.5,1067.9,1097.6801462837582,29.780146283758086
TR-045070,Dry Van,1600.5,3050.52,3041.6943630065844,8.825636993415628
TR-045071,Dry Van,1297.6,2695.24,2645.6621516619557,49.57784833804408
TR-045072,Dry Van,1161.0,2331.4,2252.9188564281226,78.48114357187751
TR-045073,Dry Van,321.9,778.13,775.4629697662009,2.667030233799096
TR-045074,Dry Van,1205.1,2334.39,2310.590563566633,23.799436433366736
TR-045075,Dry Van,254.7,679.14,656.3591187014473,22.780881298552686
TR-045076,Flatbed,522.6,1291.98,1331.800981953117,39.82098195311687
TR-045077,Dry Van,783.8,1628.59,1626.27784918136,2.3121508186400206
TR-045078,Reefer,2947.1,5863.45,6075.074916383186,211.62491638318625
TR-045079,Dry Van,619.7,1337.68,1391.0432898840675,53.3632898840674
TR-045080,Flatbed,394.7,931.92,966.0125586056004,34.0925586056004
TR-045081,Reefer,1859.8,4140.0,4139.5659286147475,0.43407138525253686
TR-045082,Reefer,1597.1,3580.57,3676.1801818282365,95.61018182823636
TR-045083,Dry Van,936.9,2047.91,1961.3794515334805,86.53054846651958
TR-045084,Dry Van,1183.2,2338.47,2383.0536541325264,44.58365413252659
TR-045085,Reefer,113.9,372.04,346.00622149336533,26.03377850663469
TR-045086,Flatbed,2183.1,4530.94,4592.783894258462,61.84389425846257
TR-045087,Reefer,307.6,861.67,854.5440734781869,7.125926521813085
TR-045088,Flatbed,2440.7,4729.73,4898.636848414464,168.90684841446455
TR-045089,Dry Van,2104.6,3758.58,3779.535893058341,20.95589305834119
TR-045090,Reefer,1177.9,2652.84,2688.5285379641837,35.688537964183524
TR-045091,Dry Van,184.1,507.81,486.43405182001663,21.375948179983368
TR-045092,Reefer,2075.6,4601.77,4525.578829660599,76.19117033940165
TR-045093,Dry Van,442.2,1045.18,1035.156583932324,10.023416067675953
TR-045094,Reefer,1032.2,2337.81,2404.5985194760656,66.78851947606563
TR-045095,Dry Van,1758.3,3264.47,3253.3690836974542,11.100916302545556
TR-045096,Dry Van,1950.6,3551.29,3592.540901628199,41.250901628199244
TR-045097,Dry Van,523.4,1176.17,1179.2784147410298,3.108414741029719
TR-045098,Dry Van,2173.4,3810.77,3893.3349041628167,82.56490416281667
TR-045099,Dry Van,475.1,1086.76,1072.2809918402284,14.479008159771638
TR-045100,Dry Van,706.5,1564.31,1543.497206605895,20.81279339410503
TR-045101,Dry Van,2305.2,4398.08,4367.861515364406,30.218484635593995
TR-045102,Dry Van,1364.1,2582.85,2586.728057121506,3.8780571215061173
TR-045103,Dry Van,830.3,1736.01,1720.5292138925072,15.480786107492804
TR-045104,Reefer,1704.1,3530.07,3556.5475952922525,26.477595292252317
TR-045105,Dry Van,937.9,1887.2,1826.1976054377606,61.00239456223949
TR-045106,Dry Van,1015.5,2038.66,2038.9158595948938,0.25585959489376364
TR-045107,Dry Van,558.6,1147.88,1154.415288169021,6.535288169020987
TR-045108,Reefer,1241.1,2699.37,2772.6607894194517,73.29078941945181
TR-045109,Reefer,2296.3,4629.26,4684.389125859908,55.12912585990762
TR-045110,Flatbed,911.4,1925.69,2074.233078584056,148.54307858405582
TR-045111,Dry Van,1327.6,2573.36,2524.2919928219485,49.06800717805163
TR-045112,Reefer,1038.1,2479.0,2468.449665093854,10.550334906145963
TR-045113,Dry Van,589.9,1408.07,1374.1386337694053,33.931366230594676
TR-045114,Dry Van,3011.9,5515.8,5452.559389368923,63.24061063107729
TR-045115,Reefer,2487.1,4991.89,5153.136109557632,161.24610955763183
TR-045116,Dry Van,2690.8,4805.58,4744.539535937371,61.040464062629326
TR-045117,Dry Van,1425.4,2895.96,2818.5281791135662,77.4318208864338
TR-045118,Reefer,602.2,1542.88,1503.2005087225498,39.679491277450325
TR-045119,Reefer,380.2,928.48,965.0964458276244,36.616445827624375
TR-045120,Dry Van,790.6,1624.97,1661.6290518060478,36.65905180604773
TR-045121,Reefer,769.0,1854.11,1839.997041364189,14.112958635810855
TR-045122,Dry Van,1979.1,3627.39,3571.5707145499,55.81928545009987
TR-045123,Flatbed,1482.9,2959.16,3081.0690946883656,121.90909468836571
TR-045124,Reefer,1057.2,2495.79,2496.4619716248644,0.6719716248644545
TR-045125,Reefer,443.2,1162.83,1141.622585160375,21.207414839625017
TR-045126,Flatbed,753.5,1607.11,1663.6837842965888,56.57378429658888
TR-045127,Dry Van,1806.8,3303.37,3273.4977606536454,29.87223934635449
TR-045128,Flatbed,467.5,1117.74,1130.1559030935216,12.415903093521592
TR-045129,Flatbed,1839.1,3823.1,4023.2777222199966,200.17772221999667
TR-045130,Reefer,483.9,1153.36,1179.489382730062,26.12938273006216
TR-045131,Flatbed,3189.1,6251.85,6454.286619199822,202.4366191998215
TR-045132,Dry Van,1521.5,3069.85,3102.2545359880683,32.404535988068346
TR-045133,Reefer,1188.3,2719.91,2652.6587294989313,67.25127050106857
TR-045134,Flatbed,360.1,944.34,953.611000243406,9.271000243405979
TR-045135,Reefer,1358.6,3009.58,3080.2331560151133,70.65315601511338
TR-045136,Dry Van,953.5,2065.35,2054.8961160758367,10.453883924163165
TR-045137,Flatbed,818.2,1701.25,1774.1655905623986,72.91559056239862
TR-045138,Dry Van,239.7,589.41,603.7523318190581,14.342331819058131
TR-045139,Flatbed,1950.8,4187.86,4241.850438559321,53.990438559321774
TR-045140,Dry Van,1841.1,3426.52,3409.0697359340993,17.450264065900683
TR-045141,Dry Van,416.4,1003.29,995.401199724796,7.888800275203948
TR-045142,Dry Van,395.0,949.32,896.5119277988576,52.80807220114241
TR-045143,Dry Van,384.6,908.3,904.6512187530707,3.648781246929275
TR-045144,Dry Van,702.7,1653.52,1587.881833410427,65.63816658957307
TR-045145,Dry Van,2181.6,3991.15,3963.0020338799422,28.147966120057845
TR-045146,Dry Van,502.3,1210.01,1194.6960672803943,15.313932719605646
TR-045147,Flatbed,1278.3,2705.75,2803.1763826693336,97.42638266933363
TR-045148,Flatbed,2057.2,4211.86,4396.7880743895375,184.92807438953787
TR-045149,Dry Van,1947.8,3885.41,3744.906343999687,140.50365600031273
TR-045150,Dry Van,2729.1,4872.9,4867.868484219716,5.031515780283371
TR-045151,Dry Van,804.1,1557.7,1516.1627102282048,41.53728977179526
TR-045152,Reefer,983.8,2345.5,2320.524659944104,24.97534005589614
TR-045153,Reefer,788.7,1810.54,1840.3839918058563,29.843991805856376
TR-045154,Dry Van,1496.3,2950.89,2995.9539578552353,45.06395785523546
TR-045155,Dry Van,521.8,1109.09,1105.3830972810977,3.7069027189022563
TR-045156,Dry Van,2648.2,5016.22,4921.81659424899,94.40340575100981
TR-045157,Dry Van,302.1,718.33,750.4294577663835,32.099457766383466
TR-045158,Dry Van,1060.0,2128.49,2035.339320237764,93.15067976223577
TR-045159,Flatbed,719.4,1654.44,1684.6276877855685,30.187687785568414
TR-045160,Reefer,1683.0,3596.69,3773.317551083849,176.62755108384908
TR-045161,Dry Van,999.8,1892.28,1902.6538600617273,10.373860061727328
TR-045162,Dry Van,742.3,1498.67,1468.090047777092,30.579952222908105
TR-045163,Dry Van,739.8,1447.88,1459.149891987554,11.26989198755382
TR-045164,Dry Van,939.5,1947.82,1859.5206900435983,88.29930995640166
TR-045165,Dry Van,866.0,1811.29,1858.9079313148889,47.61793131488889
TR-045166,Dry Van,279.8,696.61,690.9669767142277,5.643023285772301
TR-045167,Flatbed,878.4,1829.6,1929.5483238276884,99.94832382768845
TR-045168,Dry Van,217.6,531.39,538.6921690517999,7.302169051799865
TR-045169,Dry Van,669.1,1498.22,1508.1835902249352,9.96359022493516
TR-045170,Dry Van,2297.0,4134.92,4128.102464518193,6.817535481806772
TR-045171,Dry Van,1214.1,2469.17,2476.0145449421693,6.84454494216925
TR-045172,Reefer,449.2,1165.84,1140.5295945505159,25.31040544948405
TR-045173,Dry Van,1172.1,2342.66,2311.4076681173856,31.25233188261427
TR-045174,Dry Van,832.1,7004.3,1860.6919042943523,5143.608095705647
TR-045175,Reefer,590.4,1481.4,1514.0488524071172,32.64885240711715
TR-045176,Flatbed,839.3,1803.73,1839.9677002701408,36.23770027014075
TR-045177,Flatbed,720.9,1619.19,1695.3952112620718,76.20521126207177
TR-045178,Flatbed,682.2,1540.17,1592.8626960572005,52.692696057200465
TR-045179,Dry Van,858.0,1688.42,1626.1821696952215,62.23783030477853
TR-045180,Dry Van,1458.9,2903.7,2986.415312056157,82.71531205615702
TR-045181,Dry Van,1199.0,2351.62,2376.6047613501755,24.98476135017563
TR-045182,Dry Van,95.5,275.01,271.5341180312876,3.475881968712372
TR-045183,Reefer,2818.8,5708.0,5862.519535683889,154.51953568388944
TR-045184,Dry Van,138.6,388.7,387.1615349324655,1.5384650675345029
TR-045185,Reefer,810.5,2101.26,2040.6286136079975,60.631386392002696
TR-045186,Dry Van,2091.2,3914.01,3868.659813294141,45.350186705859414
TR-045187,Dry Van,476.7,1027.96,1045.7698561263278,17.80985612632776
TR-045188,Dry Van,802.7,1649.6,1633.743375056344,15.856624943656016
TR-045189,Flatbed,450.5,1181.37,1166.1565328639902,15.21346713600974
TR-045190,Reefer,1200.7,2777.11,2774.363641421472,2.7463585785280884
TR-045191,Reefer,751.7,1786.77,1783.8913564848042,2.8786435151957903
TR-045192,Dry Van,556.5,1211.92,1218.3793759756247,6.459375975624653
TR-045193,Dry Van,898.9,1880.41,1846.7387340543378,33.6712659456623
TR-045194,Reefer,1149.3,2469.79,2494.5094704499793,24.719470449979326
TR-045195,Dry Van,1257.7,2463.58,2440.643668691517,22.93633130848275
TR-045196,Dry Van,395.5,839.33,868.1300790903501,28.800079090350096
TR-045197,Reefer,207.9,603.72,606.089539540442,2.3695395404420196
TR-045198,Reefer,1005.2,2240.31,2352.1594005258744,111.84940052587444
TR-045199,Reefer,2563.3,5388.1,5518.32776329983,130.22776329982935
TR-045200,Dry Van,452.9,1046.59,1030.0893266456899,16.500673354310038
TR-045201,Dry Van,1498.1,3073.46,3070.4883555697916,2.971644430208471
TR-045202,Dry Van,671.9,1475.73,1460.3158969222422,15.414103077757773
TR-045203,Flatbed,1218.3,2723.01,2776.9316626356663,53.92166263566605
TR-045204,Dry Van,1359.3,2826.14,2751.8012405497325,74.33875945026739
TR-045205,Dry Van,1115.9,2164.07,2118.486110836267,45.58388916373315
TR-045206,Dry Van,1446.5,2844.66,2809.3762469471444,35.283753052855445
TR-045207,Flatbed,2910.9,5648.65,5842.87112052559,194.22112052559078
TR-045208,Dry Van,1598.5,2990.4,3024.546538980131,34.14653898013103
TR-045209,Dry Van,431.7,924.87,953.3741323675536,28.504132367553552
TR-045210,Reefer,444.6,1277.01,1201.2409576409655,75.76904235903453
TR-045211,Dry Van,1805.5,3408.35,3395.4842174843916,12.865782515608316
TR-045212,Flatbed,523.1,1262.44,1289.1097540803314,26.66975408033136
TR-045213,Flatbed,856.1,2066.58,2070.9131780308517,4.333178030851741
TR-045214,Reefer,1957.0,4318.52,4367.695462887308,49.17546288730773
TR-045215,Reefer,746.2,1743.83,1741.0644421645543,2.765557835445634
TR-045216,Dry Van,758.9,1511.26,1504.9524781759633,6.307521824036712
TR-045217,Dry Van,583.0,1343.75,1337.0448325914954,6.705167408504622
TR-045218,Dry Van,613.4,1285.24,1270.6508673995415,14.58913260045847
TR-045219,Reefer,1869.2,4291.19,4217.485473937385,73.7045260626146
TR-045220,Reefer,1926.1,4115.08,4155.058308193028,39.97830819302817
TR-045221,Dry Van,1732.1,3166.71,3216.0071176643805,49.297117664380494
TR-045222,Reefer,560.3,1432.87,1405.4100237913256,27.459976208674334
TR-045223,Flatbed,2698.0,5133.96,5372.811904624341,238.85190462434093
TR-045224,Dry Van,1610.8,3217.94,3134.772657549821,83.16734245017915
TR-045225,Reefer,2232.9,4875.19,4953.845760889637,78.65576088963735
TR-045226,Reefer,1028.8,2435.4,2409.5041001333193,25.895899866680793
TR-045227,Dry Van,1611.3,3280.86,3248.2040500085254,32.6559499914747
TR-045228,Dry Van,842.2,1645.01,1620.3724083403267,24.637591659673262
TR-045229,Dry Van,882.3,1846.41,1780.5749852950141,65.83501470498595
TR-045230,Reefer,310.2,868.43,873.5140987328475,5.084098732847565
TR-045231,Flatbed,2022.1,4145.97,4227.991155703045,82.02115570304431
TR-045232,Dry Van,129.6,342.29,344.69597826145906,2.4059782614590404
TR-045233,Dry Van,429.3,944.78,932.6850513784105,12.094948621589424
TR-045234,Dry Van,165.5,432.81,427.62660141666237,5.183398583337635
TR-045235,Reefer,884.0,2100.38,2185.437333474335,85.05733347433488
TR-045236,Reefer,805.9,1913.71,1986.113928733643,72.40392873364294
TR-045237,Reefer,2141.8,4637.6,4532.950469179136,104.64953082086413
TR-045238,Flatbed,1973.7,3959.08,4153.141200985085,194.06120098508472
TR-045239,Flatbed,117.0,335.52,336.1848369675262,0.6648369675262416
TR-045240,Dry Van,365.0,876.72,844.129176163394,32.59082383660598
TR-045241,Dry Van,334.0,834.23,810.0108310877447,24.219168912255327
TR-045242,Dry Van,421.8,976.69,930.5363855376013,46.153614462398764
TR-045243,Dry Van,1224.7,2517.9,2472.2634188816746,45.636581118325466
TR-045244,Dry Van,1468.8,2900.96,2853.0719459035954,47.88805409640463
TR-045245,Flatbed,1066.4,2291.8,2322.3162661184115,30.516266118411295
TR-045246,Dry Van,510.7,1109.5,1118.3395668154458,8.839566815445778
TR-045247,Flatbed,584.1,1404.53,1409.444049709564,4.914049709564097
TR-045248,Reefer,744.5,1778.9,1783.710844332264,4.810844332263969
TR-045249,Dry Van,279.6,672.87,674.1776797783616,1.307679778361603
TR-045250,Dry Van,2435.3,4492.99,4396.544330990332,96.44566900966765
TR-045251,Dry Van,2058.7,3691.68,3672.5271836418574,19.152816358142445
TR-045252,Reefer,1947.0,4106.78,4182.598328474565,75.81832847456553
TR-045253,Flatbed,1126.2,2400.42,2432.914092683611,32.49409268361114
TR-045254,Dry Van,1443.3,2829.54,2755.3121859823614,74.2278140176386
TR-045255,Dry Van,450.9,1016.38,1019.3115756777975,2.9315756777974684
TR-045256,Dry Van,940.2,2068.54,1982.8334828800416,85.70651711995833
TR-045257,Dry Van,985.0,1985.13,1960.0684674577512,25.06153254224887
TR-045258,Dry Van,1566.2,1068.71,3024.872667785033,1956.1626677850331
TR-045259,Flatbed,1778.0,3810.51,3831.2292941648943,20.71929416489411
TR-045260,Reefer,1274.6,2759.01,2836.3921220790953,77.3821220790951
TR-045261,Dry Van,2638.3,4823.0,4721.3920144787635,101.60798552123651
TR-045262,Flatbed,1479.3,3276.21,3274.416254427924,1.7937455720762046
TR-045263,Dry Van,1273.3,2572.11,2549.3090375959478,22.80096240405237
TR-045264,Dry Van,814.7,1654.43,1621.6565346215555,32.7734653784446
TR-045265,Dry Van,963.9,1917.02,1918.7807588803075,1.7607588803075487
TR-045266,Dry Van,531.8,1283.37,1251.3552815675444,32.01471843245554
TR-045267,Dry Van,924.0,1880.86,1813.2989677576154,67.5610322423845
TR-045268,Dry Van,529.6,1237.67,1187.492983039203,50.17701696079712
TR-045269,Reefer,797.5,1905.9,1926.3743561503659,20.474356150365793
TR-045270,Flatbed,646.9,1394.17,1439.5045979624113,45.33459796241118
TR-045271,Dry Van,1905.1,3737.58,3737.964418837807,0.3844188378070612
TR-045272,Reefer,330.1,870.04,876.1471298033829,6.107129803382918
TR-045273,Dry Van,1951.0,3980.47,3847.2617405628744,133.20825943712543
TR-045274,Flatbed,1963.8,4071.09,4277.1488801035075,206.05888010350736
TR-045275,Reefer,821.2,1882.03,1915.5882512473975,33.55825124739749
TR-045276,Dry Van,553.9,1209.75,1228.0532914703701,18.30329147037014
TR-045277,Dry Van,308.2,767.46,757.3835781668631,10.07642183313692
TR-045278,Reefer,761.0,1889.66,1860.8669842958875,28.793015704112577
TR-045279,Reefer,2658.5,5580.26,5647.853556626266,67.59355662626604
TR-045280,Dry Van,418.8,968.58,971.8619990233512,3.2819990233512044
TR-045281,Dry Van,310.7,770.73,772.0239282203462,1.2939282203461744
TR-045282,Dry Van,837.0,1672.5,1643.2093133221708,29.29068667782917
TR-045283,Flatbed,1648.6,3460.38,3588.007919548678,127.62791954867771
TR-045284,Dry Van,2237.7,4118.79,4129.266692303674,10.476692303674099
TR-045285,Dry Van,803.3,1817.69,1798.8183688756321,18.871631124367923
TR-045286,Dry Van,1590.7,9208.2,3121.027507785109,6087.1724922148915
TR-045287,Reefer,1552.1,3437.7,3477.9244159653936,40.224415965393746
TR-045288,Dry Van,1275.1,2495.56,2540.1942757664933,44.634275766493374
TR-045289,Dry Van,448.6,994.05,987.3637364532761,6.686263546723808
TR-045290,Dry Van,685.1,1550.66,1536.822428000978,13.837571999021975
TR-045291,Reefer,1021.7,2390.2,2408.828013116317,18.628013116317106
TR-045292,Reefer,1253.9,2761.78,2865.86121664005,104.08121664004966
TR-045293,Dry Van,2155.1,4010.82,4075.425020459201,64.60502045920066
TR-045294,Reefer,862.2,2036.02,2015.4626048629023,20.55739513709773
TR-045295,Dry Van,891.0,1705.04,1763.7594106083907,58.71941060839072
TR-045296,Dry Van,2400.5,4648.25,4561.461129712183,86.78887028781719
TR-045297,Flatbed,307.6,796.77,793.3105481196696,3.4594518803303345
TR-045298,Dry Van,2375.4,4085.68,4308.431316720716,222.75131672071575
TR-045299,Flatbed,667.3,1438.66,1479.0295118872075,40.36951188720741
TR-045300,Dry Van,1122.5,2203.15,2180.3576492225716,22.79235077742851
TR-045301,Reefer,1956.2,4441.37,4414.221188493176,27.14881150682413
TR-045302,Reefer,1146.3,2615.32,2585.568782579356,29.751217420644025
TR-045303,Dry Van,796.6,1653.73,1642.8406148894535,10.889385110546527
TR-045304,Reefer,2045.1,4599.84,4497.134360665471,102.70563933452922
TR-045305,Flatbed,1081.7,2241.93,2356.9105448842306,114.98054488423077
TR-045306,Dry Van,557.7,1162.93,1159.5785957952658,3.3514042047343082
TR-045307,Flatbed,1837.8,3923.5,3951.638666109697,28.13866610969717
TR-045308,Reefer,571.0,1356.86,1388.0137793734832,31.153779373483303
TR-045309,Dry Van,70.0,211.65,197.96104073541272,13.688959264587282
TR-045310,Dry Van,1017.7,2034.11,2075.6786685231914,41.56866852319149
TR-045311,Reefer,706.8,1752.33,1755.5092637345956,3.179263734595679
TR-045312,Flatbed,1488.0,3322.69,3399.8665832296565,77.17658322965644
TR-045313,Dry Van,1113.0,2466.99,2382.002262440565,84.98773755943466
TR-045314,Dry Van,830.3,1718.44,1733.8773019174864,15.437301917486366
TR-045315,Flatbed,1045.7,2108.3,2253.773720815174,145.4737208151737
TR-045316,Flatbed,2042.4,4190.59,4306.079452957724,115.4894529577241
TR-045317,Dry Van,1295.7,2555.1,2535.206873100588,19.893126899411982
TR-045318,Dry Van,2140.7,3988.15,3968.785696114313,19.36430388568715
TR-045319,Reefer,1045.9,2282.3,2376.4621032010696,94.16210320106939
TR-045320,Dry Van,948.2,1864.02,1930.3693168494235,66.34931684942353
TR-045321,Dry Van,2281.8,4309.49,4218.737968450467,90.75203154953306
TR-045322,Dry Van,906.4,1945.1,1882.037186992321,63.06281300767887
TR-045323,Reefer,2671.5,5493.16,5652.19068308291,159.0306830829104
TR-045324,Dry Van,910.2,1952.91,1896.341106530821,56.5688934691791
TR-045325,Dry Van,1527.6,2834.36,2889.9440450433826,55.5840450433825
TR-045326,Flatbed,490.4,1281.05,1258.1750290591103,22.874970940889625
TR-045327,Reefer,288.5,788.0,800.9639701275653,12.96397012756529
TR-045328,Dry Van,950.2,1874.94,1817.2007237497933,57.739276250206785
TR-045329,Dry Van,995.8,2027.7,2006.333497108577,21.366502891423124
TR-045330,Dry Van,1715.0,3071.43,3161.748968618011,90.31896861801124
TR-045331,Flatbed,1593.9,3532.28,3545.4778984213112,13.197898421311038
TR-045332,Reefer,291.6,753.38,758.8321648055532,5.452164805553252
TR-045333,Dry Van,1614.3,3193.71,3236.9707132843278,43.26071328432772
TR-045334,Dry Van,1722.7,3520.42,3453.136996110401,67.28300388959906
TR-045335,Dry Van,666.3,1464.04,1429.8992258935139,34.140774106486106
TR-045336,Reefer,2864.4,5606.16,5716.772083912198,110.6120839121977
TR-045337,Reefer,3084.8,6049.66,6133.963501780897,84.30350178089702
TR-045338,Dry Van,1492.6,3055.38,2998.245709177367,57.13429082263292
TR-045339,Dry Van,427.2,913.33,919.9699979255857,6.639997925585703
TR-045340,Reefer,213.4,616.61,611.8325769844797,4.777423015520299
TR-045341,Flatbed,2761.9,5064.85,5335.749543038997,270.89954303899685
TR-045342,Dry Van,520.8,1176.84,1120.0234909593723,56.81650904062758
TR-045343,Reefer,1344.2,3065.85,3088.593037266009,22.743037266009196
TR-045344,Dry Van,1678.5,3328.78,3264.7298478035823,64.05015219641791
TR-045345,Dry Van,342.5,804.05,795.5351239042894,8.51487609571052
TR-045346,Dry Van,889.0,1987.31,1950.533301351006,36.77669864899394
TR-045347,Dry Van,1285.7,2500.22,2521.970391194003,21.750391194002987
TR-045348,Flatbed,1949.8,4179.65,4169.772405207576,9.877594792423224
TR-045349,Dry Van,844.3,1914.6,1902.6847639503587,11.91523604964118
TR-045350,Flatbed,619.5,1450.77,1475.6384335343662,24.868433534366204
TR-045351,Dry Van,975.0,2136.84,2100.0421983291235,36.79780167087665
TR-045352,Dry Van,904.1,1822.83,1771.002415205208,51.827584794791846
TR-045353,Dry Van,441.5,932.17,946.1414150417121,13.971415041712135
TR-045354,Dry Van,525.4,1251.37,1239.8535221375823,11.51647786241756
TR-045355,Dry Van,1247.0,2684.76,2615.653426493254,69.10657350674637
TR-045356,Dry Van,487.7,1123.71,1136.4665256984315,12.75652569843146
TR-045357,Flatbed,333.8,881.42,888.1727629614243,6.75276296142431
TR-045358,Reefer,516.9,1355.77,1336.3662639049824,19.40373609501762
TR-045359,Dry Van,526.0,1204.07,1176.0234679384357,28.04653206156422
TR-045360,Dry Van,366.1,861.53,874.7238014358325,13.193801435832484
TR-045361,Flatbed,473.2,1178.27,1170.82318556551,7.446814434490079
TR-045362,Reefer,324.0,961.45,908.7431285215423,52.70687147845774
TR-045363,Reefer,1412.1,3272.45,3324.2237783518726,51.77377835187281
TR-045364,Reefer,2731.0,5462.43,5759.344225830108,296.9142258301081
TR-045365,Dry Van,2680.5,5007.73,5048.893554673673,41.16355467367339
TR-045366,Flatbed,716.2,1699.95,1677.4139970780177,22.536002921982345
TR-045367,Dry Van,327.9,779.9,760.6468177673333,19.25318223266663
TR-045368,Reefer,1180.2,2716.26,2707.195850548596,9.064149451404319
TR-045369,Dry Van,2506.4,4877.5,4783.624978704861,93.87502129513905
TR-045370,Dry Van,2886.1,5287.91,5182.672043297963,105.23795670203708
TR-045371,Flatbed,372.1,1009.32,987.9364371433459,21.38356285665418
TR-045372,Flatbed,1763.5,3554.36,3856.3351580640665,301.97515806406636
TR-045373,Reefer,1598.8,3644.6,3695.1685689109554,50.56856891095549
TR-045374,Reefer,2596.3,5404.21,5429.970774312222,25.760774312221656
TR-045375,Dry Van,745.8,1655.51,1559.325654979462,96.1843450205381
TR-045376,Dry Van,550.4,1309.36,1255.3965226651917,53.9634773348082
TR-045377,Dry Van,2294.0,4165.83,4012.975917270044,152.85408272995573
TR-045378,Dry Van,2171.2,4006.28,3951.3166556694646,54.96334433053562
TR-045379,Dry Van,450.9,1061.61,1066.3365143791136,4.726514379113723
TR-045380,Flatbed,1984.4,4242.9,4288.336572118062,45.43657211806203
TR-045381,Dry Van,940.5,1951.97,1907.3967720614544,44.57322793854564
TR-045382,Flatbed,119.6,348.2,343.9294421444885,4.27055785551147
TR-045383,Reefer,324.7,834.92,838.2904461685579,3.370446168557919
TR-045384,Dry Van,2336.4,4519.53,4361.129963194246,158.4000368057541
TR-045385,Reefer,684.3,1659.11,1642.8925652585049,16.217434741495026
TR-045386,Dry Van,570.4,1214.48,1226.8764865757475,12.39648657574753
TR-045387,Reefer,1006.6,2442.56,2332.1962807242103,110.36371927578966
TR-045388,Dry Van,1519.0,2936.44,2926.463141301647,9.976858698353226
TR-045389,Dry Van,402.2,864.31,885.2606424476177,20.950642447617724
TR-045390,Dry Van,1877.7,3734.02,3637.226736762234,96.79326323776604
TR-045391,Dry Van,2038.4,3996.08,3980.320230512302,15.759769487698122
TR-045392,Reefer,673.9,1501.44,1566.3163123166728,64.87631231667274
TR-045393,Dry Van,1845.6,3618.32,3614.9827074389223,3.337292561077902
TR-045394,Dry Van,232.1,600.5,602.032615445677,1.5326154456770382
TR-045395,Dry Van,1172.7,2508.4,2405.240975179873,103.15902482012689
TR-045396,Reefer,1136.6,2661.47,2687.354396636847,25.884396636847214
TR-045397,Reefer,692.7,1813.6,1780.832764700943,32.76723529905689
TR-045398,Dry Van,434.5,1056.38,1005.2051070193303,51.174892980669824
TR-045399,Reefer,70.0,216.75,204.0727617205721,12.677238279427911
TR-045400,Dry Van,911.1,1788.8,1794.079517350054,5.279517350053993
TR-045401,Dry Van,580.0,1232.16,1255.8317151733627,23.6717151733626
TR-045402,Dry Van,338.5,853.57,828.1400407713056,25.42995922869443
TR-045403,Dry Van,688.2,1564.33,1541.7656919731,22.56430802689988
TR-045404,Reefer,537.2,1378.98,1326.467311540517,52.512688459483115
TR-045405,Flatbed,2289.8,4506.19,4562.9916248855025,56.80162488550286
TR-045406,Flatbed,663.2,1653.47,1651.9338591819976,1.5361408180024227
TR-045407,Dry Van,458.9,1038.39,1030.1101394474008,8.279860552599303
TR-045408,Flatbed,2094.4,4400.24,4459.541523365097,59.30152336509764
TR-045409,Dry Van,883.5,1876.83,1795.2737982614897,81.55620173851025
TR-045410,Reefer,411.2,1089.43,1065.0828193995185,24.34718060048158
TR-045411,Flatbed,536.9,1332.19,1318.0451414905485,14.144858509451524
TR-045412,Dry Van,496.6,1053.6,1069.7743784404227,16.174378440422743
TR-045413,Dry Van,500.9,1152.67,1128.0120288228302,24.657971177169884
TR-045414,Reefer,3058.2,6475.22,6611.812005485686,136.59200548568606
TR-045415,Flatbed,748.9,1605.1,1675.0022780657673,69.9022780657674
TR-045416,Dry Van,1572.5,3212.24,3192.179057804551,20.06094219544866
TR-045417,Dry Van,158.6,436.33,441.84727274737315,5.51727274737317
TR-045418,Reefer,1248.0,2740.89,2761.3900633254075,20.50006332540761
TR-045419,Reefer,566.1,4350.23,1406.3654621079158,2943.8645378920837
TR-045420,Dry Van,398.6,944.01,898.8882804661173,45.1217195338827
TR-045421,Flatbed,1685.1,3563.89,3714.439342055001,150.54934205500103
TR-045422,Dry Van,599.1,1255.95,1223.9006520324929,32.049347967507174
TR-045423,Reefer,871.3,2041.12,2045.2321967567577,4.1121967567578395
TR-045424,Reefer,521.2,1346.17,1307.0799960509778,39.090003949022275
TR-045425,Flatbed,1402.1,568.26,3178.464318536862,2610.204318536862
TR-045426,Flatbed,1320.8,2903.57,2990.9593796597374,87.38937965973719
TR-045427,Dry Van,2289.1,4389.3,4287.335754000758,101.96424599924194
TR-045428,Dry Van,1242.2,2617.61,2581.4299420472817,36.18005795271847
TR-045429,Dry Van,631.0,1498.27,1453.8807175889233,44.38928241107669
TR-045430,Dry Van,1463.8,2985.02,2922.745662482162,62.27433751783792
TR-045431,Reefer,810.0,1930.62,1925.0836708306606,5.536329169339297
TR-045432,Dry Van,1224.5,2661.22,2602.184418611669,59.035581388330684
TR-045433,Flatbed,926.4,2045.72,2088.3608199935748,42.64081999357472
TR-045434,Reefer,316.1,842.96,826.7242227776513,16.235777222348702
TR-045435,Dry Van,1038.7,2152.99,2149.5729484139442,3.4170515860555497
TR-045436,Flatbed,755.9,1744.7,1807.9612237831327,63.261223783132664
TR-045437,Flatbed,891.0,2181.82,2159.9292893802653,21.89071061973482
TR-045438,Dry Van,896.8,1907.86,1825.588516551084,82.27148344891589
TR-045439,Dry Van,1654.7,3295.14,3296.670173191855,1.5301731918552832
TR-045440,Reefer,559.3,1364.09,1363.0294808938095,1.0605191061904407
TR-045441,Reefer,904.7,2087.79,2121.6213811784933,33.8313811784933
TR-045442,Reefer,630.7,1556.11,1552.8297551375367,3.280244862463178
TR-045443,Flatbed,798.2,1944.75,1955.1882489215839,10.438248921583863
TR-045444,Dry Van,661.9,1512.28,1504.6675268385807,7.612473161419302
TR-045445,Dry Van,2079.7,3926.13,3854.3924817468987,71.73751825310137
TR-045446,Dry Van,194.8,483.85,503.8807439270717,20.030743927071683
TR-045447,Reefer,467.6,1165.76,1168.5178689453833,2.7578689453832794
TR-045448,Dry Van,704.4,1438.61,1433.0845333526977,5.52546664730221
TR-045449,Reefer,775.0,1692.84,1730.7611859377496,37.92118593774967
TR-045450,Dry Van,282.3,754.63,715.9165999147147,38.71340008528534
TR-045451,Dry Van,431.1,1004.61,995.29651766522,9.31348233478002
TR-045452,Flatbed,912.0,2234.84,2182.917093098543,51.92290690145728
TR-045453,Dry Van,1508.6,2952.3,2932.5738291508983,19.72617084910189
TR-045454,Dry Van,769.8,1533.52,1503.7989753002405,29.721024699759482
TR-045455,Flatbed,2729.6,5166.25,5374.293859847804,208.04385984780401
TR-045456,Reefer,1424.0,3281.89,3285.0956795814473,3.2056795814473844
TR-045457,Flatbed,527.0,1269.99,1309.7439766599573,39.75397665995729
TR-045458,Dry Van,2321.9,4306.25,4244.922506175995,61.327493824004705
TR-045459,Dry Van,1244.3,2476.61,2408.049005886998,68.56099411300193
TR-045460,Dry Van,2016.4,3778.62,3672.833934168889,105.78606583111105
TR-045461,Flatbed,1611.3,3385.62,3451.8011172875185,66.18111728751865
TR-045462,Reefer,738.9,1681.07,1708.6087331887427,27.538733188742754
TR-045463,Dry Van,2235.8,4294.8,4228.0789736801735,66.7210263198267
TR-045464,Reefer,1033.8,2564.43,2516.559689647501,47.87031035249902
TR-045465,Dry Van,200.7,501.67,511.7149973376073,10.044997337607299
TR-045466,Flatbed,948.3,2247.19,2225.745708761705,21.444291238295136
TR-045467,Reefer,2046.4,4562.17,4586.561991987376,24.39199198737606
TR-045468,Flatbed,1440.1,3238.99,3280.871379383359,41.88137938335922
TR-045469,Dry Van,654.2,1493.13,1494.7520247435305,1.6220247435303463
TR-045470,Dry Van,753.4,1602.83,1637.9632430971221,35.133243097122204
TR-045471,Dry Van,384.9,928.05,888.5004751533093,39.5495248466907
TR-045472,Dry Van,2077.4,3913.99,3948.697097672424,34.707097672424425
TR-045473,Dry Van,1544.3,2990.47,2955.132772941106,35.33722705889386
TR-045474,Reefer,996.1,2214.62,2246.8819692394723,32.261969239472364
TR-045475,Dry Van,626.6,1323.68,1345.0373087245518,21.357308724551785
TR-045476,Reefer,720.2,1844.13,1835.809596102812,8.320403897188044
TR-045477,Dry Van,412.5,932.44,943.2291149192114,10.789114919211329
TR-045478,Dry Van,181.2,474.27,467.81953332512916,6.450466674870825
TR-045479,Dry Van,1063.2,2227.05,2198.1757457997246,28.874254200275573
TR-045480,Reefer,851.5,2089.72,2062.9395653448673,26.780434655132467
TR-045481,Dry Van,2900.2,5134.16,5083.696653321329,50.46334667867086
TR-045482,Flatbed,983.6,2193.66,2253.418375246893,59.75837524689314
TR-045483,Dry Van,361.6,794.02,821.7259832551722,27.705983255172214
TR-045484,Dry Van,153.8,1971.21,410.738172646426,1560.471827353574
TR-045485,Reefer,1670.1,3702.06,3784.5886541989694,82.52865419896943
TR-045486,Dry Van,422.8,999.32,985.4346815704533,13.885318429546714
TR-045487,Dry Van,2051.9,4097.51,3968.4946236266996,129.01537637330057
TR-045488,Flatbed,2100.3,4235.68,4282.267665641328,46.587665641327476
TR-045489,Dry Van,1353.0,2724.75,2671.2660602598476,53.48393974015244
TR-045490,Dry Van,1088.1,2087.54,2056.5930872061863,30.94691279381368
TR-045491,Flatbed,486.5,1258.93,1266.8124361445443,7.882436144544272
TR-045492,Dry Van,1186.3,2343.06,2334.582690288841,8.477309711158796
TR-045493,Dry Van,2320.9,4341.53,4335.449056657917,6.080943342082719
TR-045494,Flatbed,1554.1,3346.88,3445.480622012654,98.60062201265373
TR-045495,Dry Van,504.1,1193.64,1195.8402126151598,2.2002126151596713
TR-045496,Reefer,1203.0,2724.36,2735.8322921807876,11.472292180787463
TR-045497,Flatbed,1137.4,2533.06,2507.512274994932,25.54772500506806
TR-045498,Flatbed,706.4,1699.44,1745.2872785486295,45.84727854862945
TR-045499,Reefer,2067.5,4527.85,4447.136847239321,80.7131527606798
TR-045500,Dry Van,1366.9,2720.36,2733.5722457037828,13.212245703782628
TR-045501,Flatbed,1859.0,3737.89,3879.3507785071715,141.46077850717165
TR-045502,Dry Van,427.6,1006.55,993.3995881118824,13.15041188811756
TR-045503,Flatbed,2874.0,5553.58,5816.639457433738,263.0594574337383
TR-045504,Dry Van,457.7,1047.23,1036.639796736969,10.590203263031071
TR-045505,Dry Van,1773.3,3512.86,3439.6376841593756,73.22231584062456
TR-045506,Dry Van,327.2,834.1,803.2421734807588,30.857826519241257
TR-045507,Dry Van,1452.3,2978.65,2963.0787514918306,15.571248508169447
TR-045508,Dry Van,2053.3,3902.46,3888.6286237791883,13.831376220811762
TR-045509,Dry Van,2367.0,4696.7,4504.54834116684,192.15165883315967
TR-045510,Dry Van,299.4,757.49,739.0630651922452,18.426934807754833
TR-045511,Reefer,693.7,1651.0,1634.0173002799063,16.982699720093706
TR-045512,Dry Van,774.6,1655.06,1617.302875358478,37.75712464152184
TR-045513,Reefer,310.2,871.81,840.1530499632129,31.656950036787066
TR-045514,Dry Van,655.6,1474.93,1488.3799074677543,13.449907467754201
TR-045515,Flatbed,852.4,1932.3,2021.259970465064,88.95997046506409
TR-045516,Dry Van,333.0,781.07,783.6752638870863,2.6052638870862665
TR-045517,Dry Van,419.5,902.18,917.4368791395416,15.256879139541638
TR-045518,Dry Van,188.1,522.2,507.35677194041705,14.843228059582998
TR-045519,Dry Van,2716.3,4781.19,4767.315839426026,13.874160573973313
TR-045520,Flatbed,432.4,1034.64,1032.9974095667872,1.6425904332129448
TR-045521,Flatbed,2146.2,4263.76,4503.407889392215,239.6478893922149
TR-045522,Flatbed,365.9,904.52,910.9450871087283,6.4250871087283485
TR-045523,Dry Van,667.8,1512.16,1452.127829089883,60.032170910116974
TR-045524,Flatbed,1917.5,4033.83,4195.094136321897,161.26413632189724
TR-045525,Dry Van,1073.5,2238.22,2280.5355341797645,42.315534179764654
TR-045526,Dry Van,1542.0,3178.27,3189.535313282143,11.26531328214287
TR-045527,Dry Van,798.3,1768.37,1770.2597477745398,1.8897477745399556
TR-045528,Reefer,2879.8,5890.2,6050.1208056467385,159.9208056467387
TR-045529,Flatbed,914.1,2132.59,2162.2724104240615,29.682410424061345
TR-045530,Dry Van,1004.3,1979.76,1972.1601421940477,7.599857805952297
TR-045531,Flatbed,524.5,1198.94,1221.5948359006888,22.654835900688795
TR-045532,Reefer,1301.7,3017.53,3065.081916728229,47.55191672822866
TR-045533,Reefer,724.7,1736.07,1753.44278517219,17.372785172190106
TR-045534,Dry Van,783.8,1646.4,1674.8748373638853,28.47483736388517
TR-045535,Dry Van,126.7,362.78,349.824843860073,12.955156139926999
TR-045536,Dry Van,440.5,1030.67,999.954215655757,30.715784344243048
TR-045537,Reefer,774.0,1786.04,1791.2898886118069,5.2498886118069095
TR-045538,Reefer,710.3,1759.89,1742.7041939415637,17.185806058436356
TR-045539,Reefer,600.9,1623.7,1555.5135207072758,68.18647929272424
TR-045540,Flatbed,652.0,1515.83,1488.289383200724,27.540616799275995
TR-045541,Dry Van,1483.7,3051.79,2934.809940769891,116.98005923010896
TR-045542,Dry Van,71.7,200.56,184.29139547866208,16.26860452133792
TR-045543,Dry Van,1131.1,2253.61,2220.72480832193,32.88519167806999
TR-045544,Dry Van,347.0,869.02,857.983199365387,11.036800634612973
TR-045545,Reefer,845.1,2114.08,2070.0705461096595,44.00945389034041
TR-045546,Dry Van,224.3,588.86,572.1397591507667,16.720240849233278
TR-045547,Dry Van,783.1,1695.48,1701.8834063299519,6.403406329951849
TR-045548,Dry Van,730.5,1501.55,1448.2855269623383,53.26447303766167
TR-045549,Flatbed,1332.8,2850.38,2950.9002484366997,100.5202484366996
TR-045550,Dry Van,1846.1,3389.94,3402.3858407218668,12.445840721866716
TR-045551,Dry Van,442.1,1049.3,1023.5147722075601,25.785227792439855
TR-045552,Flatbed,376.6,937.25,952.1419006283407,14.89190062834075
TR-045553,Reefer,2024.6,4304.74,4228.497490129387,76.2425098706126
TR-045554,Flatbed,2289.8,4584.79,4663.053211390397,78.26321139039737
TR-045555,Dry Van,2294.2,1687.37,4142.338525142512,2454.9685251425117
TR-045556,Reefer,301.7,867.44,834.3706858208895,33.069314179110506
TR-045557,Flatbed,1317.0,2794.83,2888.361642514959,93.531642514959
TR-045558,Reefer,255.1,718.12,708.2949881800838,9.825011819916199
TR-045559,Reefer,733.2,1702.69,1732.8950573528864,30.205057352886342
TR-045560,Dry Van,544.7,1235.7,1233.6567762709008,2.0432237290992816
TR-045561,Dry Van,534.0,1069.53,1111.0183208484432,41.48832084844321
TR-045562,Reefer,1411.7,3294.55,3294.9973589077854,0.44735890778520115
TR-045563,Dry Van,632.3,1301.45,1313.7059888259698,12.25598882596978
TR-045564,Dry Van,1329.8,2804.49,2666.0401365719736,138.44986342802622
TR-045565,Dry Van,300.2,775.09,750.0676678631232,25.0223321368768
TR-045566,Flatbed,877.7,2038.75,2080.0945658933315,41.34456589333149
TR-045567,Flatbed,926.8,2112.34,2137.8131501901617,25.473150190161505
TR-045568,Dry Van,341.6,844.26,836.0292812244045,8.230718775595506
TR-045569,Dry Van,2331.5,4419.63,4432.533403541947,12.903403541947227
TR-045570,Dry Van,323.2,824.68,809.7122629178099,14.96773708219007
TR-045571,Dry Van,322.8,744.62,743.3255751002864,1.29442489971359
TR-045572,Dry Van,1963.6,4012.16,3841.78015635277,170.3798436472298
TR-045573,Dry Van,124.5,346.4,345.0160686007346,1.3839313992653501
TR-045574,Dry Van,888.7,1766.71,1777.4285543556796,10.718554355679544
TR-045575,Dry Van,2308.6,4234.65,4201.212871086685,33.437128913315064
TR-045576,Dry Van,3162.5,5590.92,5656.433700012734,65.51370001273426
TR-045577,Dry Van,1303.5,2634.88,2657.7604698784785,22.88046987847838
TR-045578,Dry Van,1120.9,2230.38,2223.530119417543,6.84988058245699
TR-045579,Dry Van,1088.7,2199.79,2210.610324895784,10.82032489578387
TR-045580,Dry Van,1149.1,2405.29,2341.309929820941,63.98007017905911
TR-045581,Flatbed,652.5,1577.84,1571.5253673409704,6.314632659029485
TR-045582,Dry Van,850.4,1712.65,1765.3669099824763,52.71690998247618
TR-045583,Reefer,2203.7,4672.68,4760.8605961807425,88.18059618074221
TR-045584,Dry Van,1629.3,3402.06,3361.7287225306363,40.33127746936361
TR-045585,Flatbed,422.2,982.74,1015.8134639246927,33.073463924692646
TR-045586,Dry Van,1983.2,3907.67,3792.3669341915534,115.30306580844672
TR-045587,Dry Van,1833.0,3578.71,3503.621453797538,75.08854620246211
TR-045588,Dry Van,211.0,526.8,533.5283955306746,6.728395530674675
TR-045589,Dry Van,1090.9,2240.17,2248.937124316322,8.76712431632177
TR-045590,Reefer,323.5,894.4,857.5909916851526,36.80900831484735
TR-045591,Reefer,568.3,1466.32,1422.5484586677958,43.77154133220415
TR-045592,Reefer,1270.1,2998.13,2994.4055867241827,3.724413275817369
TR-045593,Dry Van,1684.1,3282.86,3321.1561028604733,38.296102860473184
TR-045594,Reefer,665.2,1565.23,1576.3162579985408,11.08625799854076
TR-045595,Reefer,465.9,1293.67,1243.3738628563422,50.296137143657916
TR-045596,Dry Van,1097.6,2280.97,2240.9280351763664,40.04196482363341
TR-045597,Reefer,1789.2,4050.73,4087.0554744584974,36.32547445849741
TR-045598,Dry Van,900.8,1943.56,1871.6057997712471,71.95420022875282
TR-045599,Reefer,1108.4,2508.13,2562.1735013761477,54.04350137614756
TR-045600,Flatbed,1179.6,2645.34,2708.685888973151,63.34588897315098
TR-045601,Dry Van,600.1,1373.58,1355.2976801045663,18.282319895433602
TR-045602,Dry Van,2107.1,4123.96,4109.35553196026,14.604468039739913
TR-045603,Dry Van,1460.0,2908.31,2937.6159814101507,29.305981410150707
TR-045604,Dry Van,3081.7,5943.04,5721.132839527695,221.9071604723049
TR-045605,Dry Van,657.1,1439.58,1387.3873557882441,52.192644211755805
TR-045606,Dry Van,1719.1,3399.37,3396.0680682545412,3.30193174545866
TR-045607,Dry Van,1797.3,3365.36,3341.487588519856,23.87241148014391
TR-045608,Dry Van,932.3,1831.06,1826.1729241262278,4.887075873772119
TR-045609,Dry Van,1383.8,2872.8,2777.55846972527,95.2415302747304
TR-045610,Flatbed,682.3,1702.65,1684.9139633564569,17.73603664354323
TR-045611,Reefer,3174.1,6537.96,6741.977064357325,204.01706435732467
TR-045612,Dry Van,1145.4,2422.06,2351.7863464510415,70.27365354895846
TR-045613,Dry Van,2481.7,4957.77,4725.188581213957,232.5814187860433
TR-045614,Dry Van,180.9,493.78,490.81759685374846,2.9624031462515177
TR-045615,Dry Van,207.7,593.16,561.1622809013094,31.997719098690595
TR-045616,Dry Van,1476.4,3170.07,3095.5775753801304,74.49242461986978
TR-045617,Reefer,2959.4,5957.95,6101.406316010938,143.45631601093828
TR-045618,Dry Van,926.6,1935.21,1893.7324220902196,41.47757790978039
TR-045619,Reefer,891.2,2060.21,2136.321755995842,76.11175599584203
TR-045620,Dry Van,684.4,1420.06,1390.8231509661366,29.236849033863336
TR-045621,Flatbed,186.1,490.27,511.7979324657505,21.527932465750496
TR-045622,Dry Van,2119.9,4207.76,4021.1356025397727,186.62439746022756
TR-045623,Dry Van,385.3,866.23,872.9727887384785,6.742788738478453
TR-045624,Dry Van,1208.4,2427.7,2370.277862569245,57.4221374307549
TR-045625,Flatbed,682.8,1659.56,1692.3966499517528,32.83664995175286
TR-045626,Reefer,1560.9,3476.97,3502.091350311434,25.12135031143407
TR-045627,Dry Van,1456.2,2795.92,2816.4669163636213,20.54691636362122
TR-045628,Reefer,167.8,575.03,501.9568771701611,73.0731228298389
TR-045629,Reefer,1014.7,2501.49,2400.5303672731684,100.95963272683139
TR-045630,Dry Van,1175.3,2283.52,2267.7181436566298,15.801856343370218
TR-045631,Flatbed,745.3,1698.24,1772.444252211536,74.20425221153596
TR-045632,Reefer,838.6,2002.19,1996.7899039397917,5.400096060208398
TR-045633,Flatbed,352.3,872.98,875.6192889045926,2.639288904592604
TR-045634,Dry Van,2128.5,4021.52,3985.2163799114196,36.303620088580374
TR-045635,Dry Van,925.7,1937.24,1947.0515952925248,9.811595292524771
TR-045636,Dry Van,2882.9,5322.9,5282.432630100386,40.467369899613914
TR-045637,Dry Van,1491.1,2934.77,2901.157664301495,33.61233569850492
TR-045638,Reefer,434.2,1157.63,1136.6412457523245,20.988754247675615
TR-045639,Reefer,816.1,1745.48,1819.977438045329,74.49743804532909
TR-045640,Dry Van,438.7,1076.4,1037.798217069748,38.60178293025206
TR-045641,Reefer,1433.0,3352.03,3246.8048657513455,105.22513424865474
TR-045642,Dry Van,274.4,648.83,650.9191282460727,2.089128246072619
TR-045643,Reefer,572.9,1447.57,1407.8420630544485,39.72793694555139
TR-045644,Dry Van,201.4,541.72,525.8764547652625,15.843545234737576
TR-045645,Reefer,2644.9,5577.71,5550.709395422516,27.00060457748441
TR-045646,Dry Van,1535.9,2834.23,2864.0418426263723,29.811842626372254
TR-045647,Dry Van,1204.6,2376.9,2323.443651459691,53.456348540309136
TR-045648,Dry Van,1278.7,2509.96,2439.937902756992,70.02209724300792
TR-045649,Reefer,479.5,1269.3,1227.5635126976147,41.736487302385285
TR-045650,Dry Van,1130.8,2140.85,2120.7459230103905,20.10407698960944
TR-045651,Dry Van,984.2,2165.47,2065.65180983554,99.81819016445979
TR-045652,Dry Van,1440.0,2842.26,2753.3196493694777,88.94035063052252
TR-045653,Reefer,1802.3,4069.8,4068.3986413056637,1.4013586943365226
TR-045654,Dry Van,1212.0,2598.14,2535.0433862186637,63.096613781336146
TR-045655,Flatbed,946.9,2221.49,2201.4972882465136,19.99271175348622
TR-045656,Dry Van,467.7,963.31,965.7519174509099,2.441917450909955
TR-045657,Reefer,1210.5,2654.3,2681.757353197924,27.45735319792402
TR-045658,Reefer,306.7,879.55,840.7558012282366,38.79419877176338
TR-045659,Flatbed,124.9,386.46,378.5681221707611,7.891877829238865
TR-045660,Dry Van,130.8,364.34,356.98487386566416,7.355126134335819
TR-045661,Dry Van,539.2,1237.58,1242.650113927803,5.07011392780305
TR-045662,Dry Van,1309.8,2734.03,2697.7013989817096,36.328601018290556
TR-045663,Dry Van,772.0,1625.19,1602.388937444248,22.80106255575197
TR-045664,Flatbed,2242.2,4336.71,4461.144455399911,124.4344553999108
TR-045665,Flatbed,2764.2,5312.61,5325.157886435337,12.547886435337205
TR-045666,Dry Van,74.7,202.77,191.77056735381058,10.999432646189433
TR-045667,Dry Van,454.1,999.21,1008.4408173407433,9.230817340743215
TR-045668,Dry Van,2898.8,5050.06,5117.014450537766,66.9544505377653
TR-045669,Dry Van,1446.0,2865.83,2785.5124012432493,80.31759875675061
TR-045670,Reefer,2794.8,5504.19,5463.539789133278,40.650210866721864
TR-045671,Reefer,295.0,865.48,838.5442403913567,26.935759608643366
TR-045672,Reefer,879.6,2109.8,2111.210780396038,1.4107803960378078
TR-045673,Dry Van,1261.6,2696.52,2547.5816539289904,148.93834607100962
TR-045674,Dry Van,2280.8,4273.32,4179.533183225313,93.78681677468649
TR-045675,Flatbed,1203.6,2457.47,2558.943231764602,101.47323176460213
TR-045676,Dry Van,1456.3,3051.07,3009.1790143520034,41.890985647996786
TR-045677,Flatbed,2059.4,3982.98,4119.650976772262,136.67097677226184
TR-045678,Dry Van,676.8,1498.32,1452.9656457286767,45.354354271323245
TR-045679,Dry Van,207.7,547.06,552.6786728337361,5.618672833736127
TR-045680,Reefer,926.6,2254.76,2231.379862393762,23.38013760623835
TR-045681,Dry Van,1033.2,2056.91,1976.4956417323665,80.41435826763336
TR-045682,Dry Van,2223.7,4336.63,4256.085131700808,80.54486829919188
TR-045683,Reefer,2040.2,4383.55,4440.134590945369,56.5845909453692
TR-045684,Dry Van,1808.5,3472.23,3470.5832646428694,1.6467353571306376
TR-045685,Dry Van,325.9,809.61,812.2629318573735,2.65293185737346
TR-045686,Dry Van,342.7,827.55,818.628092268288,8.92190773171194
TR-045687,Dry Van,2311.9,4128.64,4063.3769287382606,65.2630712617397
TR-045688,Dry Van,176.7,464.57,455.48640120546116,9.08359879453883
TR-045689,Reefer,612.5,1598.45,1541.3397183549969,57.11028164500317
TR-045690,Reefer,985.6,2284.08,2304.789950844087,20.70995084408696
TR-045691,Dry Van,1601.8,3177.81,3061.0062062943493,116.8037937056506
TR-045692,Dry Van,2399.1,4681.46,4520.118670586031,161.3413294139691
TR-045693,Reefer,405.9,1113.75,1066.1143314900498,47.635668509950165
TR-045694,Dry Van,341.1,822.84,819.8354531119309,3.0045468880691715
TR-045695,Dry Van,882.1,1929.6,1930.4805767300422,0.8805767300423213
TR-045696,Reefer,1033.1,2504.83,2459.0902208951065,45.73977910489339
TR-045697,Reefer,377.4,1012.02,997.9859938214368,14.034006178563232
TR-045698,Flatbed,520.1,1308.89,1275.1572351409604,33.73276485903966
TR-045699,Dry Van,677.9,1386.72,1373.296104368782,13.423895631218102
TR-045700,Dry Van,2250.7,4231.34,4173.7178291218925,57.62217087810768
TR-045701,Reefer,3308.4,6710.48,6589.812812060733,120.66718793926611
TR-045702,Flatbed,748.7,1752.03,1719.2786696347573,32.751330365242666
TR-045703,Dry Van,1730.2,3486.21,3372.096098666544,114.11390133345594
TR-045704,Flatbed,1072.2,2490.63,2468.140240445667,22.489759554332977
TR-045705,Dry Van,267.6,680.72,664.8324372175282,15.887562782471832
TR-045706,Reefer,1737.2,3870.41,3826.967474000392,43.442525999607824
TR-045707,Dry Van,623.8,1335.72,1285.9917952368264,49.72820476317361
TR-045708,Dry Van,2243.8,4001.14,3958.662803679156,42.47719632084409
TR-045709,Dry Van,1029.4,1977.36,1989.4555618174156,12.095561817415728
TR-045710,Dry Van,1897.6,3725.37,3563.1330126357316,162.23698736426832
TR-045711,Dry Van,384.9,903.02,888.648942382059,14.371057617941005
TR-045712,Dry Van,1455.7,2771.19,2729.3521398218654,41.83786017813463
TR-045713,Dry Van,1874.9,3449.99,3554.61651045953,104.62651045953044
TR-045714,Dry Van,226.7,630.36,604.4373080045134,25.922691995486616
TR-045715,Flatbed,193.4,553.35,555.2570496742097,1.907049674209702
TR-045716,Dry Van,560.6,1231.89,1227.9657440591566,3.9242559408435227
TR-045717,Flatbed,1072.1,2460.65,2479.2557796877377,18.605779687737595
TR-045718,Dry Van,2342.8,4374.08,4359.909671024605,14.170328975395023
TR-045719,Reefer,601.4,1464.75,1456.6129717129115,8.13702828708847
TR-045720,Dry Van,540.7,1088.41,1079.1108844860432,9.299115513956849
TR-045721,Dry Van,1994.0,3828.5,3755.9512917704633,72.54870822953671
TR-045722,Flatbed,2089.6,4531.93,4370.397254298013,161.53274570198755
TR-045723,Dry Van,1805.1,3694.07,3584.9209799534424,109.14902004655778
TR-045724,Dry Van,443.5,1079.1,1040.3099790730748,38.79002092692508
TR-045725,Reefer,904.4,2126.09,2104.7887683661725,21.301231633827683
TR-045726,Dry Van,585.2,1340.2,1304.300769420697,35.899230579303094
TR-045727,Dry Van,1678.4,3342.36,3240.2096999097325,102.15030009026759
TR-045728,Flatbed,306.3,807.25,810.4922008960801,3.242200896080135
TR-045729,Dry Van,782.4,1711.02,1639.1678154108433,71.85218458915665
TR-045730,Dry Van,2176.4,4029.11,4003.251333003392,25.858666996608008
TR-045731,Dry Van,845.8,1821.47,1739.7314402439217,81.7385597560783
TR-045732,Dry Van,1236.1,2502.01,2387.075385184465,114.93461481553504
TR-045733,Reefer,3093.5,6390.2,6546.184238735529,155.9842387355293
TR-045734,Reefer,1061.9,2466.55,2478.951178046615,12.40117804661486
TR-045735,Dry Van,2670.8,4829.39,4773.842326109142,55.54767389085828
TR-045736,Reefer,2451.0,5275.11,5166.1094852560145,109.00051474398515
TR-045737,Reefer,113.8,362.78,335.6380252750879,27.141974724912075
TR-045738,Reefer,2427.9,5336.8,5227.760609150903,109.03939084909689
TR-045739,Reefer,468.7,1324.44,1241.0617446547722,83.3782553452279
TR-045740,Dry Van,1048.6,2204.45,2143.3500545045076,61.09994549549219
TR-045741,Dry Van,977.1,2015.32,1946.1619878751105,69.15801212488941
TR-045742,Flatbed,393.5,1034.75,1014.1298414790831,20.620158520916902
TR-045743,Dry Van,2014.8,3770.27,3778.213822946811,7.943822946810997
TR-045744,Dry Van,2017.1,3934.36,3922.6195458897855,11.740454110214614
TR-045745,Dry Van,420.3,947.22,916.7931572589623,30.426842741037717
TR-045746,Flatbed,392.0,972.26,974.3501540796966,2.0901540796966174
TR-045747,Dry Van,543.9,1170.45,1123.8243231413362,46.62567685866384
TR-045748,Dry Van,833.6,1779.6,1753.4455987435513,26.154401256448637
TR-045749,Dry Van,1962.3,3910.77,3903.707257403865,7.062742596135195
TR-045750,Dry Van,1467.7,2935.66,2830.6025361686557,105.0574638313442
TR-045751,Dry Van,268.9,698.47,672.3865440095618,26.08345599043821
TR-045752,Dry Van,513.9,1033.08,1082.2255150964836,49.14551509648368
TR-045753,Dry Van,556.0,1237.01,1212.0355217185647,24.974478281435267
TR-045754,Dry Van,511.5,1137.75,1113.3421864745712,24.407813525428764
TR-045755,Reefer,2027.8,4525.16,4438.459989890646,86.70001010935357
TR-045756,Dry Van,70.0,227.6,200.5333953365893,27.066604663410686
TR-045757,Flatbed,403.8,996.46,989.9752505069789,6.484749493021127
TR-045758,Flatbed,647.7,1476.89,1496.0722458163564,19.18224581635627
TR-045759,Reefer,817.7,1844.12,1832.1208486651265,11.999151334873432
TR-045760,Dry Van,1252.4,2537.26,2475.8198869321673,61.440113067832954
TR-045761,Dry Van,584.5,1209.72,1178.929840650052,30.790159349948
TR-045762,Dry Van,932.0,2009.57,2025.70503486473,16.13503486472996
TR-045763,Flatbed,1680.8,3517.71,3590.860753727108,73.15075372710817
TR-045764,Dry Van,2024.8,3777.92,3720.999886227325,56.920113772674995
TR-045765,Dry Van,1003.0,1909.16,1903.4689556759513,5.691044324048789
TR-045766,Reefer,1089.8,2410.85,2426.6240941853434,15.774094185343529
TR-045767,Dry Van,2621.0,4640.16,4600.825939490627,39.33406050937265
TR-045768,Reefer,1025.6,2209.46,2273.773781721114,64.31378172111408
TR-045769,Dry Van,462.7,1045.45,997.5224994944352,47.92750050556481
TR-045770,Dry Van,623.4,1320.24,1312.5139453729641,7.7260546270358645
TR-045771,Reefer,550.1,1344.65,1340.159418673596,4.490581326404026
TR-045772,Dry Van,924.5,1947.07,1857.9474316423555,89.12256835764447
TR-045773,Dry Van,2816.5,5009.39,5098.827593554476,89.43759355447582
TR-045774,Dry Van,466.3,2389.43,1024.3896626762112,1365.0403373237887
TR-045775,Dry Van,647.3,1500.92,1459.7735981185524,41.14640188144767
TR-045776,Dry Van,351.6,813.53,834.9701579525566,21.44015795255666
TR-045777,Reefer,506.8,1257.8,1258.6528425828833,0.8528425828833406
TR-045778,Flatbed,752.9,1759.5,1765.5258904810244,6.025890481024362
TR-045779,Dry Van,692.4,1533.53,1519.7546869570347,13.775313042965308
TR-045780,Dry Van,70.0,210.54,196.53870112145734,14.001298878542656
TR-045781,Flatbed,603.0,1509.14,1498.0579016306936,11.08209836930655
TR-045782,Dry Van,496.3,1061.38,1050.3462689501457,11.033731049854396
TR-045783,Flatbed,1790.6,3602.47,3631.521168671203,29.051168671203413
TR-045784,Flatbed,2236.6,4410.79,4426.765258582151,15.975258582150673
TR-045785,Dry Van,623.5,1367.68,1355.5262370471498,12.15376295285023
TR-045786,Reefer,2693.9,5467.05,5462.936524677043,4.113475322957129
TR-045787,Dry Van,2161.4,3826.18,3803.1025771511763,23.077422848823517
TR-045788,Reefer,495.2,1300.9,1292.2538928184974,8.646107181502657
TR-045789,Reefer,2016.7,4254.3,4215.390573996613,38.909426003387125
TR-045790,Reefer,1171.5,2751.34,2759.15823579231,7.818235792309679
TR-045791,Flatbed,1828.2,3973.88,4056.9198864117393,83.03988641173919
TR-045792,Flatbed,811.5,1761.45,1774.0514463758059,12.601446375805835
TR-045793,Flatbed,1018.0,2279.98,2267.200204148575,12.779795851425206
TR-045794,Reefer,906.5,2139.64,2127.4713693465305,12.168630653469336
TR-045795,Reefer,1334.9,3055.6,3059.6335075806596,4.033507580659716
TR-045796,Flatbed,1305.7,2697.72,2784.0956102173645,86.37561021736474
TR-045797,Dry Van,759.6,1495.93,1464.3088314914103,31.62116850858979
TR-045798,Dry Van,1172.3,2362.74,2289.726204388524,73.01379561147587
TR-045799,Dry Van,1398.2,2626.92,2622.106226276819,4.81377372318093
TR-045800,Dry Van,1385.9,2855.35,2790.9504391870437,64.39956081295622
TR-045801,Reefer,1215.0,2661.21,2729.844524669065,68.63452466906483
TR-045802,Dry Van,1969.5,3838.53,3700.911070355514,137.61892964448634
TR-045803,Reefer,1388.4,3144.54,3188.2758355303104,43.735835530310396
TR-045804,Flatbed,505.8,1270.25,1259.8660062332244,10.383993766775575
TR-045805,Dry Van,2594.9,4970.65,4871.477223660242,99.17277633975755
TR-045806,Dry Van,344.7,859.09,835.5123441595903,23.57765584040976
TR-045807,Dry Van,552.4,1274.46,1250.3024845129103,24.157515487089768
TR-045808,Flatbed,1015.7,2301.55,2332.642489603777,31.092489603776812
TR-045809,Dry Van,550.3,1243.9,1227.8276377567042,16.072362243295856
TR-045810,Dry Van,605.8,1302.32,1266.8595145710165,35.460485428983475
TR-045811,Reefer,811.9,2040.75,2014.1979328046227,26.552067195377276
TR-045812,Dry Van,912.8,1921.54,1854.1123159689166,67.42768403108334
TR-045813,Dry Van,2239.7,4167.75,4127.393109299271,40.35689070072931
TR-045814,Dry Van,446.0,1124.2,1061.2972642476097,62.9027357523903
TR-045815,Dry Van,998.3,2067.51,2110.868380087434,43.35838008743394
TR-045816,Flatbed,377.9,932.49,932.8407326283075,0.350732628307469
TR-045817,Dry Van,2033.0,3953.94,3891.174456069882,62.76554393011793
TR-045818,Reefer,2425.4,4999.35,5050.271423214408,50.921423214407696
TR-045819,Dry Van,360.1,829.78,798.2682506558043,31.511749344195664
TR-045820,Dry Van,940.4,9522.01,1869.6780801755197,7652.331919824481
TR-045821,Reefer,524.6,1375.14,1353.382647270124,21.757352729876175
TR-045822,Flatbed,474.0,1133.66,1118.5075025637173,15.152497436282829
TR-045823,Reefer,2359.9,4705.33,4723.662779474551,18.33277947455099
TR-045824,Dry Van,426.5,958.53,922.5360000964279,35.9939999035721
TR-045825,Flatbed,679.1,1543.23,1506.1212976511913,37.10870234880872
TR-045826,Dry Van,2325.3,4131.85,4161.795080500434,29.945080500433505
TR-045827,Dry Van,743.7,1552.35,1523.1819387158723,29.16806128412759
TR-045828,Dry Van,898.7,1810.99,1747.2580966705598,63.73190332944023
TR-045829,Reefer,1679.7,3685.75,3670.55984866625,15.190151333749782
TR-045830,Flatbed,912.8,1859.19,1927.4414086774898,68.25140867748974
TR-045831,Dry Van,440.7,989.63,989.3558987535348,0.27410124646519307
TR-045832,Dry Van,123.7,349.49,340.29491101277125,9.195088987228758
TR-045833,Dry Van,217.2,574.16,565.0629402748552,9.097059725144732
TR-045834,Reefer,1478.5,700.21,3183.2458042828353,2483.035804282835
TR-045835,Dry Van,693.9,1631.71,1521.548423122144,110.16157687785608
TR-045836,Flatbed,1124.7,2362.92,2391.2087149906433,28.288714990643257
TR-045837,Dry Van,1503.4,2972.51,2940.977478645912,31.532521354088203
TR-045838,Dry Van,1267.9,2699.51,2559.3199848899994,140.1900151100008
TR-045839,Flatbed,752.7,1862.45,1833.202108987933,29.247891012067157
TR-045840,Dry Van,1721.3,3476.91,3362.5516907779106,114.35830922208925
TR-045841,Reefer,847.0,1989.36,1980.7019771616356,8.658022838364332
TR-045842,Reefer,1629.1,3523.42,3622.2623784134494,98.8423784134493
TR-045843,Dry Van,2796.1,5068.46,5030.103961994978,38.35603800502213
TR-045844,Dry Van,1688.5,3163.53,3180.7621725358817,17.232172535881546
TR-045845,Dry Van,436.9,988.77,1008.900103923964,20.130103923964043
TR-045846,Flatbed,759.9,1695.2,1659.6423135983878,35.55768640161227
TR-045847,Dry Van,1525.2,3057.31,2886.2921916482064,171.01780835179352
TR-045848,Reefer,2786.4,5815.43,5829.845146069289,14.415146069288312
TR-045849,Flatbed,246.8,606.41,633.461270626468,27.051270626468067
TR-045850,Reefer,2337.9,5044.57,5060.412504262576,15.842504262575858
TR-045851,Reefer,1928.0,3991.46,4136.083574020696,144.62357402069574
TR-045852,Flatbed,1416.0,3036.3,3119.578508971968,83.27850897196777
TR-045853,Flatbed,786.5,1812.84,1775.696970611117,37.14302938888295
TR-045854,Dry Van,975.4,2071.63,2012.9699714763772,58.66002852362294
TR-045855,Dry Van,2515.3,4768.65,4577.293691031968,191.35630896803195
TR-045856,Reefer,345.7,932.39,943.3646770004534,10.974677000453426
TR-045857,Flatbed,410.3,1012.6,1039.7100686213005,27.110068621300456
TR-045858,Dry Van,1316.2,2550.35,2549.223291937929,1.1267080620709748
TR-045859,Reefer,900.2,2116.33,2114.255160158648,2.074839841352059
TR-045860,Reefer,892.4,1990.99,2068.577790288042,77.58779028804179
TR-045861,Dry Van,2832.7,5111.47,5076.60303131685,34.866968683149935
TR-045862,Flatbed,2156.6,4486.54,4324.633897396753,161.90610260324684
TR-045863,Dry Van,1975.9,3787.48,3544.7453443682216,242.73465563177842
TR-045864,Dry Van,520.9,1244.28,1195.9104859283748,48.36951407162519
TR-045865,Dry Van,537.6,1140.72,1146.6671173242096,5.947117324209557
TR-045866,Dry Van,899.2,1743.16,1719.7808183752325,23.379181624767625
TR-045867,Dry Van,1748.3,3491.03,3416.458547021583,74.57145297841726
TR-045868,Reefer,367.5,1006.04,986.7964937617071,19.243506238292866
TR-045869,Dry Van,520.6,1170.58,1169.7814463807201,0.7985536192798008
TR-045870,Dry Van,2709.0,4885.38,4796.176281762116,89.20371823788446
TR-045871,Dry Van,661.2,1386.64,1427.3686941580988,40.72869415809873
TR-045872,Reefer,483.5,1225.41,1206.6965715252186,18.713428474781495
TR-045873,Dry Van,862.5,1781.79,1783.40062970142,1.6106297014200663
TR-045874,Flatbed,1254.9,2723.7,2722.9173655662566,0.7826344337431692
TR-045875,Reefer,1524.8,3299.18,3381.546124084852,82.36612408485234
TR-045876,Reefer,269.5,786.48,757.9008651728087,28.579134827191297
TR-045877,Reefer,545.3,1410.96,1411.4185384572095,0.45853845720944264
TR-045878,Flatbed,564.7,1219.83,1233.0273662862824,13.197366286282431
TR-045879,Reefer,1266.9,2913.25,2876.196139740346,37.0538602596539
TR-045880,Dry Van,714.4,1561.35,1467.6265764678467,93.72342353215322
TR-045881,Dry Van,2086.2,3892.16,3767.5926396966743,124.56736030332559
TR-045882,Dry Van,682.7,1400.28,1380.6982563569768,19.581743643023174
TR-045883,Dry Van,678.7,1461.81,1395.1405272280642,66.66947277193572
TR-045884,Dry Van,1623.1,3182.56,3146.096855370033,36.46314462996679
TR-045885,Dry Van,1058.8,2144.76,2113.9474755153087,30.812524484691494
TR-045886,Dry Van,260.9,650.01,638.4836414898922,11.526358510107798
TR-045887,Flatbed,408.9,968.51,990.7419760145451,22.231976014545126
TR-045888,Reefer,668.9,1647.1,1603.5902149039255,43.50978509607444
TR-045889,Dry Van,1348.5,2729.1,2604.788648534888,124.31135146511178
TR-045890,Reefer,2037.5,4494.77,4440.744228641845,54.025771358155
TR-045891,Dry Van,733.5,1634.18,1602.482334403031,31.697665596969046
TR-045892,Reefer,764.9,1963.55,1895.1987023576487,68.35129764235126
TR-045893,Dry Van,1688.6,3401.76,3332.755993179122,69.0040068208782
TR-045894,Dry Van,1862.5,3600.17,3432.6507830759074,167.5192169240927
TR-045895,Reefer,855.3,2059.94,1997.3279238963485,62.61207610365159
TR-045896,Dry Van,793.1,1499.02,1520.5732263984057,21.55322639840574
TR-045897,Flatbed,467.3,1106.0,1097.8292135525537,8.17078644744629
TR-045898,Reefer,620.0,1415.97,1435.3188653961577,19.348865396157635
TR-045899,Flatbed,1560.8,3079.84,3224.658069555894,144.818069555894
TR-045900,Dry Van,724.5,1455.53,1415.4778502434995,40.05214975650051
TR-045901,Flatbed,958.7,2133.85,2190.9802396420273,57.13023964202739
TR-045902,Dry Van,1879.1,3664.1,3541.8064743651053,122.29352563489465
TR-045903,Reefer,1019.1,2356.83,2361.3402882280975,4.510288228097579
TR-045904,Flatbed,907.1,2087.83,2107.094703691943,19.26470369194294
TR-045905,Flatbed,744.4,1627.5,1593.850647170897,33.64935282910301
TR-045906,Reefer,2007.6,4440.83,4410.0922916381305,30.73770836186941
TR-045907,Flatbed,2534.5,5015.77,5013.469755400082,2.3002445999181873
TR-045908,Reefer,1869.2,4003.05,4101.754232891142,98.70423289114206
TR-045909,Dry Van,583.0,1290.15,1287.2774112944464,2.872588705553653
TR-045910,Flatbed,2612.2,5205.32,5144.9660393758,60.35396062419932
TR-045911,Reefer,421.2,1126.1,1100.8869108284089,25.213089171591037
TR-045912,Flatbed,487.7,1183.6,1199.1149611540686,15.514961154068715
TR-045913,Dry Van,959.8,2001.86,1982.4466620587311,19.413337941268765
TR-045914,Reefer,1973.3,4242.61,4193.655853520559,48.95414647944108
TR-045915,Dry Van,882.0,1766.47,1680.5931022372038,85.87689776279626
TR-045916,Reefer,2435.0,4890.94,4928.653279099288,37.71327909928823
TR-045917,Dry Van,142.2,404.69,394.32395672994784,10.36604327005216
TR-045918,Dry Van,2115.6,4181.96,4033.3177687861794,148.64223121382065
TR-045919,Dry Van,1348.8,2687.53,2607.050808122274,80.47919187772641
TR-045920,Dry Van,1146.8,2449.64,2293.3049523775435,156.3350476224564
TR-045921,Dry Van,2152.4,3835.85,3818.890591729748,16.95940827025197
TR-045922,Reefer,1580.0,3331.57,3296.0062311521465,35.56376884785368
TR-045923,Dry Van,2031.2,3840.4,3794.611347720851,45.78865227914912
TR-045924,Dry Van,1161.6,2397.45,2396.6057635576153,0.8442364423844992
TR-045925,Dry Van,887.7,1849.8,1760.8283332662766,88.9716667337234
TR-045926,Dry Van,812.6,1833.94,1807.0254271345802,26.914572865419814
TR-045927,Dry Van,623.0,1415.02,1359.5556374355797,55.4643625644203
TR-045928,Dry Van,749.0,1653.6,1663.7749540928123,10.174954092812413
TR-045929,Flatbed,991.8,2269.87,2284.5314133936986,14.661413393698695
TR-045930,Dry Van,1183.8,2343.36,2299.8032100379537,43.55678996204642
TR-045931,Dry Van,500.6,1155.88,1149.569979976701,6.310020023299103
TR-045932,Reefer,1151.0,2734.13,2674.6089138167404,59.52108618325974
TR-045933,Reefer,180.2,542.83,523.9913913217675,18.838608678232504
TR-045934,Flatbed,1527.7,3338.28,3390.411573930491,52.13157393049096
TR-045935,Reefer,1121.8,2496.0,2536.4741866072063,40.47418660720632
TR-045936,Reefer,1300.2,2966.05,2959.031493635645,7.018506364355289
TR-045937,Flatbed,2908.1,5663.94,5788.2478158361255,124.30781583612588
TR-045938,Flatbed,1964.6,3967.69,4070.714729006057,103.02472900605699
TR-045939,Reefer,946.7,2107.87,2127.11682487985,19.24682487985001
TR-045940,Dry Van,333.9,753.48,773.0782831462437,19.598283146243716
TR-045941,Dry Van,380.8,876.11,875.0932960553213,1.0167039446787385
TR-045942,Reefer,360.5,959.64,950.2782644567196,9.36173554328036
TR-045943,Dry Van,1091.4,2122.57,2072.943150916003,49.62684908399706
TR-045944,Reefer,2218.6,4530.44,4632.022400894006,101.58240089400624
TR-045945,Dry Van,1716.4,3356.21,3357.1642017934787,0.95420179347866
TR-045946,Dry Van,722.2,1551.53,1527.0094471703267,24.520552829673306
TR-045947,Dry Van,1688.7,3348.56,3248.4422836701065,100.11771632989348
TR-045948,Reefer,797.4,1845.61,1842.1158238700234,3.494176129976495
TR-045949,Dry Van,975.1,2135.27,2095.3390923188144,39.930907681185545
TR-045950,Reefer,646.9,1619.21,1610.7543466778616,8.45565332213846
TR-045951,Dry Van,1797.5,3564.95,3450.2438969244454,114.70610307555444
TR-045952,Reefer,819.0,2072.92,2049.686868036687,23.2331319633131
TR-045953,Dry Van,199.3,514.26,507.8132053245341,6.446794675465867
TR-045954,Flatbed,637.5,1466.63,1474.9015537091582,8.27155370915807
TR-045955,Flatbed,1978.6,4032.78,4061.295622018046,28.515622018045633
TR-045956,Dry Van,270.1,651.51,644.3367047645362,7.173295235463797
TR-045957,Dry Van,1114.8,2273.63,2178.744167656479,94.88583234352109
TR-045958,Dry Van,1031.8,2089.43,2057.3243902447116,32.10560975528824
TR-045959,Dry Van,2534.1,4496.35,4420.265678067316,76.08432193268436
TR-045960,Dry Van,888.8,1880.12,1846.1239720311935,33.9960279688064
TR-045961,Dry Van,485.6,1120.66,1102.5136680704627,18.146331929537382
TR-045962,Reefer,1175.9,2688.36,2662.6467347210637,25.713265278936433
TR-045963,Reefer,1128.3,2534.73,2527.544294828167,7.1857051718329785
TR-045964,Dry Van,668.5,1341.22,1330.678582685649,10.541417314351065
TR-045965,Dry Van,1530.0,2975.08,2961.3927518308924,13.687248169107534
TR-045966,Dry Van,430.9,991.62,1004.8795913010423,13.259591301042292
TR-045967,Dry Van,1138.5,2298.17,2247.175914857005,50.99408514299512
TR-045968,Dry Van,252.0,593.11,602.6660892880064,9.556089288006433
TR-045969,Reefer,663.4,1711.11,1672.534800097887,38.5751999021129
TR-045970,Reefer,186.9,529.66,519.283875448943,10.376124551056932
TR-045971,Dry Van,364.2,879.77,866.5592425772821,13.210757422717847
TR-045972,Dry Van,328.1,767.1,762.845761862408,4.254238137591983
TR-045973,Dry Van,1267.3,2530.36,2467.790189526073,62.56981047392719
TR-045974,Dry Van,1820.5,3559.92,3430.025894496754,129.894105503246
TR-045975,Flatbed,1115.5,2350.04,2397.812136048261,47.77213604826102
TR-045976,Dry Van,637.1,1394.61,1423.5217678192291,28.911767819229226
TR-045977,Dry Van,1404.6,2791.89,2778.786463087053,13.103536912946765
TR-045978,Reefer,75.1,232.99,219.4869423542268,13.503057645773197
TR-045979,Dry Van,935.5,1938.75,1895.5493231143794,43.200676885620624
TR-045980,Dry Van,654.9,1434.58,1453.2178100029082,18.63781000290828
TR-045981,Dry Van,1860.0,3447.98,3467.886805445218,19.906805445218197
TR-045982,Dry Van,1689.0,3196.73,3148.1747377874754,48.55526221252467
TR-045983,Dry Van,379.2,831.63,811.8294637530357,19.80053624696427
TR-045984,Flatbed,544.8,1194.13,1231.689693861329,37.559693861328924
TR-045985,Dry Van,1443.5,2972.9,2880.3132415484533,92.58675845154676
TR-045986,Flatbed,1766.5,3692.68,3724.206564329824,31.52656432982394
TR-045987,Dry Van,253.1,577.78,584.724620376583,6.944620376582975
TR-045988,Flatbed,832.2,5308.55,1844.408224466864,3464.141775533136
TR-045989,Reefer,813.5,1946.12,1922.0163909125474,24.10360908745247
TR-045990,Reefer,645.9,1497.97,1517.6790643180784,19.70906431807839
TR-045991,Dry Van,2176.5,4009.74,3971.6270631558205,38.11293684417933
TR-045992,Dry Van,243.8,203.4,606.0756221505336,402.6756221505336
TR-045993,Reefer,1822.1,3823.32,3837.8463275687395,14.526327568739362
TR-045994,Dry Van,678.2,1448.26,1423.5198998712235,24.740100128776476
TR-045995,Dry Van,554.8,1275.97,1194.8468254307857,81.12317456921437
TR-045996,Dry Van,1989.5,3808.34,3729.4213034235954,78.91869657640473
TR-045997,Dry Van,436.5,1009.93,1013.007595413645,3.077595413645099
TR-045998,Dry Van,1092.3,2297.59,2256.950518971375,40.63948102862514
TR-045999,Dry Van,599.9,1380.6,1351.6992311140432,28.900768885956722
TR-046000,Reefer,429.9,1216.79,1161.535155742563,55.25484425743707
TR-046001,Reefer,1293.2,2834.77,2833.246167702927,1.5238322970731133
TR-046002,Dry Van,892.0,1837.35,1794.9708612416007,42.37913875839922
TR-046003,Reefer,1280.6,2738.58,2824.2657208344026,85.68572083440267
TR-046004,Reefer,2253.0,4711.99,4698.334903493241,13.655096506759037
TR-046005,Dry Van,467.3,1046.58,1007.429634276951,39.150365723048935
TR-046006,Dry Van,558.9,1310.53,1255.1042404530576,55.425759546942345
TR-046007,Dry Van,1033.7,2036.13,2006.0325527603825,30.097447239617622
TR-046008,Dry Van,786.0,1668.7,1606.3802038138174,62.31979618618266
TR-046009,Dry Van,818.5,1690.83,1767.3965201725186,76.56652017251872
TR-046010,Reefer,1627.7,3493.39,3582.0369786239844,88.64697862398452
TR-046011,Dry Van,871.5,1820.83,1788.860582535572,31.969417464428034
TR-046012,Dry Van,2228.1,4232.87,4151.422516353713,81.44748364628686
TR-046013,Reefer,318.5,808.29,813.9002897143974,5.6102897143974815
TR-046014,Dry Van,2567.4,4654.64,4625.2050567315555,29.43494326844484
TR-046015,Reefer,1051.5,2316.06,2383.7424812656536,67.68248126565368
TR-046016,Reefer,435.9,1117.41,1141.8495107921476,24.43951079214753
TR-046017,Reefer,674.0,1566.31,1576.132030409832,9.822030409831996
TR-046018,Reefer,827.0,1961.67,1946.20148918516,15.468510814840101
TR-046019,Reefer,1212.1,2755.15,2722.682157319213,32.46784268078727
TR-046020,Dry Van,264.6,624.02,624.1436563826073,0.12365638260735068
TR-046021,Dry Van,819.0,1671.31,1645.248909022075,26.061090977925005
TR-046022,Dry Van,498.9,1104.74,1113.569549082136,8.829549082136054
TR-046023,Flatbed,813.0,1790.74,1808.1679464802155,17.427946480215496
TR-046024,Dry Van,1401.9,2793.65,2691.69362430624,101.95637569376004
TR-046025,Dry Van,733.8,1581.9,1563.809887576963,18.090112423037
TR-046026,Dry Van,2018.9,3786.01,3746.2297004930842,39.78029950691598
TR-046027,Dry Van,2118.5,3922.14,3918.9239852461487,3.216014753851141
TR-046028,Dry Van,388.7,865.79,839.6127539330145,26.177246066985504
TR-046029,Dry Van,1710.0,3232.85,3151.7601385083176,81.08986149168231
TR-046030,Dry Van,1086.7,2073.63,2030.7423839321991,42.88761606780099
TR-046031,Dry Van,148.1,418.53,400.6458070705671,17.884192929432857
TR-046032,Dry Van,1266.4,2477.44,2432.8791154443775,44.56088455562258
TR-046033,Flatbed,301.5,814.05,827.5946189528926,13.54461895289262
TR-046034,Flatbed,1582.8,3458.16,3481.139745441668,22.979745441668
TR-046035,Flatbed,826.4,1931.36,1854.271932670368,77.08806732963194
TR-046036,Dry Van,1999.2,3959.29,3826.6141222262722,132.67587777372773
TR-046037,Reefer,367.2,938.56,960.8031724918617,22.243172491861742
TR-046038,Reefer,2403.9,5088.62,5046.71367773248,41.9063222675195
TR-046039,Dry Van,392.8,869.11,876.2715743615099,7.161574361509906
TR-046040,Reefer,2717.9,5387.61,5537.079979283505,149.46997928350538
TR-046041,Flatbed,1240.2,2733.64,2735.852672769779,2.2126727697791466
TR-046042,Flatbed,1152.4,2519.16,2613.817310241587,94.65731024158731
TR-046043,Flatbed,1245.1,2553.28,2648.589190876393,95.30919087639268
TR-046044,Dry Van,3067.3,5467.46,5433.459912643272,34.00008735672782
TR-046045,Dry Van,1684.7,3192.96,3134.507519313116,58.45248068688397
TR-046046,Reefer,1780.2,3736.86,3690.901223979313,45.95877602068731
TR-046047,Dry Van,652.1,1365.36,1333.527929098039,31.832070901960833
TR-046048,Flatbed,792.6,1714.72,1698.5445882576787,16.17541174232133
TR-046049,Flatbed,423.7,1071.09,1097.0461811858108,25.95618118581092
TR-046050,Dry Van,448.3,1093.07,1061.4624028011176,31.60759719888233
TR-046051,Dry Van,464.3,1103.5,1063.8609951425262,39.639004857473765
TR-046052,Dry Van,1730.4,3489.16,3372.318782383561,116.84121761643883
TR-046053,Dry Van,555.2,1184.35,1150.2662665469832,34.08373345301675
TR-046054,Dry Van,285.3,664.86,677.3779039712175,12.517903971217493
TR-046055,Reefer,1804.1,3849.6,3961.6562307845506,112.05623078455073
TR-046056,Flatbed,527.7,1221.83,1227.223051494915,5.393051494914971
TR-046057,Dry Van,588.2,1200.2,1202.3718081565005,2.171808156500447
TR-046058,Flatbed,656.4,1477.99,1497.4228301330845,19.432830133084508
TR-046059,Dry Van,779.7,1532.71,1493.9607710085957,38.74922899140438
TR-046060,Dry Van,70.0,209.86,193.16098611358296,16.69901388641705
TR-046061,Dry Van,775.8,1643.8,1625.6707032163943,18.129296783605696
TR-046062,Flatbed,1218.1,2579.5,2669.2658385333752,89.76583853337524
TR-046063,Reefer,273.9,166.3,749.5904949990322,583.2904949990323
TR-046064,Dry Van,1240.7,2537.25,2480.684501852641,56.565498147358994
TR-046065,Dry Van,990.6,1975.87,1898.697641241068,77.17235875893198
TR-046066,Dry Van,1235.7,2517.98,2449.4489820719714,68.53101792802863
TR-046067,Dry Van,626.7,1375.57,1349.2787409765838,26.29125902341616
TR-046068,Flatbed,965.9,2025.27,2065.993906424224,40.72390642422397
TR-046069,Dry Van,1721.2,3283.73,3187.0052781953527,96.72472180464729
TR-046070,Reefer,797.2,1952.05,1951.3780557201621,0.6719442798378168
TR-046071,Reefer,989.4,2152.52,2164.394998669252,11.874998669251909
TR-046072,Reefer,1678.9,3506.58,3589.4093830384836,82.82938303848368
TR-046073,Dry Van,917.8,1834.32,1850.8400651236752,16.520065123675295
TR-046074,Flatbed,614.5,1386.17,1384.5792808078863,1.5907191921137382
TR-046075,Flatbed,3218.4,6311.76,6400.215095084336,88.45509508433588
TR-046076,Dry Van,1663.8,3193.54,3177.6952301394986,15.844769860501401
TR-046077,Dry Van,1035.9,2138.43,2073.2623545136566,65.16764548634319
TR-046078,Dry Van,684.6,1502.48,1526.7239506342014,24.243950634201383
TR-046079,Reefer,359.9,914.91,918.5065842405844,3.596584240584434
TR-046080,Flatbed,890.4,1903.41,1930.4613820334241,27.051382033424034
TR-046081,Dry Van,1547.4,3032.86,2939.406453808783,93.4535461912169
TR-046082,Reefer,1807.8,3811.86,3751.954888677194,59.90511132280608
TR-046083,Dry Van,1037.9,1914.61,1927.3206748016303,12.710674801630375
TR-046084,Flatbed,2693.8,5434.56,5356.873074029156,77.68692597084464
TR-046085,Reefer,1547.5,3428.65,3392.4133718574167,36.23662814258341
TR-046086,Flatbed,1215.2,2580.89,2641.4527629222066,60.56276292220673
TR-046087,Dry Van,170.3,429.61,420.9139806482246,8.69601935177542
TR-046088,Dry Van,1440.5,2916.04,2802.2465980147836,113.7934019852164
TR-046089,Reefer,827.8,1955.92,1948.0743794073271,7.845620592672958
TR-046090,Dry Van,191.3,506.13,497.27707529431734,8.852924705682653
TR-046091,Dry Van,834.3,1823.82,1781.4471109315377,42.3728890684622
TR-046092,Flatbed,427.2,1013.06,1028.2964074827978,15.236407482797858
TR-046093,Dry Van,1744.3,3521.99,3360.6598385743996,161.33016142560018
TR-046094,Reefer,1386.6,3087.82,3117.2498121601243,29.42981216012413
TR-046095,Dry Van,1536.9,3197.41,3007.544799727913,189.8652002720869
TR-046096,Dry Van,1063.5,2038.75,1989.1042578545764,49.64574214542358
TR-046097,Reefer,697.3,1784.15,1740.5438779875005,43.606122012499554
TR-046098,Reefer,1034.1,2309.56,2284.0167076642565,25.543292335743445
TR-046099,Dry Van,1488.6,2927.76,2807.0536222394853,120.7063777605149
TR-046100,Dry Van,707.7,1478.71,1468.01618614752,10.693813852479934
TR-046101,Flatbed,1275.5,2838.14,2741.228155185662,96.91184481433766
TR-046102,Dry Van,458.2,1052.13,1022.4616863178261,29.668313682174016
TR-046103,Dry Van,616.1,1314.12,1230.5651067697886,83.55489323021129
TR-046104,Dry Van,2321.9,4264.23,4211.759867927454,52.47013207254531
TR-046105,Reefer,1739.0,3861.12,3827.053626854149,34.066373145850775
TR-046106,Dry Van,341.1,813.92,806.4849496258053,7.435050374194702
TR-046107,Flatbed,2560.2,4785.48,4918.283173971469,132.80317397146973
TR-046108,Flatbed,294.5,743.51,754.0695022105537,10.55950221055366
TR-046109,Dry Van,846.7,1722.44,1715.5398244630214,6.900175536978622
TR-046110,Reefer,2742.9,5409.7,5353.018381023028,56.68161897697155
TR-046111,Dry Van,497.7,1180.89,1156.3226090862725,24.56739091372765
TR-046112,Flatbed,330.3,850.95,856.3220364018817,5.372036401881701
TR-046113,Dry Van,625.1,1457.78,1410.1721533018147,47.60784669818531
TR-046114,Dry Van,395.3,934.94,932.5907129051521,2.3492870948479094
TR-046115,Reefer,1049.7,2563.17,2503.5845165429287,59.585483457071405
TR-046116,Dry Van,479.2,1103.2,1113.9782200427535,10.778220042753446
TR-046117,Dry Van,2173.1,3858.33,3835.9737679657433,22.356232034256664
TR-046118,Flatbed,300.9,811.8,827.739653551841,15.939653551841047
TR-046119,Reefer,237.9,694.21,683.5922870505257,10.617712949474367
TR-046120,Dry Van,2298.9,4276.51,4221.572678490931,54.93732150906908
TR-046121,Dry Van,622.7,1329.1,1302.7599382464064,26.340061753593545
TR-046122,Reefer,787.3,1824.99,1875.5067098130341,50.51670981303414
TR-046123,Dry Van,1266.4,2615.77,2576.0271988467034,39.74280115329657
TR-046124,Flatbed,815.1,1894.04,1939.6520996289455,45.61209962894554
TR-046125,Reefer,2242.1,4763.57,4805.85994954935,42.28994954935024
TR-046126,Reefer,1340.0,3106.0,3050.9112931779323,55.08870682206771
TR-046127,Flatbed,1065.5,2282.79,2362.1158870466484,79.3258870466484
TR-046128,Dry Van,804.4,1703.71,1634.7970644292075,68.91293557079257
TR-046129,Dry Van,936.6,1827.34,1810.7791761424028,16.560823857597143
TR-046130,Dry Van,2396.2,4196.79,4296.732411895295,99.94241189529475
TR-046131,Reefer,519.5,1285.74,1273.605133961688,12.134866038312111
TR-046132,Reefer,2303.1,4933.39,4862.122252901692,71.26774709830806
TR-046133,Reefer,762.4,1785.49,1753.2812743648856,32.20872563511443
TR-046134,Reefer,1082.7,2564.55,2570.0567225615373,5.506722561537117
TR-046135,Dry Van,966.1,2035.32,1950.7278772941409,84.59212270585908
TR-046136,Reefer,671.0,1579.19,1596.9881559773503,17.798155977350234
TR-046137,Dry Van,1164.5,2395.54,2259.8356570351807,135.70434296481926
TR-046138,Flatbed,427.9,1045.84,1022.0935014292535,23.74649857074644
TR-046139,Dry Van,686.5,1404.54,1342.0513841714899,62.48861582851009
TR-046140,Dry Van,848.8,1697.02,1692.7269737810575,4.293026218942487
TR-046141,Dry Van,567.3,1219.35,1183.740943392931,35.60905660706885
TR-046142,Reefer,939.7,752.15,2229.0671283125835,1476.9171283125834
TR-046143,Dry Van,418.0,1006.1,988.504119701088,17.595880298911993
TR-046144,Flatbed,1420.7,3102.66,3151.8635158847433,49.20351588474341
TR-046145,Reefer,958.5,2242.82,2255.3519290565214,12.531929056521221
TR-046146,Dry Van,999.5,2031.75,2005.589246869536,26.160753130463945
TR-046147,Dry Van,1461.4,2920.58,2835.7463147082926,84.8336852917073
TR-046148,Dry Van,683.9,1431.46,1450.1559507385384,18.695950738538386
TR-046149,Dry Van,1124.5,2304.5,2185.899445887523,118.60055411247686
TR-046150,Reefer,221.0,642.59,636.8773585008889,5.7126414991111005
TR-046151,Dry Van,999.9,2082.87,2007.3125223240575,75.55747767594244
TR-046152,Reefer,2029.8,4400.83,4386.608554394164,14.22144560583638
TR-046153,Reefer,751.2,1768.13,1737.4316594640388,30.69834053596128
TR-046154,Flatbed,912.4,2004.74,2074.0456940678405,69.30569406784048
TR-046155,Dry Van,1017.4,2072.48,2051.3219612933394,21.15803870666059
TR-046156,Flatbed,741.0,1697.36,1732.0496757862438,34.689675786243924
TR-046157,Dry Van,709.1,1501.82,1523.8964682918602,22.076468291860238
TR-046158,Reefer,1371.3,2901.18,3062.925443383351,161.74544338335136
TR-046159,Flatbed,791.3,1745.83,1785.074639039202,39.244639039202184
TR-046160,Dry Van,755.2,1685.45,1646.6139914778068,38.8360085221932
TR-046161,Reefer,1252.3,2878.12,2875.1936428710583,2.9263571289416177
TR-046162,Dry Van,530.0,1168.91,1128.3454866426805,40.56451335731958
TR-046163,Dry Van,124.3,332.78,328.5185048816901,4.261495118309881
TR-046164,Reefer,813.7,1992.45,1987.7504302666089,4.699569733391172
TR-046165,Dry Van,1084.6,2112.63,2056.257194670694,56.372805329306175
TR-046166,Flatbed,330.6,855.72,865.3084251949741,9.588425194974093
TR-046167,Dry Van,1001.9,2086.28,2009.7313249396339,76.54867506036635
TR-046168,Flatbed,817.5,1866.42,1909.1726777441338,42.752677744133734
TR-046169,Dry Van,783.6,1611.06,1562.5265969828768,48.53340301712319
TR-046170,Dry Van,666.4,1445.43,1423.3105310699816,22.119468930018456
TR-046171,Reefer,202.2,639.17,591.6127252605276,47.557274739472405
TR-046172,Flatbed,1702.2,3505.44,3661.315957328607,155.875957328607
TR-046173,Flatbed,2011.2,4057.31,4014.643523979237,42.66647602076273
TR-046174,Dry Van,2490.9,880.13,4404.485381559643,3524.3553815596433
TR-046175,Flatbed,1936.8,3739.53,3701.145668111293,38.38433188870704
TR-046176,Reefer,1311.4,2821.23,2907.1893981474004,85.9593981474004
TR-046177,Flatbed,929.9,1805.43,1934.4395863886657,129.00958638866564
TR-046178,Reefer,1506.5,3140.88,3184.1785838422766,43.29858384227646
TR-046179,Dry Van,1589.7,643.58,3039.332801486099,2395.752801486099
TR-046180,Flatbed,308.4,863.53,848.0016427973039,15.528357202696043
TR-046181,Dry Van,378.0,870.15,839.7823849429711,30.367615057028843
TR-046182,Flatbed,547.5,1308.78,1311.3384678639413,2.5584678639413596
TR-046183,Dry Van,1464.9,2957.72,2947.6571476321387,10.062852367861069
TR-046184,Dry Van,639.7,1330.65,1313.3108874881405,17.33911251185964
TR-046185,Dry Van,1651.1,3113.18,3079.8424677491926,33.33753225080727
TR-046186,Dry Van,279.4,670.27,651.8926160605436,18.377383939456422
TR-046187,Dry Van,946.5,1839.62,1800.259922718382,39.360077281617805
TR-046188,Reefer,1032.5,2320.32,2332.4699914156236,12.14999141562339
TR-046189,Flatbed,1791.2,3781.31,3835.3014844145205,53.99148441452053
TR-046190,Dry Van,1760.3,3502.7,3334.1513292656787,168.54867073432115
TR-046191,Dry Van,1052.7,2120.92,2069.3396738661786,51.58032613382147
TR-046192,Reefer,1679.7,3533.69,3565.419741491894,31.729741491893947
TR-046193,Dry Van,687.7,1466.97,1450.3863494390123,16.583650560987735
TR-046194,Dry Van,1476.0,2790.85,2767.2351120001267,23.61488799987319
TR-046195,Dry Van,1034.3,2088.92,2007.1355197338394,81.7844802661607
TR-046196,Reefer,458.9,1246.26,1209.4016884361797,36.85831156382028
TR-046197,Flatbed,1515.6,3141.33,3248.6278011589534,107.29780115895346
TR-046198,Reefer,621.8,1529.35,1525.083659809224,4.2663401907759635
TR-046199,Dry Van,2296.7,4278.23,4132.804752890073,145.4252471099262
TR-046200,Dry Van,837.8,1631.08,1618.3766237593727,12.703376240627222
TR-046201,Reefer,923.8,2174.48,2137.8832983719913,36.59670162800876
TR-046202,Flatbed,2278.3,4503.27,4472.081885825945,31.188114174055045
TR-046203,Dry Van,1990.6,3701.77,3662.939752930516,38.8302470694839
TR-046204,Reefer,2823.9,5496.55,5432.280834492958,64.26916550704209
TR-046205,Dry Van,464.2,1028.64,1004.8695143752359,23.770485624764206
TR-046206,Dry Van,2215.9,4063.51,4000.220032174983,63.28996782501736
TR-046207,Flatbed,1099.9,2347.37,2393.646112325575,46.27611232557501
TR-046208,Dry Van,2324.2,4332.59,4178.178022265512,154.41197773448857
TR-046209,Dry Van,1731.2,3252.55,3230.218639756331,22.331360243669224
TR-046210,Dry Van,407.6,908.37,917.9823659878015,9.612365987801468
TR-046211,Flatbed,375.8,970.39,938.7346500473523,31.655349952647725
TR-046212,Dry Van,735.4,1558.89,1554.2599653517805,4.630034648219635
TR-046213,Flatbed,454.9,1149.12,1142.0470799401503,7.072920059849594
TR-046214,Flatbed,2023.4,17893.17,4210.240933613136,13682.929066386863
TR-046215,Reefer,1078.4,2487.72,2480.589682697933,7.130317302066942
TR-046216,Reefer,1469.0,3335.74,3376.9101107234524,41.17011072345258
TR-046217,Dry Van,631.7,1412.73,1381.365477810101,31.364522189898935
TR-046218,Flatbed,1300.5,2712.93,2820.4261004744035,107.49610047440365
TR-046219,Flatbed,2987.6,6093.6,6066.867186214641,26.732813785359212
TR-046220,Reefer,816.4,1868.59,1883.049972419643,14.459972419643009
TR-046221,Dry Van,522.1,1202.95,1187.7133735291848,15.236626470815281
TR-046222,Dry Van,828.0,1604.74,1650.0122683267373,45.272268326737276
TR-046223,Reefer,274.0,793.55,761.9499540586572,31.600045941342728
TR-046224,Reefer,1348.4,3115.6,3115.9203766594146,0.3203766594147055
TR-046225,Flatbed,438.0,997.17,1053.118560855432,55.94856085543199
TR-046226,Dry Van,753.5,1617.98,1632.4413390783777,14.461339078377705
TR-046227,Dry Van,179.2,463.0,474.01312637918824,11.013126379188236
TR-046228,Reefer,257.6,701.71,701.2046020234559,0.5053979765441454
TR-046229,Reefer,2688.6,5490.26,5488.423794193655,1.8362058063448785
TR-046230,Reefer,3163.4,6302.46,6497.880667712252,195.420667712252
TR-046231,Dry Van,559.5,1213.94,1197.3973663054346,16.54263369456544
TR-046232,Dry Van,617.5,1349.39,1312.9074541796374,36.4825458203627
TR-046233,Reefer,355.9,951.71,954.9486688936412,3.2386688936411474
TR-046234,Dry Van,542.1,1143.94,1134.8242785206457,9.115721479354306
TR-046235,Dry Van,1539.4,2796.13,2829.473064595606,33.34306459560594
TR-046236,Flatbed,1021.9,2108.65,2223.6425405816003,114.99254058160022
TR-046237,Dry Van,1448.9,2942.78,2853.8245200631018,88.95547993689843
TR-046238,Reefer,2876.1,5652.74,5603.715115773003,49.02488422699662
TR-046239,Dry Van,540.4,1153.25,1134.304237825293,18.945762174706942
TR-046240,Flatbed,1201.7,2403.82,2520.5750133179936,116.75501331799342
TR-046241,Dry Van,564.0,1205.46,1190.6247508885313,14.835249111468784
TR-046242,Reefer,529.1,1314.3,1270.4951625730164,43.80483742698357
TR-046243,Dry Van,760.5,1570.88,1554.2409749123474,16.639025087652726
TR-046244,Reefer,559.8,1391.18,1374.5363464550223,16.643653544977724
TR-046245,Dry Van,1761.1,3513.88,3402.883333320124,110.99666667987594
TR-046246,Dry Van,838.2,1768.2,1731.575140316366,36.624859683633986
TR-046247,Reefer,470.1,1140.79,1164.6894418793825,23.899441879382493
TR-046248,Flatbed,1674.4,3582.0,3681.3979227468417,99.39792274684169
TR-046249,Flatbed,2260.5,4426.12,4517.734023011065,91.614023011065
TR-046250,Reefer,335.2,846.98,865.2585798041328,18.278579804132733
TR-046251,Dry Van,1743.3,3262.37,3192.329123502944,70.0408764970557
TR-046252,Reefer,1962.8,4354.23,4343.266959990067,10.963040009932229
TR-046253,Dry Van,2501.2,4758.16,4600.99784758862,157.1621524113798
TR-046254,Flatbed,630.0,1497.92,1479.232236824798,18.687763175202008
TR-046255,Dry Van,1538.4,2976.78,2963.6470472781834,13.132952721816764
TR-046256,Flatbed,2151.1,4264.03,4318.148625223506,54.11862522350657
TR-046257,Dry Van,71.6,205.02,193.72296951401398,11.297030485986028
TR-046258,Reefer,2661.8,5651.99,5545.727786494048,106.26221350595188
TR-046259,Flatbed,2618.3,5131.79,5157.12636470146,25.336364701460298
TR-046260,Dry Van,829.2,352.82,1659.927234868577,1307.107234868577
TR-046261,Dry Van,1544.3,3052.75,2928.3320663920776,124.41793360792235
TR-046262,Reefer,1046.4,2457.69,2482.557356699689,24.867356699689026
TR-046263,Flatbed,626.7,1367.22,1402.5909661409544,35.37096614095435
TR-046264,Dry Van,327.9,778.67,762.0642799834463,16.60572001655362
TR-046265,Dry Van,547.8,1166.08,1203.844761037419,37.76476103741902
TR-046266,Reefer,832.9,1893.57,1925.7606722263845,32.19067222638455
TR-046267,Reefer,1945.4,3891.99,3947.5155193739206,55.525519373920815
TR-046268,Dry Van,739.3,1579.23,1560.0187434091538,19.211256590846233
TR-046269,Dry Van,1414.7,2759.83,2639.620170129338,120.2098298706619
TR-046270,Reefer,439.3,1146.7,1137.4888310623346,9.211168937665434
TR-046271,Flatbed,632.4,1488.97,1498.655768622386,9.685768622385922
TR-046272,Flatbed,2890.4,5647.19,5655.295156425662,8.105156425662244
TR-046273,Dry Van,1679.4,3202.7,3225.385370982513,22.685370982513177
TR-046274,Dry Van,343.1,822.46,834.7880160925283,12.328016092528287
TR-046275,Reefer,1764.4,3652.13,3662.1041735383747,9.974173538374544
TR-046276,Dry Van,1045.8,2099.75,2060.3251027005376,39.42489729946237
TR-046277,Dry Van,1972.3,3852.49,3749.6903663287917,102.79963367120808
TR-046278,Reefer,2233.7,4740.97,4616.38894195491,124.58105804509069
TR-046279,Dry Van,710.3,1435.86,1446.421163365405,10.561163365405037
TR-046280,Reefer,1775.4,3776.77,3838.7843431279534,62.01434312795345
TR-046281,Dry Van,517.7,1114.5,1071.5945592197922,42.905440780207755
TR-046282,Dry Van,935.6,1885.05,1792.9025372676072,92.1474627323928
TR-046283,Dry Van,530.0,1108.88,1090.1916090901573,18.688390909842838
TR-046284,Flatbed,74.8,236.51,215.15773097200596,21.352269027994026
TR-046285,Reefer,1190.0,2782.84,2783.740285653996,0.9002856539959794
TR-046286,Flatbed,338.8,906.58,875.143063869737,31.436936130263007
TR-046287,Dry Van,1370.1,2757.06,2612.2775870145415,144.78241298545845
TR-046288,Dry Van,453.6,1024.01,1034.173164261236,10.163164261236034
TR-046289,Dry Van,1314.7,2577.82,2526.7607289115394,51.05927108846072
TR-046290,Reefer,1039.6,2378.1,2418.779158098916,40.679158098916105
TR-046291,Dry Van,1867.2,3382.5,3366.830640186365,15.669359813634856
TR-046292,Dry Van,847.3,1836.09,1787.318327314685,48.771672685315025
TR-046293,Flatbed,1997.9,4000.03,3980.0372167265296,19.99278327347065
TR-046294,Dry Van,344.1,809.92,810.0127721925052,0.0927721925052083
TR-046295,Reefer,517.6,1291.54,1283.3244827543465,8.215517245653473
TR-046296,Flatbed,1275.8,2571.24,2594.945715759846,23.705715759846044
TR-046297,Reefer,304.8,861.44,847.5882051357928,13.85179486420725
TR-046298,Flatbed,1721.5,3261.52,3371.518762229325,109.99876222932517
TR-046299,Dry Van,1826.5,3466.18,3453.1632367566745,13.016763243325386
TR-046300,Reefer,941.6,2155.31,2232.7786055892907,77.46860558929075
TR-046301,Reefer,2815.7,5782.14,5666.376620380843,115.7633796191576
TR-046302,Reefer,2340.2,4846.66,4803.48091027475,43.17908972524947
TR-046303,Reefer,1238.9,2839.88,2836.8778077274756,3.002192272524553
TR-046304,Dry Van,459.6,1014.97,1017.9587379770464,2.988737977046412
TR-046305,Dry Van,1056.9,2054.25,2068.047823902595,13.797823902595155
TR-046306,Reefer,1543.2,3441.52,3505.151409778606,63.63140977860621
TR-046307,Reefer,1049.0,2326.16,2342.7022239329926,16.542223932992783
TR-046308,Reefer,1174.6,2543.87,2603.292706955772,59.4227069557719
TR-046309,Dry Van,78.6,217.22,211.37709283258496,5.842907167415035
TR-046310,Reefer,2350.2,4765.0,4654.57201359778,110.42798640222009
TR-046311,Dry Van,1685.1,3339.97,3273.7638331232533,66.20616687674647
TR-046312,Dry Van,465.5,993.99,985.305972354813,8.68402764518703
TR-046313,Dry Van,2892.2,5297.75,5160.737186001903,137.01281399809704
TR-046314,Dry Van,774.5,1519.48,1491.3635217443139,28.11647825568616
TR-046315,Dry Van,760.0,1564.5,1535.038347074216,29.461652925783937
TR-046316,Dry Van,1646.2,3197.15,3181.690019042261,15.459980957738935
TR-046317,Flatbed,325.3,856.63,832.9621498672365,23.667850132763533
TR-046318,Dry Van,253.9,661.49,647.8077631394013,13.682236860598664
TR-046319,Reefer,3005.0,5920.98,6032.827200451678,111.84720045167887
TR-046320,Dry Van,865.5,1842.89,1760.013940873471,82.87605912652907
TR-046321,Reefer,2130.7,4230.45,4369.885628479818,139.43562847981775
TR-046322,Reefer,261.2,679.64,681.8329261953572,2.192926195357245
TR-046323,Reefer,574.5,1350.69,1341.6207029146626,9.069297085337439
TR-046324,Dry Van,1008.4,2179.9,2139.4512159325677,40.44878406743237
TR-046325,Dry Van,251.9,650.05,634.4131585532053,15.63684144679462
TR-046326,Dry Van,555.9,1164.1,1130.3137351619546,33.78626483804533
TR-046327,Dry Van,396.3,894.69,893.735449702818,0.9545502971820952
TR-046328,Reefer,443.3,1093.01,1085.8146958735485,7.195304126451447
TR-046329,Dry Van,399.6,924.22,917.3673028476951,6.852697152304927
TR-046330,Flatbed,340.1,882.1,887.3494942653666,5.249494265366593
TR-046331,Reefer,481.8,1330.32,1277.0580361425425,53.26196385745743
TR-046332,Flatbed,888.3,2065.63,2074.5873311048313,8.957331104831155
TR-046333,Flatbed,399.5,960.84,970.4045714266557,9.564571426655675
TR-046334,Dry Van,1168.2,2291.87,2306.114664758231,14.24466475823101
TR-046335,Reefer,1404.8,3093.85,3093.7866410847114,0.06335891528851789
TR-046336,Flatbed,596.1,1412.82,1391.2073729673427,21.6126270326572
TR-046337,Flatbed,428.0,1023.6,1020.4191708058202,3.1808291941798643
TR-046338,Dry Van,103.9,279.98,279.1971396130425,0.782860386957509
TR-046339,Dry Van,2248.6,4390.62,4292.084362279277,98.53563772072266
TR-046340,Dry Van,1205.3,2552.75,2425.1927391182912,127.55726088170877
TR-046341,Dry Van,1085.7,2199.41,2108.311603228197,91.09839677180298
TR-046342,Dry Van,1457.5,2786.26,2722.900179566947,63.3598204330533
TR-046343,Dry Van,1468.4,2759.26,2740.0870565078385,19.17294349216172
TR-046344,Dry Van,612.2,1399.28,1361.0942404613609,38.185759538639104
TR-046345,Reefer,2792.1,5735.76,5682.6195254993945,53.140474500605706
TR-046346,Dry Van,1440.9,2905.85,2842.5841903526716,63.2658096473283
TR-046347,Dry Van,355.3,873.69,866.9315004239315,6.758499576068516
TR-046348,Flatbed,1118.1,2606.58,2543.0713869370425,63.508613062957465
TR-046349,Flatbed,594.7,1449.76,1459.8343588526307,10.074358852630667
TR-046350,Reefer,749.7,1768.41,1717.0946740762265,51.31532592377357
TR-046351,Flatbed,265.5,691.16,680.5919084914314,10.568091508568614
TR-046352,Dry Van,3024.9,5460.56,5392.7923815022505,67.76761849774994
TR-046353,Flatbed,204.1,560.6,550.1345311294452,10.465468870554787
TR-046354,Reefer,1572.4,3315.73,3484.7404931447522,169.01049314475222
TR-046355,Flatbed,1103.7,2407.3,2443.4513811079437,36.15138110794351
TR-046356,Dry Van,1377.3,2650.84,2575.7246443542917,75.1153556457084
TR-046357,Dry Van,696.4,1512.06,1473.9396041530492,38.120395846950714
TR-046358,Flatbed,604.7,1388.84,1366.1790859029993,22.660914097000614
TR-046359,Dry Van,1055.8,2063.13,2004.872243565931,58.25775643406905
TR-046360,Flatbed,1682.5,3377.12,3494.315914683186,117.19591468318595
TR-046361,Dry Van,1320.4,2542.36,2499.4858257194223,42.87417428057779
TR-046362,Dry Van,3075.3,5786.64,5635.187380454787,151.45261954521357
TR-046363,Dry Van,1988.2,4013.23,3871.064576690314,142.16542330968605
TR-046364,Flatbed,480.8,1182.77,1166.9437909523501,15.826209047649854
TR-046365,Dry Van,1091.9,2264.85,2186.0892141410513,78.76078585894857
TR-046366,Reefer,1141.0,2624.82,2628.169315939735,3.349315939734879
TR-046367,Dry Van,2251.9,14403.14,4262.70311783771,10140.436882162288
TR-046368,Dry Van,1891.3,3615.45,3584.7520514982134,30.697948501786414
TR-046369,Dry Van,1289.1,2619.84,2546.6269789430926,73.21302105690756
TR-046370,Flatbed,462.3,1068.05,1082.2286962969554,14.178696296955422
TR-046371,Dry Van,1827.4,3466.53,3390.3057162203772,76.22428377962297
TR-046372,Dry Van,702.1,1505.31,1498.7551246843225,6.554875315677464
TR-046373,Dry Van,716.6,1579.25,1535.90338895091,43.346611049089915
TR-046374,Reefer,1986.2,4247.13,4234.951720984886,12.17827901511373
TR-046375,Flatbed,1079.9,2177.46,2262.3433355764296,84.88333557642954
TR-046376,Dry Van,416.7,913.89,902.8720616972665,11.017938302733455
TR-046377,Flatbed,993.8,2220.12,2298.107924127154,77.9879241271542
TR-046378,Reefer,885.0,2065.94,2075.825167983118,9.885167983117753
TR-046379,Flatbed,1507.0,3139.19,3138.863947219982,0.3260527800180171
TR-046380,Dry Van,115.6,350.21,331.8831993642992,18.326800635700806
TR-046381,Dry Van,886.6,1969.61,1929.0334136731537,40.576586326846154
TR-046382,Flatbed,720.5,1734.62,1743.0175367946367,8.397536794636835
TR-046383,Dry Van,1694.8,3348.55,3197.6835656476546,150.86643435234555
TR-046384,Dry Van,510.2,1207.14,1154.471512276028,52.66848772397202
TR-046385,Dry Van,1127.1,2235.95,2184.2123483260857,51.737651673914115
TR-046386,Reefer,1273.3,2726.46,2704.3306364383634,22.129363561636637
TR-046387,Flatbed,522.3,1165.49,1194.5463252981076,29.056325298107595
TR-046388,Dry Van,1140.6,2383.0,2289.0988128681865,93.90118713181346
TR-046389,Dry Van,286.7,642.65,661.7236287488706,19.073628748870647
TR-046390,Dry Van,1555.1,3106.83,3002.3821115159435,104.44788848405642
TR-046391,Dry Van,319.0,793.99,755.1312669837981,38.85873301620188
TR-046392,Dry Van,1271.2,2652.98,2533.716692212934,119.26330778706597
TR-046393,Reefer,126.6,395.97,378.2025883093406,17.7674116906594
TR-046394,Flatbed,2034.6,4351.68,4361.838013269998,10.158013269997355
TR-046395,Dry Van,2766.2,4900.65,4804.443076582783,96.20692341721679
TR-046396,Dry Van,343.2,806.79,791.4055853488658,15.384414651134193
TR-046397,Dry Van,1003.4,1983.68,1924.765499409872,58.914500590128
TR-046398,Dry Van,534.1,1251.21,1222.387943832243,28.822056167756955
TR-046399,Flatbed,984.1,2168.35,2221.2076277157985,52.85762771579857
TR-046400,Dry Van,276.6,123.32,658.7247841252213,535.4047841252213
TR-046401,Dry Van,541.3,1202.82,1179.9451010299213,22.874898970078675
TR-046402,Dry Van,1274.9,2559.32,2466.441097498214,92.87890250178634
TR-046403,Reefer,1903.5,4021.92,4029.432926679235,7.512926679235079
TR-046404,Dry Van,1373.7,2681.19,2612.8691445269083,68.3208554730918
TR-046405,Flatbed,531.5,1214.87,1214.0100791164093,0.8599208835905756
TR-046406,Dry Van,329.2,802.46,805.0053967166966,2.5453967166965867
TR-046407,Dry Van,1089.3,2216.38,2177.8603790358334,38.519620964166734
TR-046408,Reefer,1258.7,2832.47,2833.071180381966,0.6011803819660599
TR-046409,Dry Van,673.8,1331.75,1301.3905182214687,30.35948177853129
TR-046410,Flatbed,2263.4,4764.41,4566.184611274912,198.22538872508812
TR-046411,Reefer,1204.5,2618.04,2681.1342583802316,63.09425838023162
TR-046412,Dry Van,833.7,1687.86,1626.6200059856392,61.23999401436072
TR-046413,Dry Van,2058.6,4184.37,3945.4248012923185,238.94519870768136
TR-046414,Dry Van,906.8,2011.67,1960.5771567330862,51.09284326691386
TR-046415,Reefer,2407.5,4893.47,4822.207454627816,71.26254537218392
TR-046416,Dry Van,1363.3,2747.92,2625.5438504781796,122.37614952182048
TR-046417,Dry Van,1686.0,3304.22,3226.0338300568505,78.18616994314925
TR-046418,Flatbed,753.6,1742.78,1737.0431146751,5.7368853248999585
TR-046419,Dry Van,2299.5,4480.53,4297.86039140709,182.66960859290975
TR-046420,Dry Van,2436.8,4119.27,4206.823094853724,87.55309485372345
TR-046421,Dry Van,710.3,1618.05,1605.4443015608792,12.605698439120715
TR-046422,Dry Van,2346.2,4173.85,4176.699360006409,2.8493600064084603
TR-046423,Reefer,791.7,1981.96,1932.0193310870227,49.940668912977344
TR-046424,Dry Van,2489.1,4446.89,4445.127973105537,1.762026894462906
TR-046425,Dry Van,475.9,1085.97,1067.5129208751805,18.45707912481953
TR-046426,Dry Van,417.8,2970.76,964.5677864195276,2006.1922135804725
TR-046427,Dry Van,406.8,900.96,892.7630652376665,8.196934762333512
TR-046428,Flatbed,325.4,886.73,848.4816667370791,38.24833326292094
TR-046429,Dry Van,1933.4,3790.58,3734.4339617102046,56.14603828979534
TR-046430,Reefer,634.8,1548.2,1545.1645439444326,3.0354560555674652
TR-046431,Dry Van,1059.5,2085.41,2049.7382958787493,35.671704121250514
TR-046432,Reefer,758.4,1793.53,1793.3113995012964,0.21860049870360854
TR-046433,Reefer,604.0,1428.25,1440.9714566891166,12.721456689116621
TR-046434,Flatbed,1057.1,2269.47,2236.9049758359893,32.56502416401054
TR-046435,Dry Van,2130.0,3921.97,3847.3910309589182,74.57896904108156
TR-046436,Dry Van,200.0,521.48,522.7040882642192,1.2240882642191764
TR-046437,Flatbed,397.6,1046.26,1047.165862449625,0.9058624496249195
TR-046438,Flatbed,658.2,1497.97,1507.8408453055179,9.870845305517832
TR-046439,Dry Van,440.6,971.46,968.3087760044109,3.1512239955891346
TR-046440,Dry Van,2041.5,3965.03,3851.5581944873793,113.4718055126209
TR-046441,Dry Van,689.7,1476.03,1458.893310491913,17.136689508086874
TR-046442,Flatbed,1548.0,3213.37,3243.124691540335,29.75469154033499
TR-046443,Flatbed,872.9,1882.4,1861.053011166578,21.346988833422074
TR-046444,Reefer,996.8,2276.2,2243.1079688719806,33.092031128019244
TR-046445,Dry Van,1555.5,3191.38,3060.6027482680433,130.77725173195677
TR-046446,Dry Van,1194.8,2435.41,2384.171839055851,51.23816094414906
TR-046447,Dry Van,503.2,1046.13,1059.863243270478,13.733243270477942
TR-046448,Flatbed,1021.4,2198.38,2250.9199032573433,52.53990325734321
TR-046449,Reefer,2874.3,5545.41,5522.396438319853,23.013561680147177
TR-046450,Reefer,2135.1,4186.26,4476.491674050778,290.23167405077766
TR-046451,Reefer,419.3,978.93,1027.297674402733,48.36767440273309
TR-046452,Dry Van,282.5,693.04,666.3573033597763,26.68269664022364
TR-046453,Dry Van,536.3,1110.26,1085.648920606405,24.61107939359499
TR-046454,Dry Van,2380.3,4600.85,4398.470255680397,202.37974431960356
TR-046455,Reefer,1663.3,3850.44,3813.0853005703393,37.35469942966074
TR-046456,Reefer,1704.3,3724.61,3614.429574080617,110.1804259193832
TR-046457,Dry Van,997.5,1986.47,1974.1112909763747,12.358709023625352
TR-046458,Dry Van,999.4,2088.18,2041.8826096980868,46.29739030191308
TR-046459,Dry Van,814.0,1708.45,1612.4588151701473,95.99118482985273
TR-046460,Dry Van,218.0,530.1,542.7645036684864,12.664503668486418
TR-046461,Dry Van,3096.8,5947.51,5693.4746482059145,254.03535179408573
TR-046462,Reefer,1622.3,3570.86,3659.1853269970225,88.32532699702233
TR-046463,Flatbed,568.6,1307.4,1336.1590080853175,28.75900808531742
TR-046464,Dry Van,991.0,1953.16,1922.0044397546449,31.15556024535522
TR-046465,Flatbed,745.2,1663.21,1680.378647340143,17.168647340143025
TR-046466,Dry Van,2864.2,5004.7,5040.917834528444,36.217834528443746
TR-046467,Dry Van,1700.2,3356.83,3203.165000931648,153.6649990683518
TR-046468,Dry Van,833.1,1721.07,1707.0214236546997,14.048576345300262
TR-046469,Dry Van,458.5,1102.33,1064.1693091115574,38.16069088844256
TR-046470,Flatbed,1301.6,3000.82,2963.3612826895333,37.45871731046691
TR-046471,Reefer,1553.8,3408.71,3367.591176318598,41.118823681401864
TR-046472,Dry Van,102.4,301.74,293.66969758766254,8.070302412337469
TR-046473,Flatbed,1491.3,3371.82,3300.6643889001757,71.15561109982445
TR-046474,Dry Van,91.6,258.37,247.35362439030052,11.01637560969948
TR-046475,Dry Van,525.8,1236.06,1193.28637375145,42.773626248550045
TR-046476,Reefer,2228.1,4921.06,4846.568775001776,74.49122499822442
TR-046477,Dry Van,2314.9,4096.07,4019.5437253562277,76.52627464377201
TR-046478,Reefer,3049.9,6303.7,6140.6138101665765,163.0861898334233
TR-046479,Reefer,859.1,1930.36,1986.7980974374077,56.438097437407805
TR-046480,Reefer,2018.7,3892.0,3929.422403065908,37.42240306590793
TR-046481,Dry Van,296.2,712.44,721.0824097872343,8.642409787234214
TR-046482,Reefer,2139.9,4318.34,4392.042263239672,73.70226323967199
TR-046483,Flatbed,1046.6,2411.85,2349.4913225079963,62.35867749200361
TR-046484,Flatbed,838.8,1988.26,2009.0024127593472,20.74241275934719
TR-046485,Reefer,1257.8,2760.03,2774.2488356570198,14.218835657019554
TR-046486,Flatbed,1187.3,2644.84,2676.8715264586335,32.03152645863338
TR-046487,Flatbed,418.4,1058.45,1044.3825603705552,14.067439629444834
TR-046488,Dry Van,1985.8,3678.77,3568.327802436228,110.44219756377197
TR-046489,Dry Van,2105.9,3868.49,3802.7611053907563,65.72889460924353
TR-046490,Flatbed,532.0,1309.84,1326.3370483990334,16.497048399033474
TR-046491,Dry Van,330.2,775.99,796.7487263996204,20.7587263996204
TR-046492,Reefer,912.5,2155.11,2149.9436231887503,5.166376811249847
TR-046493,Flatbed,1025.6,2146.27,2212.451047660589,66.18104766058923
TR-046494,Flatbed,1661.1,3629.61,3589.5151483659924,40.09485163400768
TR-046495,Dry Van,756.3,1742.47,1695.4662029750593,47.003797024940695
TR-046496,Reefer,2161.3,4523.99,4468.614508374223,55.375491625776704
TR-046497,Reefer,2051.7,4220.16,4251.714999156142,31.554999156142003
TR-046498,Dry Van,231.1,664.29,611.8304389506883,52.459561049311674
TR-046499,Reefer,507.2,1347.83,1273.0848845458588,74.74511545414111
TR-046500,Dry Van,2958.2,5551.03,5315.566413752279,235.46358624772074
TR-046501,Dry Van,811.1,1691.2,1680.4416821151883,10.758317884811731
TR-046502,Dry Van,504.1,1144.41,1117.7119290462888,26.698070953711294
TR-046503,Flatbed,132.8,407.52,391.690751952528,15.829248047471992
TR-046504,Dry Van,696.5,1455.6,1456.6232944142973,1.0232944142974247
TR-046505,Dry Van,1015.6,2043.47,2019.3084736931485,24.161526306851556
TR-046506,Reefer,2460.4,4995.47,5027.616049007292,32.14604900729137
TR-046507,Dry Van,446.5,1049.62,1022.7401113402385,26.879888659761377
TR-046508,Flatbed,1136.5,2624.53,2586.8795825047546,37.65041749524562
TR-046509,Flatbed,987.9,2138.6,2208.8526921431294,70.25269214312948
TR-046510,Dry Van,983.1,2022.03,1993.3146700619275,28.7153299380725
TR-046511,Dry Van,305.9,780.71,733.1945563629021,47.515443637097974
TR-046512,Dry Van,601.4,1385.85,1389.1333178295736,3.2833178295736616
TR-046513,Reefer,412.3,1025.05,1050.7022309510417,25.6522309510417
TR-046514,Dry Van,2444.4,4544.18,4459.155149496699,85.02485050330142
TR-046515,Dry Van,1471.7,2853.82,2768.7548766183136,85.06512338168659
TR-046516,Reefer,1325.5,2863.43,2887.312224487181,23.882224487181247
TR-046517,Reefer,1684.3,14784.38,3665.07496551306,11119.305034486939
TR-046518,Dry Van,451.0,1045.82,1014.7409031244529,31.079096875547066
TR-046519,Reefer,3059.5,6452.47,6482.974907423354,30.50490742335387
TR-046520,Dry Van,755.0,1636.03,1580.5972732851724,55.432726714827595
TR-046521,Flatbed,1105.1,2357.26,2436.9666903362895,79.70669033628928
TR-046522,Flatbed,582.4,1354.85,1364.9004943733703,10.050494373370384
TR-046523,Flatbed,908.1,2044.87,2058.9657403091296,14.095740309129724
TR-046524,Dry Van,695.0,1441.9,1398.726788118009,43.173211881991165
TR-046525,Reefer,2324.6,4770.79,4905.164457929122,134.3744579291224
TR-046526,Reefer,512.2,1328.25,1293.282654966101,34.96734503389894
TR-046527,Reefer,1826.3,3980.59,4051.4451526089792,70.8551526089791
TR-046528,Dry Van,391.8,871.19,861.0919656137968,10.098034386203267
TR-046529,Dry Van,2219.9,4028.2,4024.784233404429,3.415766595570858
TR-046530,Reefer,1016.8,2551.19,2440.2590114277164,110.9309885722837
TR-046531,Reefer,1211.0,2642.91,2667.558816231428,24.6488162314281
TR-046532,Dry Van,1018.1,2143.64,2064.5665375272924,79.07346247270743
TR-046533,Dry Van,1694.9,3494.61,3350.393194297025,144.2168057029753
TR-046534,Flatbed,192.8,542.56,547.2264150632996,4.66641506329961
TR-046535,Flatbed,1110.1,2533.72,2597.8619758735113,64.14197587351146
TR-046536,Dry Van,2873.2,5232.81,5150.208173518774,82.60182648122645
TR-046537,Reefer,505.4,1309.66,1298.833309648085,10.826690351914976
TR-046538,Flatbed,2417.8,5006.3,4928.225940476213,78.07405952378758
TR-046539,Dry Van,826.8,1748.43,1690.115046465359,58.31495353464106
TR-046540,Reefer,793.2,1983.25,1970.301969807209,12.948030192791066
TR-046541,Flatbed,2772.4,5723.31,5592.250339162445,131.05966083755538
TR-046542,Flatbed,727.5,1560.71,1616.4262457721782,55.71624577217813
TR-046543,Dry Van,1146.0,2335.15,2291.034809318985,44.115190681015065
TR-046544,Dry Van,463.9,1011.88,987.9409982800083,23.939001719991666
TR-046545,Flatbed,537.7,1238.84,1281.987720765587,43.14772076558711
TR-046546,Dry Van,2402.2,4584.52,4524.428672776203,60.091327223797634
TR-046547,Dry Van,1435.8,2942.45,2859.012814992331,83.43718500766863
TR-046548,Dry Van,772.9,1604.29,1490.2393050097842,114.05069499021579
TR-046549,Dry Van,1990.6,3721.16,3719.6792851385458,1.4807148614540893
TR-046550,Flatbed,500.0,1185.29,1172.0101357186886,13.279864281311347
TR-046551,Flatbed,778.3,1726.53,1687.5448750153344,38.98512498466562
TR-046552,Dry Van,1161.5,2301.62,2307.735355262009,6.115355262008961
TR-046553,Reefer,706.0,1660.06,1654.0786536712792,5.981346328720747
TR-046554,Dry Van,522.9,1141.94,1141.8467570028827,0.09324299711738604
TR-046555,Dry Van,487.9,1060.19,1043.9020139144884,16.287986085511648
TR-046556,Dry Van,2037.3,3839.75,3839.6242345513688,0.12576544863122763
TR-046557,Flatbed,663.7,1530.79,1567.7701193915022,36.980119391502285
TR-046558,Reefer,1745.0,3652.95,3732.1418819942046,79.19188199420478
TR-046559,Dry Van,1343.3,2699.39,2714.1015139681804,14.711513968180498
TR-046560,Reefer,1376.3,3332.52,3237.1719406820193,95.34805931798064
TR-046561,Dry Van,326.9,780.38,773.2028308326617,7.17716916733832
TR-046562,Flatbed,1705.9,3557.23,3556.825425316502,0.4045746834981401
TR-046563,Reefer,2833.0,5851.62,5807.9641835864995,43.65581641350036
TR-046564,Dry Van,274.0,651.91,638.4538394624856,13.456160537514393
TR-046565,Flatbed,1124.0,2381.33,2310.709459774551,70.62054022544908
TR-046566,Reefer,1355.9,3104.16,3143.22840815751,39.06840815751002
TR-046567,Flatbed,1266.8,2614.42,2749.377053216658,134.9570532166581
TR-046568,Dry Van,593.1,1229.26,1223.2639112685958,5.996088731404143
TR-046569,Dry Van,475.0,1144.34,1100.0980128472047,44.24198715279522
TR-046570,Reefer,603.1,1590.58,1552.940662778304,37.639337221695996
TR-046571,Reefer,2204.7,4717.8,4832.736957557608,114.93695755760746
TR-046572,Reefer,2934.5,6053.36,6083.457344571431,30.097344571431677
TR-046573,Reefer,656.3,1631.66,1586.813292705792,44.846707294208045
TR-046574,Reefer,1363.5,2989.44,2999.4329951921804,9.992995192180388
TR-046575,Dry Van,948.6,1851.21,1848.7376370308637,2.472362969136384
TR-046576,Reefer,2451.3,5316.93,5323.544006935624,6.614006935623365
TR-046577,Dry Van,2646.8,4696.47,4634.627285754865,61.84271424513554
TR-046578,Dry Van,2232.0,4048.34,4036.587486826626,11.752513173374155
TR-046579,Dry Van,352.3,807.53,795.5533048823241,11.976695117675831
TR-046580,Dry Van,759.3,1628.52,1575.1538768926703,53.36612310732971
TR-046581,Dry Van,1868.2,3859.48,3721.2041884827636,138.27581151723643
TR-046582,Dry Van,1505.8,2912.89,2854.015591806005,58.874408193994896
TR-046583,Reefer,645.1,4892.72,1548.0551125601241,3344.664887439876
TR-046584,Dry Van,2250.8,4314.84,4215.227945870905,99.61205412909476
TR-046585,Dry Van,582.0,1322.8,1328.3006893728016,5.500689372801617
TR-046586,Reefer,184.5,612.12,552.8966122663664,59.22338773363356
TR-046587,Dry Van,2019.5,3585.07,3574.3510012380398,10.718998761960393
TR-046588,Dry Van,956.4,1959.85,1876.8142638850568,83.03573611494312
TR-046589,Reefer,902.8,2105.22,2038.8210460986445,66.3989539013553
TR-046590,Flatbed,277.2,726.82,717.1308250977035,9.6891749022966
TR-046591,Dry Van,470.7,1132.13,1119.6918120713842,12.43818792861589
TR-046592,Dry Van,1216.6,2583.27,2506.9035712039035,76.36642879609644
TR-046593,Flatbed,349.7,873.47,879.1949804232563,5.724980423256284
TR-046594,Flatbed,131.1,394.73,383.37893733164674,11.35106266835328
TR-046595,Dry Van,581.4,1211.67,1178.3555513275667,33.3144486724334
TR-046596,Dry Van,596.7,1225.8,1219.2093157470654,6.5906842529345795
TR-046597,Flatbed,692.2,1670.77,1653.7635140619736,17.006485938026344
TR-046598,Dry Van,684.5,1376.74,1341.0479367200596,35.692063279940385
TR-046599,Flatbed,180.6,513.66,507.6172055745266,6.042794425473346
TR-046600,Reefer,626.1,1525.01,1500.7095543997025,24.300445600297508
TR-046601,Dry Van,1015.4,2052.74,1987.9467078915745,64.79329210842525
TR-046602,Flatbed,794.5,1720.26,1702.5516260261327,17.70837397386731
TR-046603,Dry Van,1154.7,2343.8,2269.0121502537163,74.78784974628388
TR-046604,Flatbed,795.8,1926.44,1909.9554564447014,16.484543555298615
TR-046605,Dry Van,956.6,2037.74,2012.0021519757229,25.737848024277127
TR-046606,Dry Van,1556.2,2916.59,2905.58415034765,11.005849652350207
TR-046607,Reefer,820.1,2022.85,2022.5430831519632,0.30691684803673525
TR-046608,Reefer,2797.6,5664.3,5604.635313597965,59.66468640203493
TR-046609,Reefer,789.1,1881.48,1913.4588588016177,31.978858801617662
TR-046610,Dry Van,543.5,1164.69,1116.8199687181252,47.870031281874844
TR-046611,Reefer,290.9,804.22,795.708707034939,8.511292965060989
TR-046612,Reefer,825.9,1942.88,1984.7483069588122,41.86830695881213
TR-046613,Dry Van,176.7,474.38,459.4471292377954,14.932870762204573
TR-046614,Flatbed,1038.6,7151.41,2208.1007631254934,4943.3092368745065
TR-046615,Flatbed,2824.2,5187.81,5458.814616117947,271.00461611794617
TR-046616,Dry Van,531.6,1237.21,1220.4895556757501,16.72044432424991
TR-046617,Dry Van,2116.9,4052.55,3959.0940168740126,93.45598312598759
TR-046618,Dry Van,917.0,1794.23,1731.8052815241008,62.424718475899226
TR-046619,Flatbed,2310.1,4903.84,4754.066624780623,149.77337521937716
TR-046620,Flatbed,1149.9,2588.61,2615.246304928787,26.636304928787013
TR-046621,Flatbed,409.6,1006.81,1027.803965306183,20.9939653061831
TR-046622,Reefer,908.9,2132.94,2127.1397828684844,5.8002171315156374
TR-046623,Reefer,1130.0,2449.96,2431.4774738956526,18.48252610434747
TR-046624,Dry Van,689.6,1644.47,1587.6239572465865,56.846042753413485
TR-046625,Dry Van,2299.0,4481.13,4248.505791535394,232.62420846460645
TR-046626,Dry Van,1991.7,4032.37,3866.2384893919025,166.13151060809741
TR-046627,Dry Van,2139.9,4170.26,4076.9521994838938,93.30780051610645
TR-046628,Dry Van,467.8,1009.38,987.1293866476926,22.25061335230737
TR-046629,Dry Van,2256.4,4048.53,4020.462523590371,28.067476409629307
TR-046630,Dry Van,843.5,1971.47,1897.5216679687728,73.94833203122721
TR-046631,Reefer,396.1,1011.13,1003.9972847837456,7.1327152162543825
TR-046632,Reefer,909.9,2157.52,2118.8110644918065,38.70893550819346
TR-046633,Dry Van,1845.8,3353.42,3364.4492010439512,11.029201043951161
TR-046634,Reefer,1000.9,2241.31,2219.1065631311644,22.203436868835524
TR-046635,Reefer,835.2,1890.04,1897.730347481393,7.690347481393019
TR-046636,Reefer,428.9,1191.43,1134.3367814901878,57.09321850981223
TR-046637,Dry Van,150.9,380.11,384.1925517978356,4.082551797835606
TR-046638,Reefer,465.4,1158.68,1168.9913585892168,10.311358589216752
TR-046639,Dry Van,897.3,1884.25,1806.1421275098653,78.1078724901347
TR-046640,Dry Van,1006.0,2046.68,2003.756322994597,42.92367700540308
TR-046641,Dry Van,2637.6,5011.38,4764.169272588315,247.21072741168518
TR-046642,Reefer,2343.7,5139.92,5176.777636739548,36.85763673954807
TR-046643,Reefer,523.3,1342.34,1321.7026942617358,20.637305738264104
TR-046644,Reefer,2416.0,5367.21,5113.243354818386,253.96664518161379
TR-046645,Dry Van,2474.7,4407.32,4388.937152663582,18.3828473364174
TR-046646,Dry Van,398.6,910.72,900.5982283481762,10.121771651823792
TR-046647,Reefer,748.4,1780.1,1790.3072608670627,10.207260867062814
TR-046648,Flatbed,381.7,1003.47,984.232131118694,19.237868881305985
TR-046649,Dry Van,847.2,1667.28,1628.3929441942794,38.88705580572059
TR-046650,Dry Van,498.1,1159.83,1096.1437920733188,63.68620792668116
TR-046651,Dry Van,2517.9,4641.2,4586.567908462097,54.63209153790285
TR-046652,Flatbed,994.2,2204.92,2219.230689035324,14.310689035323776
TR-046653,Dry Van,529.6,1142.58,1146.8168950854529,4.236895085452943
TR-046654,Dry Van,1550.1,3071.49,3065.273785071737,6.216214928262616
TR-046655,Dry Van,134.5,363.25,353.4536427551709,9.796357244829096
TR-046656,Dry Van,485.6,1041.25,1026.7764920433106,14.473507956689446
TR-046657,Dry Van,70.0,206.33,188.3087459568562,18.021254043143813
TR-046658,Flatbed,713.8,1676.94,1698.690248837853,21.75024883785295
TR-046659,Dry Van,813.3,1745.14,1724.1030679291755,21.036932070824605
TR-046660,Dry Van,415.3,859.39,884.6613309383886,25.271330938388587
TR-046661,Reefer,864.1,2021.14,1985.5012319723728,35.63876802762729
TR-046662,Flatbed,638.0,1470.99,1431.6452324152783,39.344767584721694
TR-046663,Dry Van,484.5,1089.06,1085.594387961812,3.4656120381880555
TR-046664,Flatbed,1285.7,2824.36,2803.3309436964487,21.029056303551442
TR-046665,Reefer,499.8,1336.62,1295.8947660008466,40.72523399915326
TR-046666,Flatbed,1202.1,2595.2,2602.2215649956206,7.021564995620793
TR-046667,Reefer,1735.6,3908.33,3857.389200201839,50.94079979816115
TR-046668,Dry Van,1643.6,9305.14,3053.8283640547616,6251.311635945238
TR-046669,Dry Van,1109.2,2133.09,2133.174621357096,0.08462135709578433
TR-046670,Flatbed,913.5,2152.1,2090.726043706505,61.37395629349476
TR-046671,Dry Van,2021.2,849.97,3836.054225455182,2986.0842254551817
TR-046672,Reefer,1292.7,2949.86,2963.697576770013,13.837576770012674
TR-046673,Reefer,366.6,969.41,923.0554689807497,46.35453101925032
TR-046674,Reefer,100.5,321.41,294.51630098826803,26.893699011731997
TR-046675,Dry Van,2161.9,4139.61,4046.3613988538855,93.2486011461142
TR-046676,Dry Van,1591.9,3197.79,3084.608666856705,113.18133314329498
TR-046677,Dry Van,745.4,1596.29,1549.21942793661,47.070572063390046
TR-046678,Reefer,958.0,2167.17,2237.1350208358967,69.96502083589667
TR-046679,Flatbed,560.2,1306.45,1325.3438929633958,18.89389296339573
TR-046680,Dry Van,506.5,1080.08,1046.7662716143093,33.31372838569064
TR-046681,Flatbed,755.3,1786.5,1751.886120672285,34.61387932771504
TR-046682,Reefer,1999.9,4514.59,4406.1157179841275,108.47428201587263
TR-046683,Dry Van,833.7,1693.15,1690.706390739288,2.443609260712037
TR-046684,Flatbed,588.2,1431.47,1441.984155658545,10.51415565854495
TR-046685,Dry Van,688.7,1443.55,1384.1346582801752,59.41534171982471
TR-046686,Dry Van,197.2,546.54,522.1870084340813,24.352991565918614
TR-046687,Reefer,580.2,1462.18,1416.2146310916266,45.96536890837342
TR-046688,Dry Van,633.4,1377.08,1366.215412884809,10.864587115190943
TR-046689,Flatbed,2732.4,5099.7,5142.430605535167,42.73060553516734
TR-046690,Dry Van,2513.6,4880.25,4620.469862788647,259.78013721135267
TR-046691,Reefer,1480.5,3442.11,3402.9134432877263,39.19655671227383
TR-046692,Dry Van,1664.5,3305.45,3149.291576918742,156.15842308125775
TR-046693,Dry Van,1148.2,2266.92,2164.05634618122,102.86365381878022
TR-046694,Flatbed,1184.5,2714.72,2727.523573599104,12.803573599104311
TR-046695,Dry Van,532.0,1242.06,1225.4492655087677,16.61073449123228
TR-046696,Dry Van,837.5,1845.46,1843.751657995691,1.7083420043090882
TR-046697,Reefer,1092.5,2500.44,2465.9871467223384,34.45285327766169
TR-046698,Dry Van,160.0,413.84,414.09890938615615,0.2589093861561764
TR-046699,Reefer,665.5,1587.93,1586.2767227433674,1.6532772566326912
TR-046700,Flatbed,491.9,1253.74,1244.279734988811,9.460265011188994
TR-046701,Flatbed,1629.8,3568.3,3560.7440089000684,7.555991099931816
TR-046702,Dry Van,1508.0,3088.52,2993.5301296319035,94.98987036809649
TR-046703,Dry Van,517.2,1125.09,1092.5389322545525,32.551067745447426
TR-046704,Dry Van,887.0,2035.6,1952.752146720565,82.84785327943496
TR-046705,Dry Van,542.3,1169.61,1128.1700778925679,41.43992210743204
TR-046706,Dry Van,2027.0,3717.95,3681.7322274880194,36.217772511980456
TR-046707,Dry Van,2004.4,3829.0,3694.760075742223,134.23992425777715
TR-046708,Dry Van,451.2,1075.14,1062.0658250523375,13.074174947662641
TR-046709,Dry Van,2120.3,4018.27,4037.6755925885604,19.405592588560467
TR-046710,Dry Van,622.1,1428.98,1352.9302098086946,76.04979019130542
TR-046711,Dry Van,2168.0,4100.18,3961.3290744387004,138.85092556129985
TR-046712,Reefer,1209.1,2780.68,2750.8812370301603,29.798762969839572
TR-046713,Dry Van,677.2,1518.72,1461.5482312815034,57.17176871849665
TR-046714,Reefer,948.2,2200.86,2216.4317164447302,15.5717164447301
TR-046715,Dry Van,1038.4,2308.44,2255.735136390751,52.70486360924906
TR-046716,Flatbed,410.9,1109.65,1059.9299481385642,49.72005186143588
TR-046717,Dry Van,2845.4,5354.03,5135.3584727611105,218.6715272388892
TR-046718,Dry Van,439.1,972.57,961.3891809720981,11.180819027901975
TR-046719,Dry Van,277.5,722.84,683.181418255582,39.65858174441803
TR-046720,Flatbed,616.7,572.98,1406.0662304848734,833.0862304848733
TR-046721,Flatbed,348.2,921.11,930.9832625314817,9.873262531481714
TR-046722,Dry Van,2100.1,4135.5,4026.6418872715753,108.85811272842466
TR-046723,Dry Van,2980.2,5618.27,5337.041907359503,281.2280926404974
TR-046724,Dry Van,230.8,612.01,575.1416786999035,36.868321300096454
TR-046725,Flatbed,599.8,1371.1,1373.4244527688204,2.3244527688204926
TR-046726,Dry Van,509.1,1230.04,1204.3313200055568,25.708679994443173
TR-046727,Flatbed,661.5,1563.23,1540.162021750217,23.067978249782982
TR-046728,Dry Van,2436.5,4268.73,4344.203083278841,75.47308327884184
TR-046729,Reefer,955.2,2114.63,2165.1294209650737,50.49942096507357
TR-046730,Dry Van,447.5,990.67,987.1421921433172,3.5278078566827844
TR-046731,Dry Van,479.3,4635.85,1110.2279801223076,3525.6220198776928
TR-046732,Dry Van,1190.0,2393.29,2323.3301560065634,69.9598439934366
TR-046733,Flatbed,2310.6,4605.7,4454.667967871027,151.0320321289728
TR-046734,Reefer,2415.1,4970.7,4783.133859113186,187.56614088681363
TR-046735,Dry Van,586.3,1245.2,1190.1798627337337,55.020137266266374
TR-046736,Flatbed,2367.8,4815.53,4813.0120837123995,2.517916287600201
TR-046737,Dry Van,790.3,1624.97,1607.3003677816448,17.66963221835522
TR-046738,Dry Van,2799.4,5035.02,4954.8039906274835,80.21600937251696
TR-046739,Dry Van,940.3,1853.8,1831.171436452622,22.628563547378008
TR-046740,Dry Van,2003.5,3895.0,3808.2585164789166,86.74148352108341
TR-046741,Flatbed,2451.1,5150.17,5104.4914691521435,45.678530847856564
TR-046742,Flatbed,500.4,1112.23,1149.1306947310284,36.90069473102835
TR-046743,Dry Van,275.2,654.13,636.2968019855394,17.83319801446055
TR-046744,Dry Van,219.1,583.45,564.2440642953527,19.205935704647345
TR-046745,Reefer,695.5,1596.84,1622.4280918943737,25.588091894373747
TR-046746,Reefer,1681.0,3731.56,3653.4726514979725,78.08734850202745
TR-046747,Dry Van,364.3,863.63,855.9478846234023,7.6821153765977215
TR-046748,Dry Van,2049.1,3944.99,3832.191214558125,112.79878544187477
TR-046749,Dry Van,1113.4,2142.57,2124.034105523231,18.535894476769045
TR-046750,Dry Van,383.7,924.83,893.0341708024653,31.795829197534772
TR-046751,Reefer,929.1,2187.86,2163.038229895951,24.821770104048937
TR-046752,Dry Van,2433.2,4645.48,4487.821586358927,157.6584136410729
TR-046753,Dry Van,687.4,1480.07,1425.3302143640367,54.739785635963244
TR-046754,Dry Van,785.0,1706.94,1669.0857559576523,37.85424404234777
TR-046755,Dry Van,1876.2,3748.08,3723.0718477996115,25.008152200388395
TR-046756,Dry Van,866.3,1852.24,1768.6558335952595,83.58416640474047
TR-046757,Dry Van,1235.4,2619.79,2566.4865634980406,53.30343650195937
TR-046758,Reefer,374.3,939.94,952.5324448125227,12.592444812522672
TR-046759,Dry Van,434.4,1062.75,1024.7675635431729,37.982436456827145
TR-046760,Dry Van,465.8,1153.14,1099.7501031571883,53.38989684281182
TR-046761,Flatbed,1771.3,3789.36,3810.3395526247364,20.979552624736243
TR-046762,Reefer,185.8,596.86,550.3551767220331,46.50482327796692
TR-046763,Dry Van,1490.2,3084.04,2980.4404609364883,103.59953906351166
TR-046764,Dry Van,508.3,1255.82,1185.1763547680143,70.6436452319856
TR-046765,Flatbed,693.2,1761.27,1710.7266866322818,50.543313367718156
TR-046766,Reefer,916.9,2288.92,2256.8931441580676,32.0268558419325
TR-046767,Dry Van,1066.2,2211.88,2205.156890790161,6.7231092098390945
TR-046768,Dry Van,1451.4,3003.33,2943.0462558686972,60.28374413130268
TR-046769,Flatbed,1612.3,3553.74,3443.0659161154813,110.6740838845185
TR-046770,Dry Van,1054.4,2133.6,2108.95739369528,24.64260630471972
TR-046771,Dry Van,1087.7,2137.08,2062.4399639889702,74.64003601102968
TR-046772,Dry Van,376.5,882.15,872.4525583533009,9.697441646699076
TR-046773,Dry Van,207.0,568.79,556.3216822501987,12.468317749801258
TR-046774,Flatbed,2586.1,5267.14,4985.124427263321,282.01557273667913
TR-046775,Flatbed,2632.8,5090.24,5149.582988852642,59.34298885264252
TR-046776,Dry Van,345.9,842.01,833.259590408181,8.750409591818993
TR-046777,Dry Van,615.8,1398.76,1356.1015774510038,42.658422548996214
TR-046778,Dry Van,1001.8,537.57,2044.1428965399364,1506.5728965399362
TR-046779,Dry Van,1832.4,3574.44,3572.870163503743,1.5698364962572668
TR-046780,Reefer,818.5,1894.78,1889.2890385995422,5.490961400457763
TR-046781,Dry Van,435.1,1015.18,1017.7216787747187,2.5416787747187755
TR-046782,Reefer,836.0,2059.56,2026.731835801219,32.828164198780996
TR-046783,Dry Van,201.7,526.96,532.3476554827588,5.38765548275876
TR-046784,Reefer,726.1,1841.3,1732.2734834220057,109.02651657799424
TR-046785,Dry Van,572.4,1316.74,1308.893064675347,7.846935324653032
TR-046786,Reefer,721.5,1620.85,1608.1256643183622,12.72433568163774
TR-046787,Reefer,654.4,1602.69,1615.7609364940843,13.070936494084208
TR-046788,Dry Van,725.4,1542.94,1505.6413327117018,37.29866728829825
TR-046789,Dry Van,444.8,1030.9,1021.58739260366,9.312607396340127
TR-046790,Dry Van,334.9,848.27,831.5532098861474,16.71679011385254
TR-046791,Reefer,859.7,1942.11,1960.446493334788,18.3364933347882
TR-046792,Dry Van,449.4,1080.16,1045.5481445654962,34.61185543450392
TR-046793,Dry Van,201.1,539.01,535.7590044055498,3.25099559445016
TR-046794,Dry Van,732.2,1612.83,1544.0643644196045,68.76563558039538
TR-046795,Dry Van,580.7,1313.54,1267.760259943488,45.779740056511855
TR-046796,Dry Van,1148.2,2270.13,2245.473587802631,24.656412197369264
TR-046797,Dry Van,3071.2,5919.08,5570.647910924758,348.4320890752415
TR-046798,Flatbed,611.9,1522.89,1456.5092061462592,66.3807938537409
TR-046799,Dry Van,2097.2,4063.42,4012.034980238206,51.385019761793956
TR-046800,Reefer,811.1,2003.53,1944.3891495430767,59.14085045692332
TR-046801,Dry Van,1204.1,2485.6,2411.9282482705185,73.67175172948146
TR-046802,Dry Van,2800.4,4817.06,4757.46557767212,59.59442232788024
TR-046803,Reefer,2776.7,5560.64,5387.168167822783,173.47183217721704
TR-046804,Dry Van,341.2,786.95,775.8769975459061,11.073002454093967
TR-046805,Dry Van,334.7,831.97,838.4079964282158,6.437996428215797
TR-046806,Dry Van,1158.2,2488.38,2348.5789602933105,139.8010397066896
TR-046807,Reefer,1579.0,3544.56,3389.0391123814625,155.52088761853747
TR-046808,Dry Van,744.7,1578.16,1558.959837743392,19.20016225660811
TR-046809,Reefer,2946.0,6105.86,5729.140716745387,376.7192832546125
TR-046810,Dry Van,2235.7,4422.7,4219.932080273366,202.7679197266334
TR-046811,Reefer,820.2,2020.54,1904.2764716022828,116.26352839771721
TR-046812,Reefer,2713.3,5842.97,5539.037078363438,303.93292163656224
TR-046813,Dry Van,1455.9,2829.31,2797.231175671828,32.07882432817178
TR-046814,Dry Van,1994.1,4112.14,3933.7270071967787,178.41299280322164
TR-046815,Dry Van,1650.7,3326.87,3236.8117665809887,90.05823341901123
TR-046816,Flatbed,1143.1,2364.43,2337.925450356796,26.504549643203973
TR-046817,Reefer,132.4,410.84,389.82280088285813,21.017199117141843
TR-046818,Dry Van,567.9,1273.33,1198.1741161165103,75.15588388348965
TR-046819,Reefer,1019.9,2496.4,2333.71354853674,162.68645146326025
TR-046820,Dry Van,977.6,1930.19,1869.0515654153437,61.13843458465635
TR-046821,Dry Van,1166.0,2322.58,2271.9353893050697,50.64461069493018
TR-046822,Reefer,1295.4,2919.45,2953.714288077611,34.26428807761113
TR-046823,Reefer,405.6,1032.25,1013.3302875199025,18.919712480097473
TR-046824,Dry Van,331.8,781.04,779.979485500372,1.0605144996279705
TR-046825,Dry Van,387.9,856.78,839.8539124076941,16.926087592305862
TR-046826,Flatbed,976.0,2152.48,2170.701654252768,18.221654252768076
TR-046827,Reefer,371.7,914.61,919.347867824187,4.737867824186992
TR-046828,Dry Van,1717.1,3218.52,3211.3350351811378,7.184964818862227
TR-046829,Dry Van,481.2,1056.33,1065.4706598812222,9.140659881222291
TR-046830,Dry Van,94.1,247.16,246.4094148044475,0.7505851955525031
TR-046831,Reefer,445.6,1241.29,1181.7438026695922,59.54619733040772
TR-046832,Dry Van,1666.9,3273.81,3224.7372139601944,49.07278603980558
TR-046833,Dry Van,1057.7,2064.72,2028.1870852797151,36.53291472028468
TR-046834,Dry Van,623.0,1351.0,1353.3689310861182,2.3689310861182094
TR-046835,Dry Van,1169.9,2366.54,2330.8486700774583,35.69132992254163
TR-046836,Dry Van,721.5,1549.05,1510.040555711043,39.009444288956956
TR-046837,Dry Van,901.2,1963.48,1903.716425888118,59.76357411188201
TR-046838,Reefer,981.1,2183.37,2164.506399832674,18.863600167325785
TR-046839,Dry Van,2328.4,4612.68,4343.604628727217,269.07537127278374
TR-046840,Reefer,446.8,1146.4,1111.7302413085156,34.6697586914845
TR-046841,Dry Van,2873.6,5041.36,5067.251613731941,25.891613731941106
TR-046842,Dry Van,2481.8,4460.36,4463.327630954587,2.9676309545875483
TR-046843,Flatbed,875.0,2027.34,1975.8061292826574,51.53387071734255
TR-046844,Reefer,347.0,906.44,891.2743383767488,15.165661623251253
TR-046845,Reefer,2333.7,5016.76,4966.67895605334,50.08104394666043
TR-046846,Reefer,1801.3,3947.41,3930.6526758267946,16.757324173205234
TR-046847,Reefer,105.2,347.45,315.3885447623549,32.06145523764508
TR-046848,Dry Van,722.9,1544.49,1494.5769440317242,49.913055968275785
TR-046849,Reefer,1295.1,2957.02,2864.024075533942,92.99592446605811
TR-046850,Dry Van,1021.1,2004.06,1917.5945607991246,86.46543920087538
TR-046851,Dry Van,2770.4,5197.41,5030.680595341967,166.72940465803276
TR-046852,Dry Van,484.7,1037.31,995.2040113070057,42.10598869299429
TR-046853,Dry Van,2573.2,4484.15,4584.977898254444,100.82789825444434
TR-046854,Dry Van,1093.0,2182.45,2134.3772073780565,48.072792621943336
TR-046855,Flatbed,810.9,1961.82,1930.1660823561292,31.653917643870727
TR-046856,Dry Van,792.9,1764.57,1762.0056712805904,2.564328719409559
TR-046857,Dry Van,2091.6,3778.16,3723.6597681152966,54.500231884703226
TR-046858,Reefer,2048.7,4545.43,4473.034755932456,72.3952440675439
TR-046859,Dry Van,1429.4,2828.93,2784.452831902479,44.47716809752092
TR-046860,Dry Van,1186.7,2500.76,2386.2881281801965,114.47187181980371
TR-046861,Dry Van,1831.3,3571.42,3459.5647221410586,111.85527785894146
TR-046862,Flatbed,472.6,1177.33,1173.5041166286437,3.8258833713562126
TR-046863,Flatbed,874.8,2040.47,1980.5579306799366,59.91206932006344
TR-046864,Dry Van,973.0,2075.72,2010.002453098657,65.71754690134276
TR-046865,Reefer,1554.5,3351.21,3387.6573870612297,36.44738706122962
TR-046866,Dry Van,1746.4,3446.99,3424.8651555577835,22.124844442216272
TR-046867,Dry Van,444.2,1019.9,1017.208872424924,2.6911275750759387
TR-046868,Flatbed,271.9,691.24,696.2434168487263,5.0034168487262605
TR-046869,Dry Van,293.7,721.17,714.7592244365576,6.410775563442371
TR-046870,Flatbed,2060.1,4280.56,4233.422759233797,47.13724076620383
TR-046871,Dry Van,2184.0,4269.87,4125.961601104356,143.9083988956436
TR-046872,Reefer,428.0,1132.72,1095.8907088595051,36.82929114049489
TR-046873,Reefer,1127.2,2543.19,2440.060613968809,103.12938603119119
TR-046874,Dry Van,2709.4,5106.94,4854.529177320157,252.41082267984257
TR-046875,Flatbed,440.5,1206.29,1151.2170888243866,55.0729111756134
TR-046876,Dry Van,238.1,611.2,594.4598633779217,16.740136622078353
TR-046877,Flatbed,751.4,1821.59,1789.0551414231315,32.53485857686837
TR-046878,Reefer,547.1,1352.69,1287.4952423521684,65.1947576478317
TR-046879,Dry Van,918.9,1817.19,1821.9201913759596,4.730191375959521
TR-046880,Dry Van,1189.4,2391.6,2312.11335970396,79.4866402960397
TR-046881,Dry Van,747.3,1508.97,1471.0775878100787,37.89241218992129
TR-046882,Reefer,1230.5,2706.87,2721.5821348933423,14.712134893342409
TR-046883,Dry Van,930.8,1930.36,1849.5587468132014,80.80125318679848
TR-046884,Dry Van,366.9,877.06,851.7862422219488,25.273757778051163
TR-046885,Dry Van,863.1,1760.68,1780.7430072066386,20.06300720663853
TR-046886,Dry Van,767.1,1657.13,1621.5303880072577,35.59961199274244
TR-046887,Dry Van,1829.7,3536.49,3449.227531941003,87.262468058997
TR-046888,Dry Van,848.8,1843.39,1773.7504502686604,69.63954973133968
TR-046889,Reefer,1176.1,2850.6,2735.3816642996844,115.21833570031549
TR-046890,Dry Van,914.2,1834.67,1751.0423907999227,83.62760920007736
TR-046891,Dry Van,1340.7,2720.09,2613.5184419607776,106.57155803922251
TR-046892,Flatbed,2109.7,4049.7,4039.9657796177808,9.734220382219064
TR-046893,Flatbed,992.6,2168.46,2155.3131658364528,13.146834163547283
TR-046894,Dry Van,335.1,824.89,818.2985474329156,6.591452567084389
TR-046895,Dry Van,1935.0,3542.49,3427.054314020719,115.4356859792806
TR-046896,Flatbed,1164.2,2423.51,2412.719532054053,10.790467945947057
TR-046897,Dry Van,421.8,1054.99,1030.0530845806788,24.936915419321167
TR-046898,Flatbed,588.4,1499.88,1452.372581574723,47.50741842527714
TR-046899,Dry Van,817.9,1700.4,1629.78480211187,70.61519788813007
TR-046900,Dry Van,140.3,394.21,390.1227800066052,4.087219993394797
TR-046901,Dry Van,628.7,1338.77,1276.2774633227968,62.492536677203134
TR-046902,Dry Van,180.4,519.46,491.8688967682552,27.591103231744853
TR-046903,Flatbed,196.8,506.74,511.740701840784,5.000701840784018
TR-046904,Dry Van,2817.6,5194.25,5047.326534209134,146.92346579086643
TR-046905,Dry Van,1752.8,3421.33,3294.4614056082937,126.86859439170621
TR-046906,Reefer,1042.0,2192.85,2241.084026821739,48.23402682173901
TR-046907,Dry Van,1476.1,2772.67,2650.55922140473,122.11077859526995
TR-046908,Flatbed,298.7,858.95,828.104014062763,30.84598593723706
TR-046909,Flatbed,1651.4,3442.24,3354.236878916623,88.00312108337675
TR-046910,Dry Van,2176.1,4007.86,3873.878430331105,133.9815696688952
TR-046911,Dry Van,1861.0,3533.47,3457.836234147553,75.63376585244669
TR-046912,Dry Van,2803.2,5124.21,5040.875595442704,83.33440455729578
TR-046913,Dry Van,2175.5,4082.26,3906.6332880243026,175.62671197569762
TR-046914,Dry Van,135.0,361.46,357.61158772661196,3.8484122733880213
TR-046915,Dry Van,864.4,1753.15,1695.5431163444277,57.60688365557235
TR-046916,Flatbed,274.4,193.34,683.4163097944665,490.0763097944665
TR-046917,Dry Van,664.1,1519.81,1481.105454528264,38.704545471735855
TR-046918,Dry Van,1259.0,2580.8,2451.533384453771,129.26661554622933
TR-046919,Dry Van,2206.8,4092.76,4023.31155154679,69.4484484532104
TR-046920,Dry Van,997.6,2131.5,2096.026613159645,35.47338684035503
TR-046921,Dry Van,2233.8,3939.01,3909.580480740409,29.429519259591416
TR-046922,Reefer,962.3,2286.05,2202.107606331329,83.94239366867123
TR-046923,Dry Van,566.4,1223.1,1135.542464065956,87.55753593404393
TR-046924,Dry Van,1054.3,2033.55,1964.8523527548518,68.69764724514812
TR-046925,Dry Van,762.6,1547.7,1474.5087061439704,73.19129385602969
TR-046926,Flatbed,1334.9,2775.97,2717.806823320534,58.16317667946578
TR-046927,Flatbed,1090.4,2267.05,2316.5929932982986,49.54299329829837
TR-046928,Dry Van,1239.7,2285.95,2279.206564067681,6.743435932318789
TR-046929,Flatbed,832.9,1934.56,1870.07764000972,64.48235999027997
TR-046930,Dry Van,437.4,960.9,958.035971188575,2.864028811424987
TR-046931,Reefer,1603.0,3321.85,3272.69019101724,49.15980898275984
TR-046932,Dry Van,1041.5,2138.88,2040.026527544086,98.85347245591402
TR-046933,Reefer,950.2,2064.59,2084.5773285410824,19.987328541082206
TR-046934,Flatbed,2677.0,5088.39,4973.117549811467,115.27245018853318
TR-046935,Reefer,490.7,1120.58,1150.420739716986,29.840739716986036
TR-046936,Dry Van,1906.2,3792.49,3666.6272399206246,125.86276007937522
TR-046937,Dry Van,1071.4,2333.64,2242.3101440845644,91.32985591543547
TR-046938,Reefer,701.2,1505.32,1536.0591718618134,30.739171861813475
TR-046939,Flatbed,1390.1,2956.38,2859.057687238636,97.32231276136417
TR-046940,Dry Van,802.6,1714.9,1667.0582845090362,47.84171549096391
TR-046941,Flatbed,1980.9,4096.18,3925.2928210533346,170.8871789466657
TR-046942,Dry Van,905.0,1983.74,1895.1042891450859,88.63571085491412
TR-046943,Flatbed,1371.7,3072.03,2948.815561566363,123.21443843363704
TR-046944,Reefer,116.1,353.74,341.56933129556234,12.170668704437674
TR-046945,Dry Van,2179.5,4059.09,4033.797833562152,25.29216643784821
TR-046946,Dry Van,265.5,680.55,669.0844288812625,11.465571118737444
TR-046947,Dry Van,333.4,887.53,828.6417924507396,58.888207549260414
TR-046948,Reefer,232.3,714.42,674.8445587041713,39.57544129582868
TR-046949,Dry Van,776.1,1673.57,1637.636768313868,35.933231686131876
TR-046950,Dry Van,303.0,751.87,737.9256829326831,13.944317067316888
TR-046951,Dry Van,652.4,1492.31,1439.663681904434,52.6463180955659
TR-046952,Dry Van,466.5,1059.77,1038.4683760894015,21.301623910598437
TR-046953,Dry Van,626.3,1370.51,1279.9630956677454,90.5469043322546
TR-046954,Reefer,949.5,2252.81,2242.165065189127,10.64493481087311
TR-046955,Dry Van,1148.7,2196.46,2137.4323799683207,59.02762003167936
TR-046956,Reefer,3117.1,6393.87,6302.359494529006,91.51050547099385
TR-046957,Dry Van,612.6,1279.85,1262.8769857602863,16.97301423971362
TR-046958,Dry Van,1738.1,3198.68,3162.372918188482,36.307081811517946
TR-046959,Dry Van,1509.1,2844.94,2793.532994640867,51.40700535913311
TR-046960,Reefer,1152.9,2515.87,2472.623767614224,43.246232385775784
TR-046961,Reefer,1179.4,2616.17,2626.166939912729,9.996939912728976
TR-046962,Reefer,947.3,2227.13,2148.9708910893664,78.15910891063368
TR-046963,Flatbed,2786.4,5362.45,5262.31683867356,100.13316132644013
TR-046964,Dry Van,689.3,1397.89,1352.8403581803582,45.04964181964192
TR-046965,Flatbed,356.6,876.75,895.814492711695,19.06449271169504
TR-046966,Reefer,1282.4,2865.13,2746.8969025910014,118.23309740899867
TR-046967,Dry Van,1747.6,3264.18,3143.525275724323,120.65472427567693
TR-046968,Dry Van,2118.9,3843.33,3741.242587675581,102.08741232441889
TR-046969,Flatbed,807.3,1834.44,1842.0356593716833,7.5956593716832685
TR-046970,Dry Van,741.1,1668.77,1582.0862623210899,86.68373767891012
TR-046971,Dry Van,916.0,1873.64,1836.1461257689775,37.49387423102257
TR-046972,Reefer,855.9,1896.67,1866.53933208354,30.13066791645997
TR-046973,Dry Van,1427.0,2854.8,2776.4805351201576,78.3194648798426
TR-046974,Reefer,984.2,2317.04,2281.584433578562,35.45556642143811
TR-046975,Dry Van,623.2,1347.61,1284.6741605119116,62.93583948808828
TR-046976,Dry Van,976.5,2020.36,1918.0772966914915,102.28270330850842
TR-046977,Reefer,2618.5,5504.73,5372.237593529305,132.49240647069473
TR-046978,Dry Van,294.5,729.69,738.2794767255895,8.589476725589407
TR-046979,Reefer,85.5,287.65,260.05663800072057,27.59336199927941
TR-046980,Reefer,2242.7,1955.15,4286.877425408926,2331.7274254089257
TR-046981,Dry Van,1045.6,2232.83,2203.5837414985563,29.246258501443663
TR-046982,Reefer,2308.4,4704.57,4505.456177028115,199.11382297188447
TR-046983,Dry Van,373.0,882.19,874.9098139545445,7.280186045455594
TR-046984,Dry Van,418.2,927.8,914.244394022476,13.55560597752401
TR-046985,Dry Van,572.2,1228.72,1157.9472685603378,70.77273143966227
TR-046986,Reefer,1379.7,2975.48,2948.917340348544,26.562659651456215
TR-046987,Dry Van,1496.1,3145.82,3005.557910309557,140.2620896904432
TR-046988,Dry Van,1008.6,2111.77,1980.3833660511973,131.38663394880268
TR-046989,Reefer,364.9,999.58,961.7388523179534,37.84114768204665
TR-046990,Dry Van,2396.6,4468.02,4367.01905896225,101.00094103775064
TR-046991,Reefer,1226.0,2834.71,2767.1287627221745,67.5812372778255
TR-046992,Flatbed,1863.3,3645.57,3664.381268566178,18.81126856617766
TR-046993,Dry Van,1054.6,2165.8,2101.0127391043243,64.7872608956759
TR-046994,Dry Van,1074.2,2232.43,2094.813831167345,137.6161688326547
TR-046995,Dry Van,1262.3,2607.9,2489.0793374651194,118.82066253488074
TR-046996,Dry Van,558.8,1177.69,1109.7832648284616,67.90673517153846
TR-046997,Dry Van,397.4,908.07,892.5105687605025,15.559431239497599
TR-046998,Reefer,947.8,2156.17,2140.137324077069,16.03267592293105
TR-046999,Dry Van,337.0,768.23,771.7559911290805,3.5259911290804666
TR-047000,Dry Van,444.1,1000.2,974.3764805125362,25.82351948746384
TR-047001,Dry Van,907.2,2022.55,1942.8809144244128,79.66908557558713
TR-047002,Dry Van,223.4,232.16,574.0140845479823,341.8540845479823
TR-047003,Reefer,676.9,1712.44,1633.7185883624056,78.72141163759443
TR-047004,Dry Van,691.7,1638.62,1562.0148125393957,76.60518746060416
TR-047005,Flatbed,2789.2,5783.94,5357.0271424782695,426.9128575217301
TR-047006,Reefer,2065.3,4325.87,4245.265696671572,80.6043033284277
TR-047007,Flatbed,2147.4,4102.43,4031.1634730886735,71.26652691132676
TR-047008,Flatbed,964.5,2084.15,2117.126010032251,32.976010032251
TR-047009,Dry Van,1017.3,2062.62,1981.9414782571391,80.67852174286077
TR-047010,Flatbed,648.9,1514.16,1509.928772006823,4.231227993177072
TR-047011,Dry Van,2426.3,4488.55,4322.328148225282,166.22185177471783
TR-047012,Flatbed,2084.1,4502.22,4232.697509880283,269.5224901197171
TR-047013,Reefer,493.4,1148.13,1187.9835851037453,39.85358510374522
TR-047014,Reefer,557.8,1550.93,1430.8222131507662,120.10778684923389
TR-047015,Dry Van,242.0,621.03,612.5360435655128,8.493956434487131
TR-047016,Reefer,704.1,1630.48,1579.962653229121,50.51734677087893
TR-047017,Dry Van,194.9,503.56,499.7302701899776,3.8297298100223998
TR-047018,Flatbed,1798.4,3910.78,3788.6556273832493,122.12437261675086
TR-047019,Dry Van,1758.7,3313.8,3239.208218463,74.59178153700032
TR-047020,Dry Van,301.8,705.41,720.4962642298731,15.086264229873109
TR-047021,Dry Van,1965.1,3831.16,3650.9995508754555,180.16044912454436
TR-047022,Dry Van,1945.9,3677.44,3488.387676210307,189.05232378969322
TR-047023,Dry Van,1611.8,3306.69,3140.253999763884,166.4360002361159
TR-047024,Flatbed,462.7,1086.2,1091.3505460158362,5.150546015836198
TR-047025,Dry Van,337.2,809.72,815.9297797542262,6.209779754226133
TR-047026,Dry Van,825.7,1850.22,1821.2630115936472,28.95698840635282
TR-047027,Flatbed,1735.7,3629.01,3651.5572677219143,22.547267721914068
TR-047028,Dry Van,850.3,1753.44,1687.7333054432197,65.70669455678035
TR-047029,Reefer,2076.0,4322.72,4174.786443692563,147.93355630743736
TR-047030,Reefer,1090.2,2545.72,2500.871796160013,44.84820383998658
TR-047031,Flatbed,851.3,1831.3,1777.9755561515528,53.32444384844712
TR-047032,Dry Van,1296.4,2527.94,2463.001155317666,64.93884468233409
TR-047033,Flatbed,1241.6,2811.06,2753.8090553003194,57.25094469968053
TR-047034,Dry Van,1013.5,2014.89,1961.6605605033155,53.22943949668456
TR-047035,Reefer,1218.5,2753.01,2689.8387252854964,63.17127471450385
TR-047036,Reefer,233.1,638.47,643.3344411295624,4.864441129562351
TR-047037,Dry Van,778.2,1552.97,1530.2133065969545,22.756693403045574
TR-047038,Flatbed,1362.5,2860.54,2804.2471419971225,56.29285800287744
TR-047039,Dry Van,405.0,1000.42,964.378618498473,36.041381501526985
TR-047040,Reefer,591.9,1423.75,1416.518834672271,7.231165327729059
TR-047041,Flatbed,204.0,550.15,581.0586384692328,30.90863846923287
TR-047042,Dry Van,1856.4,3613.02,3519.8075593631875,93.21244063681252
TR-047043,Dry Van,2010.2,3992.29,3870.180602983041,122.10939701695906
TR-047044,Dry Van,352.5,820.69,796.9171827874256,23.77281721257441
TR-047045,Dry Van,542.6,1142.57,1138.0079994834846,4.562000516515354
TR-047046,Dry Van,708.9,1583.21,1506.1455892728989,77.06441072710118
TR-047047,Dry Van,368.1,904.35,880.9197165489195,23.430283451080527
TR-047048,Dry Van,354.2,856.49,827.6339720854254,28.85602791457461
TR-047049,Dry Van,1878.6,3438.35,3398.148609462032,40.20139053796811
TR-047050,Reefer,394.7,999.99,996.2264780894022,3.763521910597774
TR-047051,Reefer,2191.9,4391.4,4274.467271910395,116.932728089605
TR-047052,Dry Van,779.2,1713.46,1618.635975885394,94.82402411460612
TR-047053,Reefer,2490.5,4830.23,4820.283889914759,9.946110085240434
TR-047054,Dry Van,2047.0,3839.87,3658.7171224273557,181.15287757264423
TR-047055,Dry Van,242.7,562.6,558.0859544124789,4.514045587521082
TR-047056,Dry Van,983.1,1876.18,1838.541908093269,37.638091906731006
TR-047057,Dry Van,489.2,1075.78,1065.283804045851,10.496195954149016
TR-047058,Flatbed,196.8,467.14,508.63172453683904,41.49172453683906
TR-047059,Dry Van,1359.3,2669.92,2569.5365161321556,100.38348386784446
TR-047060,Reefer,1188.2,2629.73,2654.6596931653307,24.92969316533072
TR-047061,Dry Van,1414.2,2729.68,2724.425605142764,5.2543948572356385
TR-047062,Reefer,1218.8,2785.11,2733.7931395999335,51.316860400066616
TR-047063,Reefer,914.5,1877.18,1939.9750176025968,62.79501760259677
TR-047064,Dry Van,576.1,1208.17,1140.4121820595478,67.75781794045224
TR-047065,Dry Van,1320.9,2493.38,2474.4886428562863,18.891357143713776
TR-047066,Flatbed,958.0,2134.04,2175.0352463285008,40.9952463285008
TR-047067,Reefer,3190.3,5961.73,5937.211546263314,24.518453736685842
TR-047068,Dry Van,449.8,1043.04,1019.4239047639306,23.616095236069327
TR-047069,Dry Van,785.3,1604.57,1515.7760447410578,88.7939552589421
TR-047070,Dry Van,1117.5,2177.93,2111.16612622738,66.76387377261972
TR-047071,Dry Van,1337.6,2723.05,2583.7869694689375,139.26303053106267
TR-047072,Dry Van,1142.7,2322.67,2283.698235208333,38.97176479166728
TR-047073,Reefer,99.6,316.19,292.97338752663416,23.216612473365842
TR-047074,Dry Van,782.5,1538.13,1472.5434580536432,65.58654194635687
TR-047075,Reefer,959.3,2218.04,2170.472640147058,47.56735985294199
TR-047076,Flatbed,989.1,2165.46,2103.508474474822,61.95152552517811
TR-047077,Dry Van,363.0,796.48,777.0764478095833,19.40355219041669
TR-047078,Flatbed,407.8,1035.14,1049.6939275954817,14.553927595481582
TR-047079,Reefer,1934.6,4339.62,4212.204978043408,127.41502195659177
TR-047080,Reefer,475.5,1204.52,1163.336868849855,41.18313115014507
TR-047081,Dry Van,569.8,1202.43,1177.6535357333885,24.776464266611583
TR-047082,Reefer,2121.7,4601.72,4432.293776021572,169.42622397842842
TR-047083,Reefer,1355.5,3094.01,3000.1211857638696,93.88881423613066
TR-047084,Dry Van,1865.1,3508.16,3411.851033070813,96.30896692918668
TR-047085,Dry Van,497.2,1173.87,1142.085232028244,31.784767971755855
TR-047086,Flatbed,1470.0,2992.98,2980.841468559765,12.138531440235056
TR-047087,Reefer,489.3,1221.18,1177.1515089085194,44.028491091480646
TR-047088,Dry Van,1814.6,3365.79,3266.8089129744517,98.98108702554828
TR-047089,Dry Van,423.9,999.35,996.5404003487512,2.8095996512488455
TR-047090,Dry Van,297.2,716.5,739.1836668781913,22.683666878191275
TR-047091,Dry Van,1824.0,3386.88,3269.275714763316,117.60428523668406
TR-047092,Reefer,2211.8,4523.93,4427.764713276618,96.16528672338245
TR-047093,Dry Van,770.8,1609.02,1529.6871228486043,79.33287715139568
TR-047094,Flatbed,736.1,1624.53,1638.379487013078,13.849487013078033
TR-047095,Flatbed,514.8,1310.28,1253.4156283377456,56.86437166225437
TR-047096,Dry Van,242.6,576.36,585.594837218802,9.234837218802
TR-047097,Dry Van,2007.8,3738.72,3584.8240972081803,153.89590279181948
TR-047098,Dry Van,538.0,1184.51,1157.6828208705504,26.827179129449632
TR-047099,Dry Van,387.2,903.88,892.1050377169782,11.77496228302175
TR-047100,Dry Van,689.2,1480.21,1440.7590802304667,39.45091976953336
TR-047101,Dry Van,925.0,1939.16,1798.1611085545187,140.99889144548138
TR-047102,Dry Van,746.3,1586.46,1559.7049595462213,26.755040453778747
TR-047103,Flatbed,192.4,525.86,531.7028842718419,5.842884271841854
TR-047104,Dry Van,522.2,1096.6,1078.861498313762,17.738501686237896
TR-047105,Dry Van,416.9,897.24,909.9982269986425,12.758226998642499
TR-047106,Flatbed,2052.8,3777.14,3807.684952439886,30.544952439885947
TR-047107,Dry Van,862.2,1747.26,1671.679121167017,75.58087883298299
TR-047108,Dry Van,2058.0,3631.71,3575.78592269515,55.924077304850016
TR-047109,Dry Van,302.6,750.84,750.5753425549823,0.2646574450177468
TR-047110,Flatbed,886.7,1947.04,1971.0203130386196,23.98031303861967
TR-047111,Dry Van,1641.5,3150.87,3074.0777959861066,76.7922040138933
TR-047112,Flatbed,1086.0,2372.96,2357.484666625616,15.475333374384263
TR-047113,Reefer,641.7,1601.61,1556.697661366629,44.91233863337084
TR-047114,Dry Van,1692.9,3251.97,3105.752830441544,146.21716955845568
TR-047115,Dry Van,681.0,1375.7,1300.6737864100057,75.02621358999431
TR-047116,Dry Van,2358.6,4391.77,4273.746226400084,118.02377359991624
TR-047117,Reefer,219.8,610.81,610.7806946403284,0.029305359671525366
TR-047118,Dry Van,995.3,1954.43,1850.6194421456867,103.8105578543134
TR-047119,Dry Van,138.4,363.75,355.1089696350684,8.641030364931623
TR-047120,Dry Van,750.5,1581.12,1477.8115278038695,103.30847219613042
TR-047121,Dry Van,1534.4,2855.03,2813.1222140823993,41.907785917600904
TR-047122,Dry Van,1178.1,2315.97,2227.363011153054,88.60698884694602
TR-047123,Flatbed,417.7,1039.88,1030.8078805994203,9.072119400579822
TR-047124,Flatbed,832.9,1768.74,1749.7166003689676,19.023399631032362
TR-047125,Dry Van,2005.5,4009.09,3871.7187001148377,137.37129988516244
TR-047126,Reefer,572.7,1435.58,1414.2999644650613,21.280035534938634
TR-047127,Flatbed,1071.8,2449.02,2391.5520625958347,57.46793740416524
TR-047128,Dry Van,1631.1,3162.5,3071.7298352339676,90.7701647660324
TR-047129,Reefer,552.4,1419.17,1330.3967325609187,88.77326743908134
TR-047130,Dry Van,696.2,1514.44,1441.4194842677457,73.02051573225435
TR-047131,Dry Van,873.9,1809.27,1785.9929036201254,23.277096379874592
TR-047132,Flatbed,2264.7,4673.35,4536.3571983407555,136.99280165924483
TR-047133,Dry Van,76.2,204.65,190.30866728307146,14.341332716928548
TR-047134,Flatbed,1929.8,3786.22,3881.7312825949048,95.51128259490497
TR-047135,Dry Van,1451.2,2924.77,2901.786534931807,22.9834650681928
TR-047136,Flatbed,2232.7,4470.57,4424.307181752126,46.26281824787384
TR-047137,Reefer,941.7,2093.28,2133.524965318278,40.24496531827799
TR-047138,Dry Van,312.5,804.46,792.8926584111583,11.567341588841714
TR-047139,Dry Van,612.6,1283.69,1263.9118568925094,19.778143107490678
TR-047140,Reefer,940.6,2333.08,2239.340779355527,93.73922064447288
TR-047141,Flatbed,1253.5,2746.68,2709.4879084732434,37.192091526756485
TR-047142,Reefer,338.0,832.66,874.0469000038856,41.38690000388567
TR-047143,Dry Van,2913.9,5189.37,5220.928638306559,31.55863830655926
TR-047144,Reefer,919.2,2265.6,2133.178606081814,132.4213939181859
TR-047145,Dry Van,515.2,1134.75,1130.4721400081366,4.277859991863352
TR-047146,Flatbed,1155.4,2539.5,2479.6689357591276,59.831064240872365
TR-047147,Dry Van,559.8,1265.17,1214.8247458526569,50.34525414734321
TR-047148,Dry Van,1299.9,2443.52,2403.9400521746993,39.57994782530068
TR-047149,Dry Van,450.5,936.09,935.2202585157921,0.869741484207907
TR-047150,Reefer,2451.0,4903.27,4752.34559899868,150.9244010013208
TR-047151,Dry Van,2618.1,4915.66,4646.317363393417,269.34263660658326
TR-047152,Dry Van,294.7,690.82,691.5264016408345,0.7064016408344287
TR-047153,Dry Van,1699.5,3352.24,3247.3911203947346,104.84887960526521
TR-047154,Reefer,1949.9,4219.08,4057.4763605986286,161.6036394013713
TR-047155,Dry Van,766.1,1518.42,1437.2626923602763,81.15730763972374
TR-047156,Dry Van,1063.3,2197.26,2059.9957473016084,137.26425269839183
TR-047157,Reefer,1022.1,2318.07,2361.653354379509,43.58335437950882
TR-047158,Flatbed,1120.6,2344.86,2320.1906323860485,24.669367613951636
TR-047159,Flatbed,827.8,1832.09,1839.4659188579383,7.375918857938359
TR-047160,Flatbed,1040.5,2110.46,2139.3186051232256,28.858605123225516
TR-047161,Dry Van,1447.0,2966.79,2886.107206475068,80.6827935249321
TR-047162,Dry Van,567.5,1199.79,1142.3856236941713,57.40437630582869
TR-047163,Dry Van,946.9,1790.95,1757.6938503594795,33.25614964052056
TR-047164,Dry Van,2126.6,4273.4,4028.28173032786,245.11826967213983
TR-047165,Reefer,853.9,1994.42,1961.0991636534116,33.32083634658852
TR-047166,Reefer,1007.7,2375.65,2267.8126299195706,107.83737008042954
TR-047167,Dry Van,85.2,229.4,224.93734631294478,4.462653687055223
TR-047168,Dry Van,975.7,1825.29,1791.4620063673563,33.82799363264371
TR-047169,Flatbed,456.1,1150.95,1103.5769571960886,47.3730428039114
TR-047170,Dry Van,1071.8,2146.33,2073.998920192365,72.33107980763498
TR-047171,Dry Van,316.4,754.81,731.6370579986591,23.172942001340857
TR-047172,Dry Van,202.3,490.24,504.83086098801573,14.59086098801572
TR-047173,Flatbed,2580.8,5270.27,5020.542239027215,249.7277609727853
TR-047174,Dry Van,660.3,1464.49,1367.5912714797857,96.89872852021426
TR-047175,Dry Van,1012.0,2065.37,1988.724882484909,76.64511751509099
TR-047176,Flatbed,797.4,1798.36,1782.3059679980697,16.05403200193018
TR-047177,Dry Van,238.2,628.05,622.1513839099855,5.898616090014457
TR-047178,Dry Van,1026.0,2205.02,2107.5627367326133,97.45726326738668
TR-047179,Reefer,791.0,1831.61,1776.8389597576825,54.77104024231744
TR-047180,Flatbed,1026.1,2346.99,2328.40039483243,18.58960516756997
TR-047181,Reefer,1236.2,2915.38,2868.3530792094684,47.026920790531676
TR-047182,Reefer,260.2,658.0,684.7104197337683,26.710419733768276
TR-047183,Dry Van,2607.7,4472.38,4428.785051842238,43.59494815776179
TR-047184,Reefer,942.9,2212.41,2151.536119840109,60.87388015989063
TR-047185,Dry Van,459.3,1003.07,982.1596633327588,20.910336667241268
TR-047186,Flatbed,1203.8,2525.13,2506.383040020159,18.746959979840994
TR-047187,Flatbed,459.7,1105.06,1089.1425267869695,15.917473213030462
TR-047188,Flatbed,612.1,1316.35,1327.8319578394835,11.481957839483584
TR-047189,Flatbed,2603.8,5248.45,5120.923312948474,127.5266870515261
TR-047190,Dry Van,480.8,1069.29,1057.7272517395643,11.562748260435683
TR-047191,Dry Van,1171.6,2366.62,2250.5989400015856,116.02105999841433
TR-047192,Dry Van,930.1,1946.38,1968.180333496633,21.800333496632902
TR-047193,Reefer,1232.7,2925.5,2840.5964555607125,84.90354443928754
TR-047194,Dry Van,1151.0,2284.63,2147.1134839322253,137.51651606777477
TR-047195,Dry Van,663.2,1422.5,1369.084764925003,53.4152350749971
TR-047196,Flatbed,1190.9,2401.67,2399.009934771377,2.660065228622898
TR-047197,Dry Van,124.9,327.17,319.9410840417904,7.228915958209598
TR-047198,Dry Van,655.1,1329.96,1316.136283172059,13.823716827941098
TR-047199,Reefer,352.7,1020.81,964.8331169935874,55.97688300641255
TR-047200,Flatbed,1693.1,3684.06,3575.6688620539553,108.39113794604464
TR-047201,Reefer,626.5,1470.86,1420.1434687942412,50.716531205758656
TR-047202,Dry Van,1569.2,2831.48,2889.561060613915,58.081060613914815
TR-047203,Dry Van,2255.2,4296.46,4089.757902060997,206.70209793900312
TR-047204,Flatbed,1653.3,3567.75,3553.8511151956654,13.898884804334557
TR-047205,Dry Van,991.5,2119.21,2083.84336618203,35.36663381797007
TR-047206,Flatbed,714.6,1584.08,1612.2003007957808,28.12030079578085
TR-047207,Dry Van,1580.8,3084.43,2978.0058443524167,106.42415564758312
TR-047208,Dry Van,1555.6,3030.94,2929.9686798885286,100.97132011147141
TR-047209,Reefer,592.1,1576.31,1518.8755695332577,57.43443046674224
TR-047210,Dry Van,1873.0,3628.01,3534.146099010213,93.863900989787
TR-047211,Dry Van,1179.1,2322.3,2241.02366385707,81.27633614293018
TR-047212,Dry Van,1285.2,2454.04,2430.1678842893166,23.872115710683374
TR-047213,Dry Van,2265.4,4056.14,3940.8398304551847,115.30016954481516
TR-047214,Flatbed,799.2,1807.01,1778.8135838579153,28.196416142084672
TR-047215,Flatbed,1789.6,3782.13,3705.94459535241,76.18540464759008
TR-047216,Flatbed,809.3,1723.55,1646.3068858517447,77.24311414825524
TR-047217,Reefer,2065.1,3953.78,3925.9520172381785,27.82798276182166
TR-047218,Flatbed,712.2,1711.52,1649.970468333008,61.549531666991925
TR-047219,Flatbed,145.2,420.2,426.0174516352264,5.817451635226405
TR-047220,Dry Van,275.6,610.07,623.5164347119608,13.446434711960705
TR-047221,Reefer,1034.6,2265.35,2218.6767765900386,46.67322340996134
TR-047222,Reefer,903.0,2055.67,1986.363032431569,69.30696756843099
TR-047223,Flatbed,323.2,841.61,837.9728380275949,3.6371619724051243
TR-047224,Dry Van,1729.8,3190.69,3104.883042607038,85.80695739296198
TR-047225,Dry Van,1296.4,2582.43,2468.750472173239,113.67952782676093
TR-047226,Dry Van,2542.2,4550.45,4484.024279784481,66.4257202155186
TR-047227,Dry Van,514.6,1076.88,1051.6500507971787,25.229949202821444
TR-047228,Dry Van,166.4,422.77,419.32762110069666,3.4423788993033213
TR-047229,Flatbed,900.0,2037.77,2051.7526292450816,13.982629245081625
TR-047230,Reefer,455.2,1126.61,1091.6211018629137,34.98889813708615
TR-047231,Dry Van,612.6,1358.41,1326.5644103932614,31.845589606738713
TR-047232,Dry Van,620.0,1427.86,1393.4712912995117,34.38870870048822
TR-047233,Dry Van,367.4,812.38,818.933271726189,6.553271726188996
TR-047234,Dry Van,336.8,788.83,773.3456761195339,15.48432388046615
TR-047235,Dry Van,1529.9,3078.27,2935.2637928554705,143.00620714452953
TR-047236,Reefer,117.3,344.85,337.84423759656846,7.005762403431561
TR-047237,Dry Van,1515.8,2930.32,2856.8423234767365,73.47767652326365
TR-047238,Dry Van,314.3,777.61,758.3554832195921,19.254516780407926
TR-047239,Dry Van,764.4,1493.29,1456.5039976822543,36.78600231774567
TR-047240,Reefer,1341.3,2918.22,2839.6822825415347,78.53771745846507
TR-047241,Flatbed,1058.9,2144.64,2189.1344850765554,44.49448507655552
TR-047242,Dry Van,392.7,892.17,860.0055994973347,32.16440050266522
TR-047243,Reefer,1252.9,2709.66,2690.636541678275,19.023458321724775
TR-047244,Dry Van,1138.2,2232.87,2242.0246471564105,9.154647156410647
TR-047245,Reefer,180.5,570.97,528.8062909322985,42.163709067701575
TR-047246,Dry Van,438.9,956.7,947.5920129657441,9.107987034255984
TR-047247,Dry Van,1186.4,2367.47,2314.8684781759707,52.60152182402908
TR-047248,Flatbed,929.3,1881.5,1902.3818252197507,20.88182521975068
TR-047249,Reefer,446.3,1101.36,1097.0813704874809,4.278629512519046
TR-047250,Dry Van,1655.3,3281.87,3119.8793232480366,161.9906767519633
TR-047251,Dry Van,1598.9,3285.09,3117.2381421920427,167.85185780795746
TR-047252,Dry Van,763.4,1487.21,1438.0899332474664,49.1200667525336
TR-047253,Reefer,788.0,1979.85,1898.5424357572379,81.30756424276206
TR-047254,Dry Van,1317.4,2463.55,2398.4437957371833,65.10620426281685
TR-047255,Reefer,1275.0,2865.84,2905.6434514632115,39.80345146321133
TR-047256,Reefer,927.8,2200.08,2187.136823217029,12.943176782971022
TR-047257,Dry Van,2144.5,4098.55,3916.6163753268975,181.9336246731027
TR-047258,Dry Van,276.9,713.13,675.0587356524969,38.071264347503075
TR-047259,Reefer,615.6,1493.65,1484.846404678267,8.803595321733155
TR-047260,Flatbed,2191.0,4291.12,4156.291477647357,134.82852235264272
TR-047261,Reefer,2616.0,5450.63,5279.498534718684,171.1314652813162
TR-047262,Flatbed,1636.0,3452.83,3459.075795773181,6.245795773181271
TR-047263,Dry Van,922.8,1992.41,1890.0961793090569,102.3138206909432
TR-047264,Dry Van,319.7,781.27,775.6358846315475,5.6341153684525125
TR-047265,Dry Van,710.8,1559.38,1516.7944933117574,42.58550668824273
TR-047266,Dry Van,1535.2,3012.34,2983.332782869113,29.007217130887057
TR-047267,Dry Van,969.4,2001.79,1921.9763242553113,79.81367574468868
TR-047268,Dry Van,2213.4,4180.37,4021.851722538108,158.518277461892
TR-047269,Flatbed,430.4,1008.7,1024.3815916887268,15.681591688726712
TR-047270,Dry Van,477.1,1119.83,1065.7326549732345,54.097345026765424
TR-047271,Flatbed,2621.1,5029.22,4901.973130844137,127.24686915586335
TR-047272,Dry Van,193.6,485.95,482.137802881906,3.812197118093991
TR-047273,Dry Van,463.4,1165.7,1103.6314798722715,62.06852012772856
TR-047274,Dry Van,1039.1,2037.11,1926.5664286432218,110.5435713567781
TR-047275,Reefer,2520.1,5264.57,5037.223179566191,227.34682043380872
TR-047276,Reefer,768.7,1992.37,1885.8687669372987,106.5012330627012
TR-047277,Dry Van,219.4,614.66,586.6991194156659,27.960880584334063
TR-047278,Reefer,1987.7,4113.53,3963.6448655780555,149.88513442194426
TR-047279,Reefer,2196.7,4347.35,4408.021561178382,60.671561178382035
TR-047280,Dry Van,957.4,1962.23,1899.0435069402586,63.18649305974145
TR-047281,Dry Van,570.4,1179.2,1164.2858818024497,14.914118197550351
TR-047282,Dry Van,207.2,517.3,512.9316693803484,4.368330619651601
TR-047283,Dry Van,2175.4,3901.87,3874.0505060765713,27.81949392342858
TR-047284,Flatbed,310.9,783.99,782.8913817555601,1.0986182444398764
TR-047285,Dry Van,772.6,1658.47,1590.536780310849,67.93321968915097
TR-047286,Dry Van,1588.3,2984.09,2843.5647423197606,140.52525768023952
TR-047287,Dry Van,103.8,292.09,278.6116152749334,13.478384725066576
TR-047288,Dry Van,1211.3,2375.88,2382.648852869644,6.768852869643979
TR-047289,Flatbed,2256.6,4115.51,4184.821623637323,69.31162363732255
TR-047290,Dry Van,1334.2,2571.32,2476.2986335792443,95.02136642075584
TR-047291,Flatbed,425.5,1138.74,1090.189576709174,48.550423290826075
TR-047292,Flatbed,1477.0,2899.76,2954.476080641299,54.71608064129896
TR-047293,Reefer,2801.9,5327.47,5195.82347652227,131.64652347773063
TR-047294,Flatbed,807.2,1662.74,1673.7159085867047,10.97590858670469
TR-047295,Dry Van,750.2,1535.64,1503.5602149577708,32.07978504222933
TR-047296,Flatbed,1225.5,2740.37,2686.4867791696925,53.88322083030744
TR-047297,Reefer,1467.2,3171.33,3060.7868536708243,110.54314632917567
TR-047298,Flatbed,776.1,1657.15,1630.2752781328602,26.874721867139897
TR-047299,Reefer,2979.1,19110.3,5909.0993519093745,13201.200648090624
TR-047300,Dry Van,411.7,1042.31,998.374526872884,43.93547312711598
TR-047301,Flatbed,2312.6,4466.18,4393.734007387004,72.44599261299663
TR-047302,Flatbed,1715.6,3304.3,3331.9395870785825,27.63958707858228
TR-047303,Dry Van,2936.3,5149.54,5012.781229750455,136.7587702495448
TR-047304,Reefer,1953.2,4210.91,4266.826626883135,55.916626883134995
TR-047305,Dry Van,2365.4,4473.29,4317.999087751265,155.29091224873537
TR-047306,Dry Van,930.0,1837.59,1785.0879753937143,52.50202460628566
TR-047307,Dry Van,1167.3,2456.79,2325.4559983094077,131.33400169059223
TR-047308,Reefer,1257.1,2818.51,2827.661093205988,9.151093205987763
TR-047309,Flatbed,2019.7,3911.92,3877.01181358362,34.908186416379976
TR-047310,Flatbed,2139.9,4311.77,4099.521165490049,212.24883450995185
TR-047311,Flatbed,728.4,1608.17,1610.502018562339,2.332018562338817
TR-047312,Reefer,2786.7,5637.98,5451.648382568654,186.33161743134588
TR-047313,Dry Van,879.9,1728.39,1648.7916879073284,79.59831209267168
TR-047314,Reefer,835.3,2008.6,1923.559173671035,85.04082632896484
TR-047315,Dry Van,719.1,1564.16,1452.443539189133,111.71646081086715
TR-047316,Dry Van,614.9,1320.45,1272.9816455939201,47.468354406079925
TR-047317,Flatbed,1741.4,3409.07,3467.997538692992,58.927538692991675
TR-047318,Dry Van,1693.3,3084.87,3083.8931180078753,0.9768819921246177
TR-047319,Flatbed,1356.1,2904.7,2920.0771260761726,15.377126076172772
TR-047320,Dry Van,658.3,1355.05,1327.7809745079956,27.269025492004403
TR-047321,Dry Van,417.0,968.23,966.2592146885631,1.9707853114368845
TR-047322,Dry Van,1258.0,2451.68,2359.7205125577552,91.95948744224461
TR-047323,Dry Van,485.4,1040.5,1031.7398847308668,8.760115269133166
TR-047324,Reefer,784.5,1729.69,1735.8309953496182,6.1409953496181515
TR-047325,Dry Van,1209.6,2546.21,2408.8651964895944,137.34480351040565
TR-047326,Dry Van,544.3,1149.91,1116.44566661033,33.46433338967017
TR-047327,Dry Van,493.2,1124.24,1082.8070163291864,41.432983670813655
TR-047328,Dry Van,457.1,1078.91,1060.0060290672484,18.90397093275169
TR-047329,Flatbed,470.1,1082.86,1111.263851053514,28.403851053514018
TR-047330,Dry Van,288.3,754.18,743.5524740545574,10.627525945442585
TR-047331,Dry Van,586.4,1260.1,1258.2226779948794,1.8773220051205044
TR-047332,Reefer,1219.1,2947.21,2816.0362291595875,131.17377084041254
TR-047333,Dry Van,169.0,467.71,461.60478257828146,6.105217421718521
TR-047334,Flatbed,886.2,1963.72,1929.370155506871,34.34984449312901
TR-047335,Dry Van,2440.9,4254.89,4292.839662823828,37.949662823827566
TR-047336,Flatbed,926.2,2173.71,2156.275075432336,17.434924567663984
TR-047337,Flatbed,3097.3,5916.65,5920.544418415444,3.8944184154443064
TR-047338,Dry Van,1032.8,2248.82,2128.4832753696396,120.33672463036055
TR-047339,Reefer,820.9,1837.42,1824.4934449033308,12.92655509666929
TR-047340,Dry Van,922.8,1909.42,1865.220833492843,44.19916650715709
TR-047341,Dry Van,382.9,969.54,935.3146336489098,34.2253663510902
TR-047342,Flatbed,437.1,1081.86,1083.514081237219,1.6540812372190885
TR-047343,Dry Van,355.7,880.2,826.1023298639038,54.09767013609621
TR-047344,Flatbed,366.4,910.03,905.3735479630975,4.656452036902465
TR-047345,Dry Van,2596.2,4879.54,4627.183685235808,252.35631476419167
TR-047346,Dry Van,3173.4,5653.31,5458.124547571048,195.18545242895198
TR-047347,Dry Van,699.3,1481.77,1462.9005486000729,18.86945139992713
TR-047348,Reefer,202.9,600.37,571.9654444869991,28.4045555130009
TR-047349,Dry Van,552.6,1181.66,1171.101929582672,10.558070417328054
TR-047350,Reefer,1320.9,3020.37,3035.2192994444804,14.849299444480494
TR-047351,Dry Van,1067.6,1953.54,1952.2041443501628,1.3358556498371854
TR-047352,Dry Van,1262.8,2506.68,2421.048674945108,85.63132505489193
TR-047353,Flatbed,715.7,1575.97,1569.7642926742096,6.205707325790399
TR-047354,Dry Van,324.2,696.47,727.2132665510215,30.74326655102152
TR-047355,Reefer,831.6,2128.96,2034.1974157686286,94.76258423137142
TR-047356,Dry Van,198.6,504.28,494.6401325393123,9.639867460687697
TR-047357,Dry Van,1954.9,3847.37,3623.234987082664,224.1350129173361
TR-047358,Flatbed,2384.7,5009.28,4864.651417477913,144.62858252208662
TR-047359,Reefer,1233.6,2709.64,2733.4127754523247,23.772775452324822
TR-047360,Dry Van,1743.9,3458.39,3394.8815200144873,63.50847998551262
TR-047361,Dry Van,770.4,1718.9,1659.5252676346968,59.374732365303316
TR-047362,Dry Van,705.6,1468.62,1423.43543046932,45.18456953067994
TR-047363,Flatbed,225.6,618.21,613.0288765803245,5.181123419675487
TR-047364,Flatbed,487.6,1285.55,1241.3774033752143,44.17259662478568
TR-047365,Reefer,529.9,1391.52,1352.9389828426974,38.58101715730254
TR-047366,Flatbed,818.8,1832.71,1808.688107571481,24.021892428519095
TR-047367,Dry Van,967.4,2095.3,2011.274563407911,84.02543659208914
TR-047368,Flatbed,442.0,1044.28,1032.8074881079722,11.472511892027796
TR-047369,Dry Van,975.4,2093.14,1987.2380041633833,105.9019958366166
TR-047370,Reefer,314.8,888.73,882.2291794382261,6.500820561773935
TR-047371,Dry Van,2183.5,3924.86,3852.8209614312805,72.03903856871966
TR-047372,Reefer,1198.9,2569.09,2556.7024448360175,12.387555163982597
TR-047373,Reefer,848.6,1998.58,1998.0582052595157,0.5217947404842107
TR-047374,Dry Van,533.8,1234.58,1170.6157146126716,63.964285387328346
TR-047375,Reefer,863.3,2035.9,2027.1325492189926,8.767450781007483
TR-047376,Dry Van,1886.6,3597.23,3431.0495525177635,166.18044748223656
TR-047377,Dry Van,1139.4,2321.27,2198.421009944189,122.8489900558111
TR-047378,Dry Van,1672.1,3163.93,3066.9847989465575,96.94520105344236
TR-047379,Flatbed,884.5,1939.15,1874.8307900868642,64.31920991313586
TR-047380,Dry Van,361.0,856.65,835.9279015084695,20.72209849153046
TR-047381,Reefer,2035.1,4463.62,4395.807723584187,67.81227641581245
TR-047382,Flatbed,2040.7,4338.95,4151.835755339079,187.11424466092103
TR-047383,Dry Van,685.8,1498.89,1480.042391217122,18.84760878287807
TR-047384,Reefer,634.2,1571.22,1485.9177904612366,85.30220953876346
TR-047385,Dry Van,2338.2,4355.11,4347.900735190456,7.209264809544038
TR-047386,Flatbed,1049.3,2270.1,2281.5528331791893,11.452833179189383
TR-047387,Flatbed,458.9,1042.46,1060.3478793986858,17.887879398685754
TR-047388,Dry Van,2095.1,3678.26,3608.6651272869276,69.59487271307262
TR-047389,Dry Van,679.8,1425.24,1351.4152514400478,73.82474855995224
TR-047390,Dry Van,2531.1,4745.33,4468.059431014632,277.2705689853683
TR-047391,Reefer,598.2,1405.42,1395.8944070892105,9.525592910789555
TR-047392,Reefer,435.0,1120.77,1092.2904132139706,28.47958678602936
TR-047393,Dry Van,428.0,941.6,911.844206073381,29.75579392661905
TR-047394,Flatbed,2306.4,4749.79,4575.2338397759195,174.5561602240805
TR-047395,Dry Van,1652.5,3187.5,3084.9577322049226,102.54226779507735
TR-047396,Flatbed,1413.1,3189.23,3132.396840041504,56.8331599584958
TR-047397,Dry Van,248.3,656.46,654.8069179562317,1.653082043768336
TR-047398,Reefer,1151.6,2465.88,2468.046899023666,2.166899023665792
TR-047399,Reefer,909.5,2112.89,2058.3661963821764,54.52380361782343
TR-047400,Dry Van,637.7,1354.66,1335.42002377773,19.239976222270116
TR-047401,Reefer,356.8,1019.77,967.8709780401599,51.89902195984007
TR-047402,Dry Van,1442.5,2754.21,2763.8166802275787,9.606680227578636
TR-047403,Flatbed,2829.3,5681.27,5585.194088973032,96.07591102696824
TR-047404,Reefer,2355.5,4655.6,4540.300317272473,115.2996827275274
TR-047405,Dry Van,468.7,1077.64,1075.6223737334628,2.0176262665372633
TR-047406,Dry Van,1249.0,2642.51,2567.6239239517513,74.88607604824892
TR-047407,Dry Van,1611.3,3069.81,2981.838644577805,87.97135542219485
TR-047408,Dry Van,2026.7,3993.34,3796.246767236415,197.0932327635851
TR-047409,Dry Van,723.9,1605.8,1538.2173224752942,67.58267752470579
TR-047410,Dry Van,1500.2,3021.1,2953.460443921943,67.63955607805701
TR-047411,Flatbed,1197.4,2578.04,2539.010653375254,39.02934662474581
TR-047412,Dry Van,1852.0,3556.61,3498.8464163954122,57.76358360458789
TR-047413,Dry Van,596.6,1183.25,1159.0622375003984,24.187762499601604
TR-047414,Reefer,428.5,1176.14,1112.920322976328,63.21967702367215
TR-047415,Flatbed,2587.3,5096.63,4971.916476040119,124.71352395988106
TR-047416,Dry Van,769.0,1591.65,1536.331176014261,55.31882398573907
TR-047417,Dry Van,1149.8,2284.94,2230.852689757531,54.0873102424689
TR-047418,Dry Van,2187.1,4063.92,3931.5396442668807,132.38035573311936
TR-047419,Reefer,421.9,1091.27,1068.8498675176575,22.420132482342524
TR-047420,Dry Van,1650.6,3212.28,3083.207857016944,129.07214298305598
TR-047421,Dry Van,2190.8,4325.34,4070.623303712147,254.7166962878532
TR-047422,Flatbed,404.4,1022.33,1025.1971282915038,2.867128291503718
TR-047423,Flatbed,658.0,1600.71,1586.5925120376903,14.117487962309724
TR-047424,Reefer,2896.1,5972.82,5658.178251593567,314.64174840643227
TR-047425,Dry Van,2544.0,4709.46,4617.940491835513,91.51950816448698
TR-047426,Flatbed,1639.3,3365.06,3364.775758334655,0.2842416653447799
TR-047427,Reefer,1148.9,2540.54,2565.7097404516135,25.169740451613507
TR-047428,Dry Van,419.1,993.52,945.1224686740115,48.39753132598844
TR-047429,Dry Van,272.6,692.88,690.9327336347901,1.9472663652098845
TR-047430,Reefer,783.7,1841.61,1807.6157671031358,33.994232896864105
TR-047431,Dry Van,926.5,1806.26,1730.0700356203095,76.18996437969054
TR-047432,Flatbed,1978.6,4295.45,3991.2015908677813,304.2484091322185
TR-047433,Reefer,664.6,1613.18,1626.7499567850136,13.569956785013574
TR-047434,Dry Van,1096.5,2271.94,2167.9272389078537,104.01276109214632
TR-047435,Dry Van,928.7,2060.68,1961.6628419181056,99.0171580818942
TR-047436,Flatbed,650.4,1447.73,1423.8715404630832,23.858459536916826
TR-047437,Reefer,527.7,1373.08,1349.175010118003,23.904989881996926
TR-047438,Flatbed,1867.0,3974.95,3883.046782916373,91.90321708362671
TR-047439,Reefer,1186.8,2686.94,2666.7430016859453,20.19699831405478
TR-047440,Dry Van,1242.8,2579.09,2462.9831706335053,116.10682936649482
TR-047441,Flatbed,1458.4,3125.81,3105.4582831165485,20.351716883451445
TR-047442,Reefer,738.3,1760.31,1762.5562428086478,2.246242808647821
TR-047443,Flatbed,1287.2,2912.71,2788.9295582915342,123.78044170846579
TR-047444,Dry Van,3024.7,5224.85,5111.903172578077,112.94682742192344
TR-047445,Dry Van,443.2,985.67,947.6604430895129,38.00955691048705
TR-047446,Dry Van,735.8,1465.33,1383.8048374891719,81.52516251082807
TR-047447,Dry Van,1882.9,3575.15,3439.123937944936,136.0260620550639
TR-047448,Dry Van,1495.0,3023.55,2970.0040098431614,53.5459901568388
TR-047449,Dry Van,737.2,1474.64,1364.9951782123471,109.64482178765297
TR-047450,Reefer,920.4,2197.71,2155.5732360870243,42.136763912975766
TR-047451,Dry Van,850.0,1698.45,1612.1320540638444,86.31794593615564
TR-047452,Reefer,623.3,1540.06,1507.78796068822,32.27203931177996
TR-047453,Dry Van,2091.9,3650.16,3633.8809600322425,16.2790399677574
TR-047454,Dry Van,2376.2,4413.94,4210.999131921115,202.9408680788847
TR-047455,Dry Van,932.1,1871.9,1829.3753864308449,42.524613569155235
TR-047456,Flatbed,1708.0,3295.02,3307.2648253006337,12.244825300633693
TR-047457,Reefer,958.0,2174.2,2107.9612975604937,66.23870243950614
TR-047458,Dry Van,2267.2,4308.62,4209.929791547033,98.69020845296654
TR-047459,Reefer,490.2,1258.82,1247.1070967034107,11.712903296589275
TR-047460,Dry Van,549.0,1200.85,1152.7436383775535,48.10636162244646
TR-047461,Reefer,987.4,2207.48,2248.6343463702583,41.15434637025828
TR-047462,Flatbed,2069.7,3936.26,3968.284884232526,32.02488423252589
TR-047463,Reefer,1640.8,3628.24,3640.3691022596204,12.129102259620595
TR-047464,Flatbed,2642.2,5167.12,5081.634070187283,85.48592981271668
TR-047465,Dry Van,807.5,1696.9,1580.3071475457575,116.59285245424257
TR-047466,Dry Van,541.3,1179.5,1160.8197544804086,18.68024551959138
TR-047467,Dry Van,507.6,1083.36,1065.304896841753,18.055103158246993
TR-047468,Dry Van,746.6,1641.29,1606.067533737467,35.22246626253286
TR-047469,Dry Van,624.4,1458.78,1408.0332257252285,50.7467742747715
TR-047470,Reefer,534.0,1330.5,1294.7407160284477,35.75928397155235
TR-047471,Flatbed,1766.6,3611.22,3563.247450715351,47.97254928464872
TR-047472,Dry Van,235.1,595.09,589.5546316352052,5.535368364794863
TR-047473,Dry Van,2465.2,4372.61,4322.838711319698,49.77128868030195
TR-047474,Flatbed,774.0,1745.58,1693.6138756018242,51.96612439817568
TR-047475,Reefer,548.7,1307.46,1310.1986033158516,2.7386033158516057
TR-047476,Reefer,282.3,751.16,775.0633879907851,23.903387990785177
TR-047477,Dry Van,383.6,916.19,896.4994208079376,19.6905791920625
TR-047478,Flatbed,1408.6,2860.24,2966.8700705398933,106.6300705398935
TR-047479,Dry Van,2101.8,4115.49,3936.4957940285117,178.9942059714881
TR-047480,Dry Van,1473.1,2873.82,2853.535116732228,20.28488326777233
TR-047481,Dry Van,108.5,283.17,273.8108549332136,9.359145066786425
TR-047482,Dry Van,1040.7,2125.82,2070.3358402012177,55.48415979878246
TR-047483,Dry Van,975.2,1976.8,1865.2631524903964,111.5368475096036
TR-047484,Reefer,1518.9,3370.38,3285.4670879951054,84.91291200489468
TR-047485,Dry Van,823.5,1870.23,1783.3439038410563,86.8860961589437
TR-047486,Reefer,152.1,484.6,446.0747886774915,38.52521132250854
TR-047487,Dry Van,490.5,1121.9,1082.6300930565787,39.26990694342135
TR-047488,Reefer,1014.5,2270.61,2205.917189192722,64.69281080727797
TR-047489,Dry Van,1602.4,2892.34,2835.722660922992,56.61733907700818
TR-047490,Flatbed,1283.9,2747.48,2658.5302691536654,88.94973084633466
TR-047491,Reefer,556.8,1363.85,1323.278656453123,40.57134354687696
TR-047492,Dry Van,1737.9,3559.43,3410.8737326286905,148.55626737130933
TR-047493,Dry Van,1066.8,2250.61,2119.6108444626125,130.99915553738765
TR-047494,Dry Van,327.0,731.72,738.5351540536128,6.815154053612787
TR-047495,Flatbed,341.3,888.94,887.0752101089862,1.8647898910138565
TR-047496,Dry Van,1743.6,3390.51,3217.6668917977936,172.84310820220662
TR-047497,Flatbed,169.4,500.4,496.67939246554994,3.720607534450039
TR-047498,Dry Van,731.6,1606.79,1522.6609748549167,84.12902514508323
TR-047499,Dry Van,1796.7,3778.61,3546.3162395060403,232.29376049395978
TR-047500,Dry Van,2319.7,4190.67,4158.921818148624,31.748181851376103
TR-047501,Reefer,790.2,1783.42,1724.6378638720619,58.7821361279382
TR-047502,Flatbed,299.5,846.81,819.8063011681567,27.00369883184328
TR-047503,Reefer,1674.0,3685.43,3627.01567956909,58.41432043090981
TR-047504,Reefer,2063.5,880.04,4216.657303917817,3336.6173039178175
TR-047505,Reefer,1691.5,3606.92,3512.2857758396453,94.63422416035473
TR-047506,Dry Van,1112.3,2312.14,2200.8023134266664,111.33768657333349
TR-047507,Reefer,2454.6,5152.2,4991.950342085547,160.24965791445265
TR-047508,Dry Van,290.9,766.56,750.0354071323887,16.524592867611204
TR-047509,Dry Van,160.3,446.16,431.9402153872434,14.219784612756598
TR-047510,Flatbed,959.7,2272.15,2238.0408107959825,34.10918920401764
TR-047511,Dry Van,1398.3,2651.73,2637.28768661624,14.442313383759938
TR-047512,Dry Van,2002.3,3767.08,3659.7738198766588,107.30618012334116
TR-047513,Flatbed,2399.3,4946.8,4777.478772864348,169.3212271356524
TR-047514,Dry Van,450.4,994.65,978.9713119059145,15.678688094085487
TR-047515,Flatbed,944.0,2144.48,2109.018622377139,35.461377622861164
TR-047516,Dry Van,856.3,1957.2,1872.2243422080985,84.97565779190154
TR-047517,Dry Van,564.1,1357.67,1289.1754684844539,68.49453151554621
TR-047518,Reefer,749.1,1760.13,1719.6669429400183,40.46305705998179
TR-047519,Dry Van,689.0,1602.83,1493.9794250683883,108.85057493161162
TR-047520,Reefer,484.8,1269.47,1241.7078387851639,27.76216121483617
TR-047521,Dry Van,697.9,1527.82,1493.7350163043807,34.08498369561926
TR-047522,Dry Van,286.4,757.91,732.2558129496441,25.65418705035586
TR-047523,Reefer,433.5,1174.09,1141.8590549825285,32.23094501747141
TR-047524,Flatbed,675.2,1547.03,1506.687327055647,40.3426729443529
TR-047525,Dry Van,2321.5,4199.93,4088.009956228309,111.92004377169133
TR-047526,Dry Van,692.5,1434.93,1385.1219324271924,49.80806757280766
TR-047527,Dry Van,1469.7,2909.37,2805.6804042959347,103.68959570406514
TR-047528,Flatbed,93.0,299.74,279.5526029059126,20.18739709408743
TR-047529,Dry Van,453.6,996.52,991.7136878402032,4.806312159796789
TR-047530,Dry Van,424.6,1043.66,1013.9191631742106,29.74083682578953
TR-047531,Dry Van,2037.1,3939.96,3864.075145696132,75.884854303868
TR-047532,Dry Van,1562.2,3087.48,3085.5833882449474,1.8966117550526178
TR-047533,Reefer,831.6,2012.77,2016.5463720636037,3.7763720636037306
TR-047534,Flatbed,686.7,1537.05,1525.3913631286664,11.658636871333556
TR-047535,Dry Van,1357.2,2731.05,2706.7317774859534,24.318222514046738
TR-047536,Dry Van,734.7,1532.23,1477.1478127708556,55.08218722914444
TR-047537,Dry Van,2782.4,15003.55,4857.077219090166,10146.472780909833
TR-047538,Dry Van,2847.6,5253.36,5075.776147688929,177.5838523110706
TR-047539,Dry Van,1041.1,472.91,1930.881264976768,1457.971264976768
TR-047540,Dry Van,596.3,1301.4,1252.6511615352124,48.748838464787696
TR-047541,Flatbed,405.4,1028.05,984.2143142202241,43.83568577977587
TR-047542,Dry Van,1129.3,2245.8,2151.45159782749,94.3484021725103
TR-047543,Dry Van,1579.2,3160.91,3115.8732049062887,45.036795093711135
TR-047544,Dry Van,1291.1,2737.09,2613.215301854954,123.8746981450463
TR-047545,Flatbed,1881.2,4073.56,3989.302948945614,84.25705105438601
TR-047546,Dry Van,1367.0,2729.05,2609.50342833578,119.54657166422021
TR-047547,Dry Van,1091.3,2164.35,2077.8311283907697,86.51887160923025
TR-047548,Dry Van,716.4,1457.56,1382.5215501957032,75.03844980429676
TR-047549,Reefer,1650.7,3814.07,3666.3126394953647,147.75736050463547
TR-047550,Dry Van,406.9,934.1,923.2260779256709,10.87392207432913
TR-047551,Dry Van,491.2,1173.54,1143.3220631731858,30.21793682681414
TR-047552,Flatbed,2283.8,4781.72,4707.8305110184565,73.88948898154376
TR-047553,Dry Van,672.2,1576.9,1499.7004405647638,77.19955943523632
TR-047554,Reefer,1471.7,3164.95,3111.180225786529,53.76977421347101
TR-047555,Dry Van,513.7,1121.82,1103.3804792218984,18.439520778101496
TR-047556,Dry Van,937.4,2021.99,1899.6128368904915,122.3771631095085
TR-047557,Dry Van,844.9,1802.15,1764.977470998143,37.17252900185713
TR-047558,Dry Van,1054.5,2256.25,2112.1657194123954,144.08428058760455
TR-047559,Reefer,276.0,751.56,739.3039138245572,12.25608617544276
TR-047560,Reefer,2107.5,4370.07,4282.924179976691,87.14582002330826
TR-047561,Dry Van,737.8,1661.68,1621.4684363314689,40.2115636685312
TR-047562,Dry Van,1173.4,2324.37,2196.089244788929,128.28075521107075
TR-047563,Reefer,2159.5,4417.81,4343.718849116069,74.09115088393173
TR-047564,Reefer,1023.1,2238.49,2242.6236700828626,4.133670082862864
TR-047565,Dry Van,910.8,1859.53,1765.621518496573,93.90848150342708
TR-047566,Reefer,841.8,2168.55,2035.947442715207,132.6025572847932
TR-047567,Dry Van,225.5,555.65,555.630557376767,0.019442623232976075
TR-047568,Flatbed,105.9,327.27,323.14018331622503,4.129816683774948
TR-047569,Flatbed,693.1,1633.65,1627.0166373390084,6.633362660991679
TR-047570,Dry Van,467.2,1086.62,1041.5677582646033,45.05224173539659
TR-047571,Flatbed,263.2,748.27,715.0602000237794,33.20979997622055
TR-047572,Dry Van,594.9,1375.77,1276.3697637432904,99.4002362567096
TR-047573,Dry Van,805.6,1783.98,1707.2015049011252,76.77849509887483
TR-047574,Flatbed,467.7,1187.99,1135.1635402137058,52.82645978629421
TR-047575,Dry Van,842.9,1710.9,1658.582609416573,52.31739058342714
TR-047576,Dry Van,944.2,1943.9,1850.0841441342313,93.81585586576875
TR-047577,Reefer,337.2,966.33,925.4841041956022,40.845895804397855
TR-047578,Dry Van,431.4,1018.54,1012.0230595805082,6.516940419491789
TR-047579,Flatbed,387.8,980.92,973.8394969775443,7.080503022455673
TR-047580,Dry Van,1374.0,2600.37,2566.9437455912284,33.426254408771456
TR-047581,Reefer,2337.1,4798.37,4610.39196729724,187.97803270276017
TR-047582,Dry Van,371.2,820.66,796.9691964615818,23.69080353841821
TR-047583,Flatbed,1852.6,3789.3,3690.52727675343,98.77272324656997
TR-047584,Dry Van,214.0,558.82,550.9999622006764,7.8200377993237
TR-047585,Dry Van,1394.4,2854.93,2733.838106289027,121.09189371097273
TR-047586,Dry Van,1140.7,2215.0,2172.704587767069,42.295412232931085
TR-047587,Flatbed,1383.3,11596.28,2854.3062882355457,8741.973711764454
TR-047588,Dry Van,631.7,1390.99,1358.252918710967,32.737081289033085
TR-047589,Reefer,746.7,1834.12,1722.224663789144,111.89533621085593
TR-047590,Dry Van,2719.2,4873.36,4674.183121447001,199.17687855299846
TR-047591,Dry Van,832.3,1774.21,1681.6268536756152,92.58314632438487
TR-047592,Dry Van,325.4,754.97,751.6323267008092,3.337673299190783
TR-047593,Reefer,1197.4,2991.48,2782.9678144572254,208.51218554277466
TR-047594,Dry Van,518.3,1191.82,1133.6807624125715,58.1392375874284
TR-047595,Reefer,308.4,927.59,862.7426493967195,64.84735060328057
TR-047596,Reefer,416.2,1161.51,1128.671821988879,32.838178011121045
TR-047597,Dry Van,979.8,2108.62,2013.5328920772645,95.08710792273541
TR-047598,Reefer,535.7,1375.06,1361.0043832465321,14.055616753467802
TR-047599,Reefer,1151.6,2611.37,2624.9454203367372,13.575420336737352
TR-047600,Dry Van,1006.7,1993.97,1979.8737873800264,14.096212619973585
TR-047601,Dry Van,940.9,1948.36,1874.8133898904136,73.54661010958625
TR-047602,Flatbed,1145.7,2421.4,2416.033038186945,5.366961813055241
TR-047603,Flatbed,270.6,699.65,700.1705487450073,0.5205487450073178
TR-047604,Flatbed,1922.3,3920.05,3914.972370110837,5.0776298891632905
TR-047605,Dry Van,2815.5,5026.75,4909.478528444985,117.27147155501461
TR-047606,Reefer,1395.2,3122.21,3023.3406306091388,98.86936939086127
TR-047607,Flatbed,2132.7,4301.42,4263.210528687746,38.20947131225421
TR-047608,Dry Van,2339.5,4614.73,4427.80392991607,186.92607008392952
TR-047609,Reefer,1557.7,3294.52,3296.8527485712357,2.3327485712356975
TR-047610,Flatbed,1080.6,2559.98,2479.7593526493642,80.22064735063577
TR-047611,Reefer,233.7,660.61,640.709437507239,19.90056249276097
TR-047612,Reefer,1911.1,4203.68,4162.298159161082,41.381840838917924
TR-047613,Dry Van,144.8,403.88,389.7196787968403,14.160321203159697
TR-047614,Reefer,1396.3,3243.76,3128.648427490166,115.11157250983433
TR-047615,Dry Van,463.8,1073.46,1061.7688093585296,11.691190641470484
TR-047616,Flatbed,1912.3,4092.42,3987.1638100236564,105.25618997634365
TR-047617,Dry Van,2609.2,4874.2,4677.423393476105,196.77660652389477
TR-047618,Reefer,1569.1,3464.06,3319.91255365409,144.14744634590988
TR-047619,Dry Van,1723.4,3399.68,3289.2608823777614,110.41911762223845
TR-047620,Flatbed,182.8,539.46,529.0844504845414,10.375549515458601
TR-047621,Dry Van,1527.8,3160.75,3024.5538455797787,136.19615442022132
TR-047622,Reefer,758.8,1856.54,1828.398590546727,28.1414094532729
TR-047623,Dry Van,910.4,2012.18,1910.4381214854127,101.74187851458737
TR-047624,Dry Van,1225.8,2564.63,2458.1416478410756,106.4883521589245
TR-047625,Reefer,2070.0,4277.21,4218.0503995219715,59.15960047802855
TR-047626,Dry Van,138.3,385.1,384.3347117581868,0.7652882418132094
TR-047627,Dry Van,1238.6,2471.08,2368.529437314271,102.55056268572889
TR-047628,Dry Van,310.5,688.18,705.0731107933516,16.89311079335164
TR-047629,Dry Van,1667.7,3398.73,3271.8197268363374,126.91027316366262
TR-047630,Reefer,1248.2,2907.44,2870.567343375347,36.872656624653246
TR-047631,Flatbed,3092.4,5797.06,5701.237989966615,95.8220100333856
TR-047632,Dry Van,707.8,1385.22,1369.2678968098776,15.952103190122443
TR-047633,Dry Van,2260.1,4146.93,3980.667338376497,166.2626616235034
TR-047634,Dry Van,997.8,2093.42,2027.4466284279679,65.97337157203219
TR-047635,Dry Van,2424.6,4355.51,4251.946322915324,103.56367708467587
TR-047636,Dry Van,925.1,1774.25,1707.6823747411927,66.56762525880731
TR-047637,Flatbed,657.5,1606.38,1553.5477033200445,52.83229667995556
TR-047638,Dry Van,968.5,2087.61,2060.1194754478825,27.490524552117677
TR-047639,Dry Van,961.3,2068.13,1935.412551634535,132.7174483654651
TR-047640,Dry Van,697.8,1393.76,1378.045242212561,15.714757787438884
TR-047641,Dry Van,1202.4,2581.13,2509.6689476403862,71.46105235961386
TR-047642,Flatbed,592.5,1378.94,1351.9797359186928,26.960264081307287
TR-047643,Dry Van,2671.6,5279.51,5012.462184525738,267.0478154742623
TR-047644,Dry Van,1836.2,3453.76,3336.2141708092804,117.54582919071981
TR-047645,Dry Van,2512.9,4502.62,4416.15038100207,86.4696189979295
TR-047646,Flatbed,1835.1,4087.37,3971.6588959062888,115.71110409371113
TR-047647,Reefer,668.5,1532.92,1483.860700342964,49.059299657036036
TR-047648,Dry Van,724.1,1647.93,1602.0454303240892,45.884569675910825
TR-047649,Dry Van,2500.5,4892.67,4678.703241553546,213.96675844645415
TR-047650,Flatbed,206.5,601.03,583.8562612969098,17.17373870309018
TR-047651,Dry Van,1738.4,3349.82,3182.9357372996233,166.8842627003769
TR-047652,Reefer,768.6,1898.3,1825.5889747277884,72.7110252722116
TR-047653,Dry Van,868.7,1840.18,1772.656772303142,67.52322769685816
TR-047654,Dry Van,765.2,1635.87,1524.5609985454262,111.30900145457372
TR-047655,Dry Van,794.9,1709.94,1618.0802956369716,91.85970436302841
TR-047656,Reefer,1178.2,2658.31,2535.304397741121,123.00560225887875
TR-047657,Reefer,1125.7,552.14,2461.625872577447,1909.485872577447
TR-047658,Dry Van,246.5,602.47,595.3385380311631,7.131461968836902
TR-047659,Dry Van,2087.6,4068.07,3847.582395847127,220.48760415287325
TR-047660,Dry Van,1580.2,3247.49,3130.5226296956025,116.96737030439726
TR-047661,Dry Van,328.1,864.68,817.1431792813352,47.536820718664785
TR-047662,Dry Van,1261.3,8276.0,2584.13741921939,5691.86258078061
TR-047663,Reefer,1107.4,2573.87,2531.675046927577,42.19495307242278
TR-047664,Dry Van,3104.8,5530.61,5386.996927442275,143.613072557725
TR-047665,Dry Van,1113.4,2292.7,2225.0462996718297,67.65370032817009
TR-047666,Reefer,446.9,1110.85,1078.1723869650416,32.67761303495831
TR-047667,Dry Van,646.4,1352.21,1288.0128667632737,64.19713323672636
TR-047668,Dry Van,824.9,1856.57,1776.7095855456498,79.86041445435012
TR-047669,Flatbed,551.2,1369.62,1323.300019527603,46.31998047239699
TR-047670,Dry Van,776.6,1781.06,1704.2337656943844,76.82623430561557
TR-047671,Flatbed,793.5,1756.84,1758.8910719703265,2.051071970326575
TR-047672,Reefer,183.4,535.76,518.3347161520481,17.425283847951846
TR-047673,Dry Van,822.7,1799.38,1690.0455872461648,109.3344127538353
TR-047674,Reefer,284.2,822.11,791.647437664742,30.462562335257985
TR-047675,Flatbed,2592.4,5216.72,5000.395682005048,216.32431799495225
TR-047676,Reefer,1935.7,4313.84,4222.271567728701,91.56843227129957
TR-047677,Dry Van,447.5,1055.51,1031.6128068597918,23.897193140208174
TR-047678,Reefer,2151.8,4646.88,4552.62570709313,94.25429290687043
TR-047679,Dry Van,1417.6,2993.39,2869.637905023208,123.7520949767918
TR-047680,Dry Van,1175.7,2374.26,2316.5419489641326,57.718051035867575
TR-047681,Dry Van,778.2,1670.64,1576.3960375966417,94.24396240335841
TR-047682,Flatbed,1530.9,3188.2,3126.996994181329,61.203005818671045
TR-047683,Dry Van,1696.3,3388.71,3325.8821766322367,62.82782336776336
TR-047684,Dry Van,1311.1,2595.54,2579.7349693142473,15.805030685752627
TR-047685,Reefer,497.4,1173.21,1167.430406892717,5.779593107283063
TR-047686,Reefer,2523.5,5443.58,5311.452216021749,132.1277839782506
TR-047687,Dry Van,842.1,1735.58,1610.5050944819193,125.07490551808064
TR-047688,Reefer,1184.3,2720.24,2696.8915915939274,23.348408406072394
TR-047689,Dry Van,461.9,1102.45,1067.2806757435526,35.16932425644745
TR-047690,Reefer,288.2,811.26,797.8506529462105,13.409347053789475
TR-047691,Dry Van,2851.8,5264.69,5046.379843880208,218.31015611979183
TR-047692,Dry Van,900.4,1822.65,1771.5448895647503,51.1051104352498
TR-047693,Flatbed,672.6,1566.62,1500.9557555851832,65.66424441481672
TR-047694,Dry Van,2240.8,4492.79,4260.516061696703,232.27393830329675
TR-047695,Dry Van,619.3,1375.3,1327.753580099043,47.54641990095706
TR-047696,Dry Van,1582.9,3265.76,3074.9480499389156,190.81195006108464
TR-047697,Flatbed,1210.4,2802.67,2741.348101881127,61.32189811887292
TR-047698,Dry Van,789.8,1773.38,1706.8569532769077,66.52304672309242
TR-047699,Dry Van,464.1,1114.11,1065.8822330990845,48.22776690091541
TR-047700,Flatbed,409.2,1134.89,1066.9297484485537,67.96025155144639
TR-047701,Dry Van,570.8,1262.99,1266.3653473440793,3.375347344079273
TR-047702,Flatbed,670.3,370.24,1462.2206174430062,1091.9806174430062
TR-047703,Flatbed,78.2,246.59,225.751085296543,20.838914703456993
TR-047704,Reefer,1307.3,3005.3,2946.26746075204,59.03253924796036
TR-047705,Flatbed,418.8,1154.41,1089.0034945762022,65.40650542379785
TR-047706,Dry Van,432.2,1009.87,958.0382930834958,51.83170691650423
TR-047707,Dry Van,579.2,1327.71,1260.9525561278242,66.75744387217583
TR-047708,Reefer,369.6,1000.75,972.4634356169555,28.286564383044492
TR-047709,Dry Van,2979.0,5532.34,5315.0014430378615,217.33855696213868
TR-047710,Dry Van,1190.3,2247.46,2288.830702178263,41.370702178262945
TR-047711,Dry Van,1728.6,3451.23,3267.9099883962394,183.32001160376058
TR-047712,Dry Van,862.6,1851.58,1764.7443901533168,86.83560984668316
TR-047713,Dry Van,500.7,1212.03,1170.9110249364444,41.11897506355558
TR-047714,Dry Van,542.9,1197.57,1166.18573617277,31.384263827229915
TR-047715,Reefer,363.5,958.18,924.0096342314229,34.170365768577085
TR-047716,Reefer,1500.1,3469.99,3334.9491996484676,135.0408003515322
TR-047717,Reefer,1994.0,4434.45,4235.182972484098,199.26702751590165
TR-047718,Dry Van,699.6,1591.71,1519.2022539558266,72.50774604417347
TR-047719,Reefer,306.2,859.86,837.1046435036844,22.755356496315585
TR-047720,Dry Van,1142.3,2463.27,2309.277657166501,153.99234283349915
TR-047721,Dry Van,465.5,1022.08,1009.5523411098638,12.527658890136195
TR-047722,Dry Van,1524.9,3134.03,3024.1062179506516,109.92378204934857
TR-047723,Dry Van,370.3,864.61,828.8456508926321,35.764349107367934
TR-047724,Reefer,1183.7,2620.82,2551.3563156663035,69.46368433369662
TR-047725,Dry Van,2129.3,4171.25,4023.5862337766644,147.66376622333564
TR-047726,Dry Van,1194.3,2395.25,2272.783270941148,122.4667290588518
TR-047727,Dry Van,1148.3,2551.54,2366.031258512663,185.50874148733692
TR-047728,Dry Van,2456.1,4757.71,4497.191766156642,260.51823384335785
TR-047729,Dry Van,226.1,598.72,581.0483608114517,17.671639188548284
TR-047730,Dry Van,1514.9,3021.06,2943.804401661659,77.25559833834086
TR-047731,Dry Van,658.0,1477.27,1341.631761012914,135.63823898708597
TR-047732,Dry Van,201.6,541.2,524.5093211948498,16.69067880515024
TR-047733,Reefer,392.2,987.59,959.5006829567168,28.089317043283245
TR-047734,Flatbed,2008.7,4243.72,4119.199293845044,124.52070615495632
TR-047735,Reefer,1221.1,2664.27,2632.3432307124626,31.926769287537354
TR-047736,Reefer,1689.1,3933.12,3619.135461766786,313.9845382332137
TR-047737,Reefer,839.9,1857.61,1834.1766950551132,23.433304944886686
TR-047738,Dry Van,1633.8,3134.32,2982.8354354314874,151.48456456851272
TR-047739,Dry Van,1149.2,2388.37,2229.686739280869,158.68326071913089
TR-047740,Flatbed,2116.3,4577.61,4350.513177828945,227.09682217105455
TR-047741,Dry Van,446.0,1091.78,1046.1490262871323,45.63097371286767
TR-047742,Reefer,2161.5,4815.8,4551.337926671673,264.4620733283273
TR-047743,Reefer,136.8,104.38,410.12573376987024,305.74573376987024
TR-047744,Dry Van,915.4,1834.95,1739.4264357352993,95.52356426470078
TR-047745,Dry Van,2619.5,4610.22,4613.027194138842,2.8071941388416235
TR-047746,Reefer,2408.8,5077.85,4972.093867335253,105.75613266474738
TR-047747,Dry Van,946.8,1871.61,1806.4132216254995,65.19677837450035
TR-047748,Dry Van,651.2,1281.55,1272.9328047851948,8.617195214805179
TR-047749,Dry Van,467.6,998.55,988.3624112520298,10.187588747970153
TR-047750,Dry Van,2058.6,4007.09,3875.582921144916,131.50707885508427
TR-047751,Reefer,1752.5,3863.28,3805.0408304377056,58.23916956229459
TR-047752,Reefer,471.5,1317.88,1245.6243677233845,72.25563227661564
TR-047753,Dry Van,878.1,1839.63,1732.4038528992348,107.22614710076527
TR-047754,Flatbed,1131.3,2338.56,2297.7957460181656,40.76425398183437
TR-047755,Reefer,982.4,2331.19,2246.855691211215,84.33430878878517
TR-047756,Reefer,2449.0,5356.55,5153.57766788207,202.9723321179299
TR-047757,Reefer,2735.6,5369.38,5283.840829294269,85.53917070573152
TR-047758,Reefer,1012.2,2288.61,2240.0841590920177,48.525840907982456
TR-047759,Dry Van,347.5,858.63,821.573691903259,37.05630809674096
TR-047760,Reefer,858.1,2020.71,1918.159921763529,102.55007823647111
TR-047761,Reefer,1230.4,2982.91,2870.562376613412,112.34762338658766
TR-047762,Dry Van,2768.3,5281.62,5068.880263342791,212.7397366572086
TR-047763,Reefer,986.6,2309.11,2236.3905975103585,72.71940248964165
TR-047764,Reefer,856.0,2099.94,2060.8741232268058,39.065876773194304
TR-047765,Dry Van,1900.7,3771.54,3685.505595739693,86.03440426030693
TR-047766,Dry Van,2190.0,4121.98,4007.7063115843494,114.27368841565021
TR-047767,Reefer,113.4,371.98,336.2559654403428,35.72403455965724
TR-047768,Flatbed,1151.3,2543.77,2434.028681713179,109.74131828682084
TR-047769,Dry Van,839.3,1651.48,1607.9337269281793,43.54627307182068
TR-047770,Flatbed,397.6,947.08,960.7869938065403,13.706993806540254
TR-047771,Flatbed,1986.6,4036.76,4011.1716960431468,25.58830395685345
TR-047772,Reefer,530.2,1362.09,1330.1624645633344,31.927535436665494
TR-047773,Reefer,480.5,1137.26,1136.0411461206818,1.2188538793182033
TR-047774,Dry Van,1704.6,3282.64,3173.8924967948,108.74750320519979
TR-047775,Dry Van,692.5,1449.52,1354.4715190308757,95.04848096912428
TR-047776,Dry Van,1196.3,2360.09,2270.4892150518212,89.6007849481789
TR-047777,Flatbed,3094.9,6393.83,6008.364379042468,385.46562095753234
TR-047778,Dry Van,457.0,1120.44,1072.544145808391,47.89585419160903
TR-047779,Flatbed,919.6,1973.74,1896.3181240701883,77.42187592981168
TR-047780,Flatbed,396.9,1009.07,997.9827727484654,11.087227251534614
TR-047781,Dry Van,1122.2,2420.89,2316.1948769137916,104.69512308620824
TR-047782,Dry Van,2558.4,4697.23,4537.618327443615,159.6116725563843
TR-047783,Dry Van,1225.6,2639.31,2529.2738095986256,110.03619040137437
TR-047784,Flatbed,479.5,1199.51,1175.356145742509,24.153854257491048
TR-047785,Reefer,363.1,975.31,953.9958726908216,21.31412730917839
TR-047786,Dry Van,2007.6,4067.77,3930.7574558291763,137.01254417082373
TR-047787,Reefer,511.7,1296.79,1269.99844172231,26.79155827769
TR-047788,Dry Van,2464.2,4760.41,4571.713355412135,188.6966445878652
TR-047789,Dry Van,672.1,1544.73,1489.2557139480089,55.47428605199116
TR-047790,Reefer,786.1,1814.99,1755.5202082804408,59.469791719559225
TR-047791,Dry Van,305.8,734.35,739.2151069190313,4.865106919031291
TR-047792,Dry Van,717.5,1613.34,1571.073623801122,42.26637619887788
TR-047793,Flatbed,970.7,2255.27,2225.663886851182,29.606113148818167
TR-047794,Dry Van,1881.6,3558.09,3456.252370492584,101.8376295074163
TR-047795,Reefer,741.1,1782.82,1703.9444145739192,78.87558542608076
TR-047796,Flatbed,239.2,227.15,666.8594118218934,439.70941182189347
TR-047797,Dry Van,711.6,1677.55,1601.0575020784147,76.49249792158525
TR-047798,Dry Van,1240.0,2600.14,2534.9504003526745,65.1895996473254
TR-047799,Dry Van,631.4,1440.59,1388.1000029853233,52.489997014676646
TR-047800,Flatbed,2145.7,4466.72,4417.791661746676,48.928338253324
TR-047801,Dry Van,675.7,1518.01,1463.581935305454,54.42806469454604
TR-047802,Dry Van,849.4,1753.32,1688.5398564400484,64.78014355995151
TR-047803,Flatbed,459.3,1163.6,1156.0084873404442,7.591512659555747
TR-047804,Reefer,2139.6,4403.34,4281.4622647208635,121.87773527913669
TR-047805,Reefer,855.8,2043.4,1968.6801907088334,74.71980929116671
TR-047806,Dry Van,2250.4,4158.35,4012.017013028203,146.33298697179725
TR-047807,Dry Van,1311.1,2463.2,2473.7589117701123,10.558911770112445
TR-047808,Reefer,1084.1,2390.13,2368.5697005184725,21.560299481527636
TR-047809,Dry Van,908.7,1819.36,1810.9836905472876,8.376309452712349
TR-047810,Dry Van,2041.1,3985.1,3891.066764471082,94.03323552891788
TR-047811,Dry Van,811.8,1612.1,1568.5160518051196,43.58394819488035
TR-047812,Dry Van,323.5,766.77,760.0587008786538,6.711299121346201
TR-047813,Dry Van,278.0,673.77,649.32992294025,24.440077059750024
TR-047814,Reefer,890.4,1927.01,1944.9595935432974,17.949593543297397
TR-047815,Reefer,196.7,611.85,574.8978168724007,36.95218312759937
TR-047816,Dry Van,1732.4,3137.04,3173.7622566263044,36.72225662630444
TR-047817,Reefer,1481.0,3474.52,3340.4007307521647,134.1192692478353
TR-047818,Dry Van,668.3,1465.84,1404.20257713639,61.63742286361003
TR-047819,Dry Van,1730.4,3234.9,3173.427122142045,61.472877857955154
TR-047820,Flatbed,409.9,1037.63,1022.9372625145738,14.692737485426278
TR-047821,Reefer,1722.4,9939.89,3856.3581887658106,6083.531811234188
TR-047822,Flatbed,1046.0,2533.96,2405.392032018446,128.56796798155392
TR-047823,Reefer,2536.4,5043.29,4930.313955140436,112.97604485956435
TR-047824,Dry Van,451.6,1019.9,1028.0659022494726,8.165902249472651
TR-047825,Dry Van,992.1,2182.09,2101.929959483136,80.16004051686423
TR-047826,Dry Van,594.5,1312.38,1229.4493759649392,82.93062403506087
TR-047827,Dry Van,386.6,863.6,854.8230449906395,8.776955009360563
TR-047828,Dry Van,1088.0,2233.22,2161.376282210377,71.84371778962259
TR-047829,Flatbed,894.5,1987.95,1913.480904458371,74.46909554162903
TR-047830,Flatbed,1405.0,2865.04,2880.8314331524098,15.791433152409809
TR-047831,Dry Van,2958.8,5261.3,5142.439325710292,118.86067428970819
TR-047832,Dry Van,969.9,1956.59,1856.2655658271763,100.32443417282366
TR-047833,Flatbed,281.0,718.63,724.4319604297442,5.801960429744213
TR-047834,Dry Van,2639.4,5079.05,4889.698755892545,189.3512441074554
TR-047835,Dry Van,185.1,477.89,484.055672475483,6.165672475483007
TR-047836,Dry Van,1220.6,2529.12,2421.902580788347,107.21741921165267
TR-047837,Flatbed,1829.0,3755.65,3768.7796804091963,13.129680409196226
TR-047838,Reefer,1188.3,2813.02,2731.2518306046563,81.76816939534365
TR-047839,Flatbed,316.5,798.38,790.6249678957777,7.755032104222323
TR-047840,Dry Van,1139.5,772.61,2290.0457338180645,1517.4357338180644
TR-047841,Dry Van,706.5,1628.64,1579.1796449963665,49.460355003633595
TR-047842,Dry Van,451.6,1037.85,993.6336975354758,44.21630246452412
TR-047843,Reefer,1232.0,3006.47,2821.1403553479972,185.32964465200257
TR-047844,Dry Van,470.7,1162.01,1103.8172684287517,58.19273157124826
TR-047845,Dry Van,855.0,1648.06,1610.3864534497884,37.67354655021154
TR-047846,Dry Van,284.4,734.99,712.461282561013,22.528717438986973
TR-047847,Dry Van,488.1,1236.93,1157.4338742395726,79.4961257604275
TR-047848,Dry Van,2013.7,3562.85,3565.957230359139,3.1072303591390664
TR-047849,Flatbed,614.2,1502.63,1443.7605191661469,58.86948083385323
TR-047850,Dry Van,2139.5,3933.98,3856.5155940348513,77.46440596514867
TR-047851,Dry Van,538.3,1191.61,1203.1268927382523,11.516892738252409
TR-047852,Reefer,1150.4,2620.28,2496.1217455505825,124.15825444941765
TR-047853,Dry Van,451.4,997.09,990.0526491016656,7.037350898334466
TR-047854,Flatbed,257.2,739.26,710.0549547078183,29.205045292181694
TR-047855,Dry Van,546.6,1152.24,1126.3681279173663,25.871872082633672
TR-047856,Dry Van,1115.4,2145.81,2044.122616917624,101.68738308237585
TR-047857,Dry Van,1215.3,2506.8,2367.4024303696187,139.39756963038144
TR-047858,Dry Van,308.7,703.44,698.83309573274,4.606904267260006
TR-047859,Reefer,1035.4,2371.11,2254.216859202316,116.89314079768428
TR-047860,Dry Van,904.6,1782.08,1727.5172628151233,54.562737184876596
TR-047861,Flatbed,759.7,1711.56,1684.571530086249,26.988469913751032
TR-047862,Dry Van,131.1,355.88,342.06395560367156,13.816044396328437
TR-047863,Dry Van,242.2,577.77,557.7272751384991,20.042724861500915
TR-047864,Flatbed,1533.1,3135.27,3100.279408755104,34.99059124489577
TR-047865,Dry Van,2085.8,3874.49,3799.1125877987415,75.37741220125827
TR-047866,Flatbed,298.3,746.12,761.7177592368794,15.59775923687937
TR-047867,Flatbed,744.3,1646.65,1642.2154278344074,4.434572165592726
TR-047868,Reefer,1547.4,3529.14,3387.921998115945,141.21800188405496
TR-047869,Flatbed,835.6,1892.15,1778.872358890303,113.27764110969702
TR-047870,Dry Van,989.7,2033.55,1992.7376441219126,40.812355878087374
TR-047871,Flatbed,329.6,854.46,851.8245645616803,2.635435438319746
TR-047872,Dry Van,1204.2,2493.55,2376.043653237805,117.50634676219534
TR-047873,Reefer,1181.8,2766.59,2691.7630659659417,74.82693403405847
TR-047874,Reefer,1264.6,2787.97,2686.2784274596343,101.69157254036554
TR-047875,Dry Van,749.0,1565.76,1496.7246312936127,69.03536870638732
TR-047876,Dry Van,1083.1,2282.64,2185.557136833261,97.08286316673866
TR-047877,Dry Van,305.4,788.83,759.9714150699009,28.85858493009914
TR-047878,Dry Van,887.6,1716.52,1626.4436940262487,90.07630597375123
TR-047879,Dry Van,413.0,888.23,885.3860458680391,2.8439541319609134
TR-047880,Dry Van,565.4,1264.64,1188.5560059481477,76.08399405185241
TR-047881,Reefer,2548.0,5507.65,5322.616827361863,185.03317263813642
TR-047882,Dry Van,2093.9,4049.65,3842.428239961448,207.22176003855202
TR-047883,Flatbed,853.9,1756.24,1740.5461560890876,15.693843910912392
TR-047884,Dry Van,764.9,1596.37,1519.881938397935,76.48806160206482
TR-047885,Reefer,656.8,1454.79,1444.1569856455296,10.633014354470333
TR-047886,Flatbed,271.0,760.7,720.3294053592242,40.370594640775835
TR-047887,Dry Van,450.0,1078.09,1055.342487721302,22.747512278697968
TR-047888,Flatbed,184.1,525.91,506.5243812073919,19.385618792608057
TR-047889,Flatbed,635.4,1536.02,1479.3617321856768,56.65826781432315
TR-047890,Dry Van,196.3,561.02,533.5847271010638,27.435272898936205
TR-047891,Dry Van,199.4,552.6,531.9423245547807,20.657675445219297
TR-047892,Reefer,477.0,1254.05,1203.745470777421,50.30452922257905
TR-047893,Dry Van,3090.5,5877.77,5546.57861606263,331.1913839373701
TR-047894,Dry Van,142.6,406.71,391.2930055353709,15.416994464629056
TR-047895,Flatbed,878.9,1803.86,1768.7446532965769,35.11534670342303
TR-047896,Flatbed,677.9,1484.36,1440.7239489177803,43.63605108221964
TR-047897,Dry Van,967.2,1920.32,1907.90884089042,12.411159109580012
TR-047898,Dry Van,965.5,1935.63,1865.9936802560196,69.6363197439805
TR-047899,Dry Van,559.2,389.18,1170.7600141707399,781.5800141707398
TR-047900,Reefer,864.1,1936.26,1849.0249073559949,87.23509264400514
TR-047901,Dry Van,183.2,498.57,484.92764494801133,13.642355051988659
TR-047902,Dry Van,566.3,1298.84,1231.2335073210172,67.6064926789827
TR-047903,Reefer,1517.0,3544.7,3486.5826843561913,58.117315643808524
TR-047904,Dry Van,1584.9,3014.39,2917.6274045260725,96.76259547392738
TR-047905,Flatbed,443.1,1193.87,1136.5879395281818,57.28206047181811
TR-047906,Dry Van,1529.9,2972.61,2846.9129583936046,125.69704160639549
TR-047907,Dry Van,386.0,889.76,857.1350734757251,32.62492652427488
TR-047908,Reefer,999.7,2196.67,2236.948654795138,40.278654795137754
TR-047909,Dry Van,1831.9,3726.44,3392.960103897437,333.4798961025631
TR-047910,Dry Van,1904.2,3806.72,3598.8262093254057,207.89379067459413
TR-047911,Dry Van,2182.6,4081.47,3980.1528774950066,101.31712250499322
TR-047912,Dry Van,844.4,1776.62,1723.9839418310512,52.63605816894869
TR-047913,Flatbed,72.8,225.89,216.2763441369629,9.613655863037081
TR-047914,Dry Van,638.3,1428.79,1408.6084939982343,20.181506001765683
TR-047915,Dry Van,700.0,1520.95,1403.6205236392466,117.32947636075346
TR-047916,Dry Van,889.2,1964.56,1858.3800479484835,106.17995205151647
TR-047917,Reefer,2147.8,4747.86,4603.092554480654,144.76744551934553
TR-047918,Dry Van,626.4,1423.65,1390.35632474243,33.29367525757016
TR-047919,Dry Van,2115.8,4047.69,3914.862612408592,132.82738759140784
TR-047920,Dry Van,1986.1,3750.58,3719.5784987241873,31.001501275812643
TR-047921,Dry Van,1005.3,2241.06,2112.342294708246,128.7177052917541
TR-047922,Flatbed,831.9,1862.13,1866.4138579817093,4.283857981709161
TR-047923,Flatbed,615.7,1487.72,1445.4368286538381,42.28317134616191
TR-047924,Dry Van,1334.7,2781.65,2621.4583114218212,160.19168857817886
TR-047925,Dry Van,1501.7,3013.52,2899.412613915358,114.1073860846418
TR-047926,Dry Van,705.2,1624.99,1541.3786158439489,83.61138415605114
TR-047927,Flatbed,367.0,928.29,895.2134272770139,33.07657272298604
TR-047928,Dry Van,177.0,464.45,457.56043668455106,6.889563315448925
TR-047929,Dry Van,1139.1,2419.63,2267.5537710150884,152.07622898491172
TR-047930,Dry Van,564.5,1245.87,1213.9490334447016,31.920966555298264
TR-047931,Dry Van,1008.1,2083.49,2059.9066247891506,23.583375210849226
TR-047932,Dry Van,916.6,2105.01,1951.009214592532,154.00078540746813
TR-047933,Dry Van,2412.3,4779.53,4400.328811626738,379.2011883732621
TR-047934,Flatbed,798.8,1694.68,1692.2360038485097,2.44399615149041
TR-047935,Dry Van,330.2,757.39,744.7805854612177,12.60941453878229
TR-047936,Dry Van,2016.8,4018.5,3778.515956078076,239.98404392192379
TR-047937,Flatbed,388.8,914.89,903.0400697442069,11.849930255793083
TR-047938,Dry Van,451.9,1148.08,1088.9708878342071,59.109112165792794
TR-047939,Dry Van,3003.7,5543.53,5235.742227131245,307.7877728687545
TR-047940,Dry Van,863.3,1865.96,1772.5655030668602,93.39449693313986
TR-047941,Dry Van,399.1,920.97,938.6167378158445,17.646737815844517
TR-047942,Reefer,939.9,2285.41,2148.167589857334,137.2424101426659
TR-047943,Dry Van,1857.4,3381.99,3352.2798543726635,29.71014562733626
TR-047944,Reefer,1350.6,3118.76,3010.5673428489076,108.19265715109259
TR-047945,Reefer,2261.2,5091.54,4806.561309648603,284.97869035139684
TR-047946,Flatbed,646.1,1509.1,1457.8268978675665,51.27310213243345
TR-047947,Flatbed,1014.4,2269.05,2223.8138811272074,45.23611887279276
TR-047948,Dry Van,2641.9,4788.74,4578.96664753892,209.7733524610794
TR-047949,Dry Van,121.8,337.43,326.62852323335807,10.80147676664194
TR-047950,Dry Van,2075.2,4091.21,3879.81324496289,211.39675503710987
TR-047951,Dry Van,830.8,1803.63,1749.7437833402066,53.88621665979349
TR-047952,Dry Van,908.1,1832.95,1777.7535834370162,55.19641656298381
TR-047953,Dry Van,873.0,1872.97,1747.673503102917,125.29649689708299
TR-047954,Dry Van,1173.6,2435.84,2361.37872969464,74.46127030536036
TR-047955,Dry Van,1953.3,4018.16,3772.956832858297,245.20316714170303
TR-047956,Reefer,964.6,2252.0,2176.9015755592045,75.0984244407955
TR-047957,Dry Van,1569.9,3142.24,3052.6928726379706,89.54712736202919
TR-047958,Dry Van,2314.4,4321.21,4135.593710207277,185.61628979272336
TR-047959,Dry Van,184.3,486.72,491.46731834012394,4.747318340123911
TR-047960,Dry Van,1574.5,3166.71,3059.630957685086,107.0790423149142
TR-047961,Dry Van,1788.8,3440.82,3336.8729751768024,103.94702482319781
TR-047962,Reefer,70.0,241.41,211.822880916103,29.587119083896994
TR-047963,Reefer,1731.7,3897.49,3768.7001694745422,128.78983052545755
TR-047964,Reefer,750.6,1730.14,1680.276923960865,49.863076039135194
TR-047965,Dry Van,1232.6,2612.25,2525.67901700419,86.57098299581003
TR-047966,Dry Van,1031.2,2131.84,1998.964838252997,132.87516174700318
TR-047967,Reefer,1868.5,4242.21,4177.74676463837,64.46323536162981
TR-047968,Dry Van,2029.5,4143.03,3860.6007629579776,282.4292370420221
TR-047969,Flatbed,1320.8,2756.18,2624.3117313391817,131.8682686608181
TR-047970,Flatbed,1160.2,2578.62,2412.3052034737566,166.3147965262433
TR-047971,Reefer,414.4,1140.1,1093.663930976049,46.43606902395095
TR-047972,Reefer,816.3,1856.36,1764.2760731548904,92.08392684510954
TR-047973,Reefer,283.3,780.73,742.183628148929,38.54637185107106
TR-047974,Dry Van,238.9,575.35,555.7152520205061,19.63474797949391
TR-047975,Dry Van,1605.1,3168.5,3162.0609167266075,6.439083273392498
TR-047976,Dry Van,1306.0,2373.86,2443.5101959395447,69.65019593954457
TR-047977,Dry Van,132.4,361.79,362.9931857456035,1.2031857456034913
TR-047978,Flatbed,858.6,1861.13,1792.6410850691552,68.48891493084489
TR-047979,Dry Van,80.1,210.91,206.59564310879537,4.314356891204625
TR-047980,Reefer,2784.4,5609.53,5434.544689545581,174.98531045441905
TR-047981,Dry Van,1588.9,3381.74,3142.3450300539816,239.39496994601814
TR-047982,Dry Van,2144.0,3993.28,3851.3878848688832,141.89211513111695
TR-047983,Dry Van,337.5,890.41,841.9095991793585,48.50040082064152
TR-047984,Reefer,1890.3,4368.15,4230.44416232094,137.7058376790592
TR-047985,Dry Van,3396.6,6482.04,6243.603190741621,238.43680925837907
TR-047986,Dry Van,1101.8,2257.13,2152.646109165377,104.48389083462325
TR-047987,Reefer,303.4,863.24,841.463518767784,21.776481232216042
TR-047988,Dry Van,325.2,809.92,791.3426707953566,18.57732920464332
TR-047989,Dry Van,1951.5,3792.58,3640.4694315549045,152.1105684450954
TR-047990,Reefer,314.9,855.05,835.2336894941992,19.816310505800743
TR-047991,Reefer,681.1,1703.72,1630.270662328284,73.44933767171597
TR-047992,Flatbed,1788.3,3804.9,3743.631441696616,61.268558303384
TR-047993,Reefer,457.0,5561.19,1172.8845675656053,4388.305432434394
TR-047994,Dry Van,2295.2,4371.59,4112.970395507354,258.61960449264643
TR-047995,Dry Van,1297.5,2682.29,2545.56295873505,136.72704126495
TR-047996,Flatbed,1830.9,3787.32,3679.0442320247766,108.27576797522352
TR-047997,Reefer,445.8,1171.93,1145.4712153172136,26.458784682786472
TR-047998,Flatbed,267.9,713.36,684.1081446071668,29.25185539283325
TR-047999,Flatbed,1901.3,3987.46,3913.1453292570704,74.3146707429296
TR-048000,Dry Van,2860.4,5264.84,5076.735157656899,188.10484234310115
